date,season,home_team,away_team,home_goals,away_goals,result,home_goals_ht,away_goals_ht,home_shots,away_shots,home_shots_ot,away_shots_ot,home_corners,away_corners,referee,odds_home,odds_draw,odds_away,home_xg,away_xg
2020-09-12,2020-2021,Fulham,Arsenal,0,3,AWAY_TEAM,0,1,5,13,2,6,2,3,C Kavanagh,5.94,4.34,1.55,0.126327,2.16287
2020-09-12,2020-2021,Crystal Palace,Southampton,1,0,HOME_TEAM,1,0,5,9,3,5,7,3,J Moss,3.18,3.22,2.39,1.39569,1.26267
2020-09-12,2020-2021,Liverpool,Leeds,4,3,HOME_TEAM,3,2,22,6,6,3,9,0,M Oliver,1.3,5.96,9.68,3.15412,0.269813
2020-09-12,2020-2021,West Ham,Newcastle,0,2,AWAY_TEAM,0,0,15,15,3,2,8,7,S Attwell,2.15,3.48,3.42,0.861445,1.65911
2020-09-13,2020-2021,West Brom,Leicester,0,3,AWAY_TEAM,0,0,7,13,1,7,2,5,A Taylor,3.87,3.57,1.97,0.352997,2.95581
2020-09-13,2020-2021,Tottenham,Everton,0,1,AWAY_TEAM,0,0,9,15,5,4,5,3,M Atkinson,1.9,3.55,4.2,0.822944,1.26793
2020-09-14,2020-2021,Brighton,Chelsea,1,3,AWAY_TEAM,0,1,13,10,3,5,4,3,C Pawson,5.12,4.13,1.65,1.44281,1.27062
2020-09-14,2020-2021,Sheffield United,Wolves,0,2,AWAY_TEAM,0,2,9,11,2,4,12,5,M Dean,3.36,3.0,2.41,0.949316,1.61307
2020-09-19,2020-2021,Everton,West Brom,5,2,HOME_TEAM,2,1,17,6,7,4,11,1,M Dean,1.54,4.25,6.3,4.16254,0.315347
2020-09-19,2020-2021,Leeds,Fulham,4,3,HOME_TEAM,2,1,10,14,7,6,5,3,A Taylor,1.64,3.97,5.5,1.45254,1.55503
2020-09-19,2020-2021,Man United,Crystal Palace,1,3,AWAY_TEAM,0,1,13,14,4,5,9,3,M Atkinson,1.32,5.57,9.56,1.09737,1.91456
2020-09-19,2020-2021,Arsenal,West Ham,2,1,HOME_TEAM,1,1,7,14,3,3,7,5,M Oliver,1.53,4.51,5.91,1.32902,2.06377
2020-09-20,2020-2021,Southampton,Tottenham,2,5,AWAY_TEAM,1,1,14,9,7,6,3,2,D Coote,3.1,3.35,2.37,2.27708,2.28004
2020-09-20,2020-2021,Newcastle,Brighton,0,3,AWAY_TEAM,0,2,6,13,0,6,7,1,K Friend,2.68,3.15,2.82,0.520678,1.8766
2020-09-20,2020-2021,Chelsea,Liverpool,0,2,AWAY_TEAM,0,0,5,18,3,6,1,11,P Tierney,3.15,3.72,2.18,0.904183,2.25211
2020-09-20,2020-2021,Leicester,Burnley,4,2,HOME_TEAM,1,1,14,16,6,5,15,4,L Mason,1.63,3.98,5.64,0.987365,1.52404
2020-09-21,2020-2021,Wolves,Man City,1,3,AWAY_TEAM,0,2,10,14,1,9,4,6,A Marriner,6.11,4.35,1.54,0.727677,2.07651
2020-09-21,2020-2021,Aston Villa,Sheffield United,1,0,HOME_TEAM,0,0,18,4,2,1,10,4,G Scott,2.71,3.19,2.75,0.80527,0.849709
2020-09-26,2020-2021,Brighton,Man United,2,3,AWAY_TEAM,1,1,18,7,5,3,7,1,C Kavanagh,4.83,3.75,1.75,2.97659,1.57583
2020-09-26,2020-2021,Crystal Palace,Everton,1,2,AWAY_TEAM,1,2,8,10,1,5,7,6,K Friend,3.69,3.32,2.12,0.443115,2.27189
2020-09-26,2020-2021,West Brom,Chelsea,3,3,DRAW,3,0,9,22,3,10,3,9,J Moss,8.24,5.02,1.38,0.911185,2.36046
2020-09-26,2020-2021,Burnley,Southampton,0,1,AWAY_TEAM,0,1,10,5,2,1,8,2,A Marriner,3.3,3.25,2.31,0.347136,0.706632
2020-09-27,2020-2021,West Ham,Wolves,4,0,HOME_TEAM,1,0,15,11,7,2,1,3,M Atkinson,3.74,3.38,2.07,3.05703,0.385152
2020-09-27,2020-2021,Sheffield United,Leeds,0,1,AWAY_TEAM,0,0,14,17,4,9,5,7,P Tierney,2.72,3.37,2.63,1.53278,1.46641
2020-09-27,2020-2021,Tottenham,Newcastle,1,1,DRAW,1,0,23,6,12,1,10,4,P Bankes,1.47,4.5,6.95,3.18765,0.942726
2020-09-27,2020-2021,Man City,Leicester,2,5,AWAY_TEAM,1,1,16,7,5,7,3,4,M Oliver,1.29,5.93,9.68,1.44633,2.86721
2020-09-28,2020-2021,Fulham,Aston Villa,0,3,AWAY_TEAM,0,2,16,12,3,5,5,3,S Attwell,2.92,3.26,2.52,0.534675,2.03222
2020-09-28,2020-2021,Liverpool,Arsenal,3,1,HOME_TEAM,2,1,21,4,8,3,7,3,C Pawson,1.49,4.68,6.3,2.73834,1.17817
2020-10-03,2020-2021,Chelsea,Crystal Palace,4,0,HOME_TEAM,0,0,17,4,6,0,8,5,M Oliver,1.43,4.77,7.39,2.51433,0.103249
2020-10-03,2020-2021,Everton,Brighton,4,2,HOME_TEAM,2,1,11,11,6,3,3,10,S Hooper,1.76,3.73,4.79,2.34034,1.16568
2020-10-03,2020-2021,Leeds,Man City,1,1,DRAW,0,1,12,23,7,2,7,10,M Dean,7.45,5.34,1.38,2.56662,1.41533
2020-10-03,2020-2021,Newcastle,Burnley,3,1,HOME_TEAM,1,0,10,7,5,3,3,4,D Coote,2.47,3.15,3.08,1.95629,0.438849
2020-10-04,2020-2021,Man United,Tottenham,1,6,AWAY_TEAM,1,4,5,22,2,8,2,4,A Taylor,1.92,3.71,3.97,0.873435,3.3017
2020-10-04,2020-2021,Aston Villa,Liverpool,7,2,HOME_TEAM,4,1,18,14,11,8,2,7,M Atkinson,9.35,5.41,1.33,3.07626,1.65705
2020-10-04,2020-2021,Wolves,Fulham,1,0,HOME_TEAM,0,0,14,10,5,2,6,2,D England,1.51,4.07,7.19,0.89359,0.969393
2020-10-04,2020-2021,Leicester,West Ham,0,3,AWAY_TEAM,0,2,4,14,0,6,6,4,A Madley,1.68,4.12,4.86,0.456022,2.03227
2020-10-04,2020-2021,Southampton,West Brom,2,0,HOME_TEAM,1,0,13,5,7,2,5,1,C Kavanagh,1.76,3.86,4.58,0.949079,0.161283
2020-10-04,2020-2021,Arsenal,Sheffield United,2,1,HOME_TEAM,0,0,6,6,5,2,2,4,L Mason,1.56,4.09,6.25,0.667131,0.144994
2020-10-17,2020-2021,Everton,Liverpool,2,2,DRAW,1,1,11,22,5,8,2,5,M Oliver,3.91,4.08,1.85,1.35998,2.49492
2020-10-17,2020-2021,Chelsea,Southampton,3,3,DRAW,2,1,11,13,5,6,6,2,P Bankes,1.53,4.56,5.92,1.98708,1.42348
2020-10-17,2020-2021,Man City,Arsenal,1,0,HOME_TEAM,1,0,13,11,5,3,6,6,C Kavanagh,1.49,4.85,6.09,1.43023,0.838322
2020-10-17,2020-2021,Newcastle,Man United,1,4,AWAY_TEAM,1,1,7,28,4,14,0,7,C Pawson,4.78,4.08,1.7,0.867496,2.21729
2020-10-18,2020-2021,Sheffield United,Fulham,1,1,DRAW,0,0,10,15,6,6,2,5,A Marriner,2.11,3.32,3.74,1.66363,1.35611
2020-10-18,2020-2021,Crystal Palace,Brighton,1,1,DRAW,1,0,1,20,1,3,2,5,S Attwell,2.68,3.25,2.76,0.761169,1.0935
2020-10-18,2020-2021,Tottenham,West Ham,3,3,DRAW,3,0,11,13,6,4,3,7,P Tierney,1.62,4.19,5.34,1.77602,1.49992
2020-10-18,2020-2021,Leicester,Aston Villa,0,1,AWAY_TEAM,0,0,11,10,5,4,2,7,J Moss,1.89,3.82,3.97,0.671595,0.873776
2020-10-19,2020-2021,West Brom,Burnley,0,0,DRAW,0,0,13,9,6,4,8,2,A Taylor,2.49,3.3,2.97,0.731692,1.08532
2020-10-19,2020-2021,Leeds,Wolves,0,1,AWAY_TEAM,0,0,13,7,2,3,8,3,D Coote,2.5,3.26,2.97,1.08332,0.618191
2020-10-23,2020-2021,Aston Villa,Leeds,0,3,AWAY_TEAM,0,0,12,27,4,9,6,5,P Tierney,2.11,3.75,3.33,1.50125,2.37695
2020-10-24,2020-2021,Liverpool,Sheffield United,2,1,HOME_TEAM,1,1,17,13,5,2,7,3,M Dean,1.25,6.36,11.55,2.40286,1.39788
2020-10-24,2020-2021,Man United,Chelsea,0,0,DRAW,0,0,14,6,4,1,9,6,M Atkinson,2.38,3.59,2.9,0.648427,0.219906
2020-10-24,2020-2021,Fulham,Crystal Palace,1,2,AWAY_TEAM,0,1,16,14,3,10,4,4,G Scott,2.74,3.14,2.77,1.05258,2.81049
2020-10-24,2020-2021,West Ham,Man City,1,1,DRAW,1,0,6,14,2,7,2,10,A Taylor,7.2,5.16,1.41,0.263739,0.892456
2020-10-25,2020-2021,Southampton,Everton,2,0,HOME_TEAM,2,0,12,6,6,2,4,5,K Friend,2.78,3.47,2.54,0.74151,0.287054
2020-10-25,2020-2021,Wolves,Newcastle,1,1,DRAW,0,0,16,5,3,2,2,3,L Mason,1.78,3.49,5.16,0.758626,0.253685
2020-10-25,2020-2021,Arsenal,Leicester,0,1,AWAY_TEAM,0,0,12,6,4,2,9,3,C Pawson,1.93,3.74,3.92,0.73944,0.736172
2020-10-26,2020-2021,Brighton,West Brom,1,1,DRAW,1,0,5,9,3,3,6,2,J Moss,1.75,3.93,4.61,0.546807,0.295654
2020-10-26,2020-2021,Burnley,Tottenham,0,1,AWAY_TEAM,0,0,13,9,4,3,4,5,M Oliver,5.49,4.02,1.63,0.95045,0.797344
2020-10-30,2020-2021,Wolves,Crystal Palace,2,0,HOME_TEAM,2,0,15,11,5,2,7,6,M Atkinson,2.05,3.13,4.27,1.34895,0.802767
2020-10-31,2020-2021,Sheffield United,Man City,0,1,AWAY_TEAM,0,1,5,16,1,8,2,5,M Oliver,9.43,5.76,1.31,0.687544,1.89643
2020-10-31,2020-2021,Burnley,Chelsea,0,3,AWAY_TEAM,0,1,5,14,0,9,3,4,D Coote,6.05,4.37,1.54,0.407341,1.23077
2020-10-31,2020-2021,Liverpool,West Ham,2,1,HOME_TEAM,1,1,9,4,5,3,1,2,K Friend,1.39,5.26,7.43,1.56302,0.269048
2020-11-01,2020-2021,Man United,Arsenal,0,1,AWAY_TEAM,0,0,8,7,2,2,6,3,M Dean,2.04,3.66,3.58,0.394113,0.998072
2020-11-01,2020-2021,Aston Villa,Southampton,3,4,AWAY_TEAM,0,3,19,9,10,4,11,1,D England,2.46,3.6,2.78,2.44855,1.00333
2020-11-01,2020-2021,Newcastle,Everton,2,1,HOME_TEAM,0,0,11,15,4,4,5,4,S Attwell,3.71,3.47,2.06,2.6311,1.21805
2020-11-01,2020-2021,Tottenham,Brighton,2,1,HOME_TEAM,1,0,9,6,3,2,4,5,G Scott,1.63,4.17,5.29,1.97236,0.324457
2020-11-02,2020-2021,Leeds,Leicester,1,4,AWAY_TEAM,0,2,11,10,4,8,10,3,A Marriner,2.56,3.56,2.68,1.74822,3.07657
2020-11-02,2020-2021,Fulham,West Brom,2,0,HOME_TEAM,2,0,13,10,6,1,5,2,S Hooper,2.44,3.32,3.01,1.62247,0.482685
2020-11-06,2020-2021,Brighton,Burnley,0,0,DRAW,0,0,19,4,3,1,5,3,M Dean,1.9,3.48,4.42,1.59022,0.326933
2020-11-06,2020-2021,Southampton,Newcastle,2,0,HOME_TEAM,1,0,15,4,8,2,8,3,P Bankes,2.04,3.58,3.7,0.985828,0.175633
2020-11-07,2020-2021,Everton,Man United,1,3,AWAY_TEAM,1,2,7,13,1,5,5,2,P Tierney,2.91,3.52,2.42,0.376464,1.59642
2020-11-07,2020-2021,Crystal Palace,Leeds,4,1,HOME_TEAM,3,1,10,9,6,3,3,6,C Kavanagh,2.92,3.37,2.47,1.30169,0.847913
2020-11-07,2020-2021,Chelsea,Sheffield United,4,1,HOME_TEAM,2,1,20,6,9,3,6,7,J Moss,1.39,4.93,8.23,2.87622,0.743967
2020-11-07,2020-2021,West Ham,Fulham,1,0,HOME_TEAM,0,0,16,13,7,3,9,5,R Jones,1.83,3.82,4.23,1.42614,1.84922
2020-11-08,2020-2021,Arsenal,Aston Villa,0,3,AWAY_TEAM,0,1,13,15,2,6,3,8,M Atkinson,1.7,3.97,4.92,1.39037,1.98553
2020-11-08,2020-2021,Man City,Liverpool,1,1,DRAW,1,1,7,10,2,3,1,2,C Pawson,1.99,4.03,3.42,1.58487,1.18789
2020-11-08,2020-2021,Leicester,Wolves,1,0,HOME_TEAM,1,0,10,7,3,2,6,3,A Taylor,2.38,3.14,3.28,2.0545,0.57936
2020-11-08,2020-2021,West Brom,Tottenham,0,1,AWAY_TEAM,0,0,12,19,2,5,9,6,A Madley,6.38,4.38,1.52,0.799352,1.87063
2020-11-21,2020-2021,Newcastle,Chelsea,0,2,AWAY_TEAM,0,1,8,14,1,3,7,4,C Pawson,6.39,4.54,1.5,0.368286,1.81923
2020-11-21,2020-2021,Aston Villa,Brighton,1,2,AWAY_TEAM,0,1,15,7,4,3,12,3,M Oliver,2.19,3.61,3.21,1.76514,1.50038
2020-11-21,2020-2021,Tottenham,Man City,2,0,HOME_TEAM,1,0,4,22,2,5,0,10,M Dean,4.1,4.03,1.81,0.761142,1.66325
2020-11-21,2020-2021,Man United,West Brom,1,0,HOME_TEAM,0,0,17,7,7,2,8,2,D Coote,1.34,5.34,9.21,2.42994,0.438646
2020-11-22,2020-2021,Liverpool,Leicester,3,0,HOME_TEAM,2,0,24,11,13,4,10,3,C Kavanagh,1.9,3.92,3.82,3.77245,1.98397
2020-11-22,2020-2021,Sheffield United,West Ham,0,1,AWAY_TEAM,0,0,9,15,5,3,2,6,M Atkinson,3.06,3.26,2.43,0.692374,2.1142
2020-11-22,2020-2021,Fulham,Everton,2,3,AWAY_TEAM,1,3,14,9,6,7,2,5,A Madley,3.93,3.79,1.9,1.87028,2.2508
2020-11-22,2020-2021,Leeds,Arsenal,0,0,DRAW,0,0,25,9,4,2,5,3,A Taylor,3.13,3.7,2.21,1.9617,0.710778
2020-11-23,2020-2021,Burnley,Crystal Palace,1,0,HOME_TEAM,1,0,10,15,4,5,4,7,K Friend,2.79,3.06,2.8,1.75343,1.28331
2020-11-23,2020-2021,Wolves,Southampton,1,1,DRAW,0,0,20,7,9,2,7,4,A Marriner,2.32,3.25,3.27,1.57479,1.0785
2020-11-27,2020-2021,Crystal Palace,Newcastle,0,2,AWAY_TEAM,0,0,12,14,3,7,7,3,G Scott,2.15,3.21,3.74,0.534893,1.27929
2020-11-28,2020-2021,Brighton,Liverpool,1,1,DRAW,0,0,11,6,3,2,4,3,S Attwell,5.32,4.19,1.62,2.30722,0.28109
2020-11-28,2020-2021,Man City,Burnley,5,0,HOME_TEAM,3,0,19,9,6,1,6,4,L Mason,1.17,7.84,16.81,2.26129,0.419877
2020-11-28,2020-2021,Everton,Leeds,0,1,AWAY_TEAM,0,0,15,23,8,7,4,2,C Kavanagh,2.02,3.72,3.57,1.29229,3.11324
2020-11-28,2020-2021,West Brom,Sheffield United,1,0,HOME_TEAM,1,0,17,21,6,5,14,9,M Dean,2.6,3.17,2.9,1.71644,3.36544
2020-11-29,2020-2021,Southampton,Man United,2,3,AWAY_TEAM,2,0,10,15,5,6,5,9,J Moss,3.8,3.57,2.0,0.498783,2.47547
2020-11-29,2020-2021,Chelsea,Tottenham,0,0,DRAW,0,0,13,5,3,1,3,3,P Tierney,2.1,3.52,3.53,0.974755,0.22689
2020-11-29,2020-2021,Arsenal,Wolves,1,2,AWAY_TEAM,1,2,13,11,2,5,8,4,M Oliver,2.13,3.28,3.72,1.1185,2.0069
2020-11-30,2020-2021,Leicester,Fulham,1,2,AWAY_TEAM,0,2,16,10,3,5,6,5,S Hooper,1.54,4.35,6.15,1.27814,2.03719
2020-11-30,2020-2021,West Ham,Aston Villa,2,1,HOME_TEAM,1,1,6,16,2,6,3,7,P Bankes,2.32,3.57,3.01,0.571633,2.39051
2020-12-05,2020-2021,Chelsea,Leeds,3,1,HOME_TEAM,1,1,23,8,11,3,8,4,K Friend,1.54,4.5,5.82,4.89472,1.0277
2020-12-05,2020-2021,West Ham,Man United,1,3,AWAY_TEAM,1,0,19,15,6,6,5,4,A Marriner,3.62,3.57,2.05,2.53006,1.78708
2020-12-05,2020-2021,Man City,Fulham,2,0,HOME_TEAM,2,0,16,6,6,1,9,3,J Moss,1.12,9.74,21.84,3.26328,0.287444
2020-12-05,2020-2021,Burnley,Everton,1,1,DRAW,1,1,8,13,3,6,8,4,A Taylor,4.02,3.5,1.97,0.730434,2.28139
2020-12-06,2020-2021,West Brom,Crystal Palace,1,5,AWAY_TEAM,1,1,9,18,4,6,4,6,P Tierney,2.9,3.21,2.58,0.567234,1.68656
2020-12-06,2020-2021,Sheffield United,Leicester,1,2,AWAY_TEAM,1,1,4,13,1,4,6,5,S Attwell,3.86,3.49,2.01,0.290743,1.3904
2020-12-06,2020-2021,Tottenham,Arsenal,2,0,HOME_TEAM,2,0,6,11,3,2,3,9,M Atkinson,2.01,3.54,3.79,0.390629,0.595216
2020-12-06,2020-2021,Liverpool,Wolves,4,0,HOME_TEAM,1,0,11,9,6,3,4,6,C Pawson,1.52,4.25,6.59,1.59454,0.357753
2020-12-07,2020-2021,Brighton,Southampton,1,2,AWAY_TEAM,1,1,12,10,4,3,4,3,D Coote,2.52,3.36,2.86,2.03376,1.34801
2020-12-11,2020-2021,Leeds,West Ham,1,2,AWAY_TEAM,1,1,13,19,7,8,5,6,M Oliver,2.18,3.67,3.2,1.56644,1.7851
2020-12-12,2020-2021,Wolves,Aston Villa,0,1,AWAY_TEAM,0,0,16,13,7,2,5,8,M Dean,2.34,3.27,3.21,1.1356,1.26872
2020-12-12,2020-2021,Newcastle,West Brom,2,1,HOME_TEAM,1,0,12,13,7,3,4,3,D England,2.51,3.25,2.95,0.904163,0.57319
2020-12-12,2020-2021,Man United,Man City,0,0,DRAW,0,0,11,9,2,2,4,3,C Kavanagh,4.39,4.16,1.74,0.591617,1.28434
2020-12-12,2020-2021,Everton,Chelsea,1,0,HOME_TEAM,1,0,9,10,4,3,6,6,J Moss,4.36,4.12,1.75,1.2216,1.00627
2020-12-13,2020-2021,Arsenal,Burnley,0,1,AWAY_TEAM,0,0,18,10,6,2,13,4,G Scott,1.54,4.22,6.42,1.85362,0.815375
2020-12-13,2020-2021,Fulham,Liverpool,1,1,DRAW,1,0,10,12,5,6,6,8,A Marriner,8.44,5.66,1.34,1.72509,1.82445
2020-12-13,2020-2021,Leicester,Brighton,3,0,HOME_TEAM,3,0,15,12,6,4,9,5,M Atkinson,2.03,3.49,3.76,1.64351,0.791673
2020-12-13,2020-2021,Southampton,Sheffield United,3,0,HOME_TEAM,1,0,16,3,6,0,8,4,A Madley,1.72,3.83,4.95,2.27973,0.219115
2020-12-13,2020-2021,Crystal Palace,Tottenham,1,1,DRAW,0,1,16,14,5,6,4,7,K Friend,4.71,3.75,1.76,1.84443,1.40792
2020-12-15,2020-2021,Wolves,Chelsea,2,1,HOME_TEAM,0,0,12,13,4,3,5,6,S Attwell,5.44,3.79,1.68,0.683783,1.56772
2020-12-15,2020-2021,Man City,West Brom,1,1,DRAW,1,1,26,5,7,1,13,2,P Bankes,1.12,9.96,22.77,2.58593,0.210243
2020-12-16,2020-2021,West Ham,Crystal Palace,1,1,DRAW,0,1,9,8,2,2,5,3,D Coote,2.1,3.4,3.64,0.449469,1.09108
2020-12-16,2020-2021,Fulham,Brighton,0,0,DRAW,0,0,9,9,4,4,1,8,R Jones,2.9,3.28,2.51,1.00448,0.462456
2020-12-16,2020-2021,Liverpool,Tottenham,2,1,HOME_TEAM,1,1,17,8,11,2,7,4,A Taylor,1.79,3.84,4.44,1.21783,1.5161
2020-12-16,2020-2021,Leeds,Newcastle,5,2,HOME_TEAM,1,1,25,10,10,4,7,4,S Hooper,1.76,3.89,4.49,2.95137,1.44437
2020-12-16,2020-2021,Arsenal,Southampton,1,1,DRAW,0,1,9,13,4,3,2,7,P Tierney,2.25,3.47,3.19,0.661135,1.11296
2020-12-16,2020-2021,Leicester,Everton,0,2,AWAY_TEAM,0,1,14,11,2,6,4,6,L Mason,2.2,3.55,3.22,0.83883,1.51486
2020-12-17,2020-2021,Aston Villa,Burnley,0,0,DRAW,0,0,27,6,7,4,11,1,C Pawson,1.74,3.84,4.73,1.81142,0.316737
2020-12-17,2020-2021,Sheffield United,Man United,2,3,AWAY_TEAM,1,2,12,14,6,8,6,3,M Oliver,7.14,4.54,1.46,1.23525,1.78667
2020-12-19,2020-2021,Newcastle,Fulham,1,1,DRAW,0,1,12,11,5,4,2,9,G Scott,2.58,3.25,2.87,1.26725,1.10645
2020-12-19,2020-2021,Crystal Palace,Liverpool,0,7,AWAY_TEAM,0,3,5,14,3,8,5,4,J Moss,6.2,4.45,1.52,0.489318,2.86902
2020-12-19,2020-2021,Southampton,Man City,0,1,AWAY_TEAM,0,1,9,11,3,5,6,6,M Dean,6.48,4.63,1.48,0.586972,1.15599
2020-12-19,2020-2021,Everton,Arsenal,2,1,HOME_TEAM,2,1,9,13,2,2,4,3,A Marriner,2.42,3.44,2.93,0.661744,1.25206
2020-12-20,2020-2021,Man United,Leeds,6,2,HOME_TEAM,4,1,26,17,14,3,11,13,A Taylor,1.71,4.23,4.49,4.77743,1.63467
2020-12-20,2020-2021,West Brom,Aston Villa,0,3,AWAY_TEAM,0,1,1,19,1,10,1,7,M Atkinson,3.69,3.7,1.99,0.0388442,2.61964
2020-12-20,2020-2021,Brighton,Sheffield United,1,1,DRAW,0,0,21,5,5,3,14,2,P Bankes,1.69,3.72,5.43,2.90097,1.03713
2020-12-20,2020-2021,Tottenham,Leicester,0,2,AWAY_TEAM,0,1,8,17,3,4,5,3,C Pawson,2.08,3.48,3.62,0.945932,1.74772
2020-12-21,2020-2021,Chelsea,West Ham,3,0,HOME_TEAM,1,0,11,6,7,0,5,4,C Kavanagh,1.49,4.63,6.29,2.41157,0.277737
2020-12-21,2020-2021,Burnley,Wolves,2,1,HOME_TEAM,1,0,10,15,4,3,1,7,L Mason,3.61,3.13,2.23,1.20465,1.45722
2020-12-26,2020-2021,Leicester,Man United,2,2,DRAW,1,1,10,9,2,4,5,0,M Dean,3.01,3.55,2.32,1.0396,2.08423
2020-12-26,2020-2021,Aston Villa,Crystal Palace,3,0,HOME_TEAM,1,0,21,13,10,6,4,4,A Taylor,1.94,3.75,3.8,4.58214,0.849086
2020-12-26,2020-2021,Fulham,Southampton,0,0,DRAW,0,0,10,3,1,2,6,3,D England,3.19,3.32,2.32,0.781855,0.119709
2020-12-26,2020-2021,Arsenal,Chelsea,3,1,HOME_TEAM,2,0,15,19,7,3,7,9,M Oliver,4.06,3.59,1.93,1.94485,2.25414
2020-12-26,2020-2021,Man City,Newcastle,2,0,HOME_TEAM,1,0,11,7,6,2,7,3,A Marriner,1.12,9.31,23.28,3.19575,0.200953
2020-12-26,2020-2021,Sheffield United,Everton,0,1,AWAY_TEAM,0,0,10,7,2,3,6,3,D Coote,4.2,3.59,1.9,1.25106,0.568803
2020-12-27,2020-2021,Leeds,Burnley,1,0,HOME_TEAM,1,0,11,14,4,6,4,12,R Jones,1.75,3.98,4.5,2.13271,1.54591
2020-12-27,2020-2021,West Ham,Brighton,2,2,DRAW,0,1,11,13,4,4,5,4,S Hooper,2.37,3.32,3.11,1.38877,1.50551
2020-12-27,2020-2021,Liverpool,West Brom,1,1,DRAW,1,0,17,5,2,3,8,3,K Friend,1.13,9.05,20.61,1.45485,0.739845
2020-12-27,2020-2021,Wolves,Tottenham,1,1,DRAW,0,1,11,6,6,3,9,2,P Tierney,3.62,3.28,2.16,0.742598,0.408109
2020-12-28,2020-2021,Crystal Palace,Leicester,1,1,DRAW,0,0,4,17,1,3,2,5,G Scott,3.81,3.52,2.01,0.321348,1.72132
2020-12-28,2020-2021,Chelsea,Aston Villa,1,1,DRAW,1,0,16,10,5,2,11,4,S Attwell,1.69,4.18,4.72,1.53701,0.730859
2020-12-29,2020-2021,Man United,Wolves,1,0,HOME_TEAM,0,0,11,9,3,5,2,2,J Moss,1.55,4.21,6.1,1.48207,0.411046
2020-12-29,2020-2021,Southampton,West Ham,0,0,DRAW,0,0,8,8,3,3,4,3,A Madley,2.19,3.48,3.33,0.670996,1.07246
2020-12-29,2020-2021,West Brom,Leeds,0,5,AWAY_TEAM,0,4,4,14,1,6,3,10,L Mason,3.59,3.67,2.03,0.43551,1.54225
2020-12-29,2020-2021,Brighton,Arsenal,0,1,AWAY_TEAM,0,0,13,11,2,3,5,4,M Atkinson,3.22,3.38,2.29,0.799368,1.31394
2020-12-29,2020-2021,Burnley,Sheffield United,1,0,HOME_TEAM,1,0,5,7,3,3,3,5,C Kavanagh,2.41,3.15,3.22,0.973831,0.492578
2020-12-30,2020-2021,Newcastle,Liverpool,0,0,DRAW,0,0,8,11,2,4,5,12,P Tierney,9.81,5.93,1.29,0.817935,1.32047
2021-01-01,2020-2021,Everton,West Ham,0,1,AWAY_TEAM,0,0,10,11,2,5,5,4,K Friend,2.15,3.44,3.5,0.371045,1.19713
2021-01-01,2020-2021,Man United,Aston Villa,2,1,HOME_TEAM,1,0,19,5,9,5,5,10,M Oliver,1.74,4.14,4.42,2.46473,1.56434
2021-01-02,2020-2021,West Brom,Arsenal,0,4,AWAY_TEAM,0,2,7,21,3,12,3,5,M Atkinson,5.78,4.01,1.61,0.869874,4.03429
2021-01-02,2020-2021,Tottenham,Leeds,3,0,HOME_TEAM,2,0,20,18,7,5,3,5,D Coote,1.8,4.05,4.15,2.5286,1.15626
2021-01-02,2020-2021,Crystal Palace,Sheffield United,2,0,HOME_TEAM,2,0,9,7,4,2,3,6,S Attwell,2.01,3.4,3.93,0.598888,0.323158
2021-01-02,2020-2021,Brighton,Wolves,3,3,DRAW,1,3,13,11,4,4,5,8,A Madley,2.66,3.15,2.85,2.4228,1.81856
2021-01-03,2020-2021,Newcastle,Leicester,1,2,AWAY_TEAM,0,0,8,9,2,3,3,6,R Jones,5.19,3.97,1.67,0.264584,0.702081
2021-01-03,2020-2021,Chelsea,Man City,1,3,AWAY_TEAM,0,3,9,18,2,6,5,3,A Taylor,3.01,3.66,2.24,0.691013,3.18063
2021-01-04,2020-2021,Southampton,Liverpool,1,0,HOME_TEAM,1,0,7,17,3,1,1,10,A Marriner,4.89,4.24,1.65,0.500436,1.37204
2021-01-12,2020-2021,Sheffield United,Newcastle,1,0,HOME_TEAM,0,0,17,7,4,3,5,2,A Madley,2.49,3.11,3.13,2.01315,1.04745
2021-01-12,2020-2021,Burnley,Man United,0,1,AWAY_TEAM,0,0,11,13,0,7,3,4,K Friend,7.03,4.56,1.47,0.648582,1.23996
2021-01-12,2020-2021,Wolves,Everton,1,2,AWAY_TEAM,1,1,12,5,3,3,6,5,M Atkinson,2.5,3.12,3.1,0.852495,0.323445
2021-01-13,2020-2021,Man City,Brighton,1,0,HOME_TEAM,1,0,16,5,6,1,8,4,D England,1.18,7.48,15.78,2.90855,0.177084
2021-01-13,2020-2021,Tottenham,Fulham,1,1,DRAW,1,0,15,15,6,4,6,5,P Tierney,1.4,4.91,7.98,3.14372,1.05329
2021-01-14,2020-2021,Arsenal,Crystal Palace,0,0,DRAW,0,0,11,12,4,2,7,3,A Marriner,1.55,4.1,6.37,0.368554,0.709634
2021-01-16,2020-2021,Wolves,West Brom,2,3,AWAY_TEAM,2,1,23,12,6,5,11,0,M Oliver,1.61,3.67,6.71,1.94358,2.46332
2021-01-16,2020-2021,Leeds,Brighton,0,1,AWAY_TEAM,0,1,7,7,2,2,5,2,K Friend,2.17,3.57,3.31,0.245193,1.14424
2021-01-16,2020-2021,West Ham,Burnley,1,0,HOME_TEAM,1,0,15,10,4,2,7,4,C Kavanagh,1.84,3.49,4.69,1.73397,0.395668
2021-01-16,2020-2021,Fulham,Chelsea,0,1,AWAY_TEAM,0,0,10,21,3,6,1,12,P Bankes,6.3,4.21,1.55,0.46126,1.37939
2021-01-16,2020-2021,Leicester,Southampton,2,0,HOME_TEAM,1,0,16,8,5,3,2,5,S Attwell,1.8,3.72,4.58,2.12019,0.378147
2021-01-17,2020-2021,Sheffield United,Tottenham,1,3,AWAY_TEAM,0,2,15,14,5,5,5,7,A Marriner,5.96,3.73,1.65,0.978133,1.28385
2021-01-17,2020-2021,Liverpool,Man United,0,0,DRAW,0,0,17,8,3,4,7,3,P Tierney,1.97,3.84,3.65,1.20205,1.18929
2021-01-17,2020-2021,Man City,Crystal Palace,4,0,HOME_TEAM,1,0,13,2,6,0,11,1,L Mason,1.17,7.67,17.03,0.961088,0.0515836
2021-01-18,2020-2021,Arsenal,Newcastle,3,0,HOME_TEAM,0,0,20,4,6,1,7,2,D Coote,1.44,4.61,7.54,2.30744,0.168796
2021-01-19,2020-2021,West Ham,West Brom,2,1,HOME_TEAM,1,0,14,6,6,2,3,1,G Scott,1.58,4.08,6.09,2.17512,0.464091
2021-01-19,2020-2021,Leicester,Chelsea,2,0,HOME_TEAM,2,0,8,9,6,5,6,3,C Pawson,2.9,3.41,2.49,1.1449,0.615727
2021-01-20,2020-2021,Man City,Aston Villa,2,0,HOME_TEAM,0,0,28,11,9,4,16,2,J Moss,1.25,6.21,11.36,3.34385,0.601768
2021-01-20,2020-2021,Fulham,Man United,1,2,AWAY_TEAM,1,1,12,15,5,5,2,8,M Atkinson,6.05,4.31,1.55,0.753669,1.68401
2021-01-21,2020-2021,Liverpool,Burnley,0,1,AWAY_TEAM,0,0,27,6,6,4,12,0,M Dean,1.2,7.05,14.89,1.64907,1.08059
2021-01-23,2020-2021,Aston Villa,Newcastle,2,0,HOME_TEAM,2,0,14,7,5,1,5,4,S Hooper,1.5,4.53,6.37,2.6026,0.400364
2021-01-26,2020-2021,West Brom,Man City,0,5,AWAY_TEAM,0,4,4,18,1,7,3,8,C Kavanagh,15.44,7.06,1.2,0.568258,2.24838
2021-01-26,2020-2021,Southampton,Arsenal,1,3,AWAY_TEAM,1,2,13,9,5,5,4,5,K Friend,3.49,3.6,2.09,0.99504,2.4339
2021-01-26,2020-2021,Crystal Palace,West Ham,2,3,AWAY_TEAM,1,2,6,17,3,7,3,4,S Attwell,3.16,3.27,2.39,0.629033,3.30321
2021-01-26,2020-2021,Newcastle,Leeds,1,2,AWAY_TEAM,0,1,22,9,5,2,9,5,A Taylor,3.83,3.83,1.93,1.1364,0.785914
2021-01-27,2020-2021,Burnley,Aston Villa,3,2,HOME_TEAM,0,1,10,18,5,10,2,4,P Tierney,3.84,3.53,2.0,0.717681,2.70718
2021-01-27,2020-2021,Chelsea,Wolves,0,0,DRAW,0,0,14,4,5,0,13,1,A Madley,1.62,4.08,5.53,0.663324,0.63192
2021-01-27,2020-2021,Brighton,Fulham,0,0,DRAW,0,0,16,10,5,3,10,0,C Pawson,2.06,3.38,3.82,2.29129,0.513226
2021-01-27,2020-2021,Everton,Leicester,1,1,DRAW,1,0,8,19,2,6,5,11,M Dean,2.83,3.25,2.61,0.474981,0.792045
2021-01-27,2020-2021,Man United,Sheffield United,1,2,AWAY_TEAM,0,1,16,5,4,3,7,2,P Bankes,1.28,5.94,10.6,0.9931,0.689548
2021-01-28,2020-2021,Tottenham,Liverpool,1,3,AWAY_TEAM,0,1,3,14,2,7,1,2,M Atkinson,3.22,3.54,2.22,0.104586,2.58798
2021-01-30,2020-2021,Southampton,Aston Villa,0,1,AWAY_TEAM,0,1,20,8,5,4,7,1,L Mason,2.86,3.59,2.41,2.22557,0.795508
2021-01-30,2020-2021,Everton,Newcastle,0,2,AWAY_TEAM,0,0,11,13,3,3,7,12,S Attwell,1.59,3.95,6.27,0.966012,2.08832
2021-01-30,2020-2021,Crystal Palace,Wolves,1,0,HOME_TEAM,0,0,11,6,2,4,1,6,S Hooper,2.96,3.1,2.61,1.36877,0.450907
2021-01-30,2020-2021,Man City,Sheffield United,1,0,HOME_TEAM,1,0,10,4,5,1,10,0,D Coote,1.13,8.75,21.73,1.53116,0.154537
2021-01-30,2020-2021,West Brom,Fulham,2,2,DRAW,0,1,5,12,3,7,2,3,A Taylor,3.33,3.19,2.32,0.994664,1.52044
2021-01-30,2020-2021,Arsenal,Man United,0,0,DRAW,0,0,17,14,3,3,4,7,M Oliver,2.86,3.4,2.51,0.747166,1.51332
2021-01-31,2020-2021,Brighton,Tottenham,1,0,HOME_TEAM,1,0,16,8,5,4,9,2,P Bankes,3.12,3.36,2.35,1.77386,0.372524
2021-01-31,2020-2021,West Ham,Liverpool,1,3,AWAY_TEAM,0,0,8,14,2,5,6,5,J Moss,4.39,3.99,1.77,0.883061,2.05809
2021-01-31,2020-2021,Leicester,Leeds,1,3,AWAY_TEAM,1,1,18,8,8,7,6,4,C Kavanagh,1.82,4.02,4.11,1.73432,1.8141
2021-01-31,2020-2021,Chelsea,Burnley,2,0,HOME_TEAM,1,0,19,1,8,0,4,2,G Scott,1.34,5.15,9.64,1.4405,0.390714
2021-02-02,2020-2021,Sheffield United,West Brom,2,1,HOME_TEAM,0,1,14,8,6,4,9,2,P Tierney,2.05,3.3,3.99,1.35804,1.61871
2021-02-02,2020-2021,Wolves,Arsenal,2,1,HOME_TEAM,1,1,11,9,7,3,9,6,C Pawson,3.63,3.29,2.17,1.56162,0.716265
2021-02-02,2020-2021,Man United,Southampton,9,0,HOME_TEAM,4,0,24,3,14,1,5,3,M Dean,1.44,4.73,7.22,5.0325,0.507893
2021-02-02,2020-2021,Newcastle,Crystal Palace,1,2,AWAY_TEAM,1,2,21,6,5,3,9,1,D England,2.91,3.15,2.63,1.90755,0.809312
2021-02-03,2020-2021,Burnley,Man City,0,2,AWAY_TEAM,0,2,2,17,0,6,1,3,M Atkinson,14.33,6.54,1.22,0.0489155,2.12153
2021-02-03,2020-2021,Fulham,Leicester,0,2,AWAY_TEAM,0,2,8,9,1,5,5,2,R Jones,4.0,3.49,1.97,0.731288,1.71299
2021-02-03,2020-2021,Leeds,Everton,1,2,AWAY_TEAM,0,2,16,10,7,6,7,1,M Oliver,2.47,3.63,2.75,1.14303,1.91539
2021-02-03,2020-2021,Aston Villa,West Ham,1,3,AWAY_TEAM,0,0,9,20,2,10,7,3,A Madley,2.21,3.43,3.33,0.741154,1.79064
2021-02-03,2020-2021,Liverpool,Brighton,0,1,AWAY_TEAM,0,0,11,13,1,4,6,3,K Friend,1.36,5.23,8.38,1.09518,1.18977
2021-02-04,2020-2021,Tottenham,Chelsea,0,1,AWAY_TEAM,0,1,7,18,2,2,2,7,A Marriner,3.48,3.43,2.16,0.569446,2.393
2021-02-06,2020-2021,Fulham,West Ham,0,0,DRAW,0,0,20,8,2,1,7,3,M Dean,3.57,3.46,2.1,1.60884,0.943539
2021-02-06,2020-2021,Newcastle,Southampton,3,2,HOME_TEAM,3,1,6,14,4,5,0,7,C Pawson,2.99,3.27,2.47,0.910553,1.43445
2021-02-06,2020-2021,Man United,Everton,3,3,DRAW,2,0,14,6,5,3,5,1,J Moss,1.56,4.26,5.99,1.71769,1.5571
2021-02-06,2020-2021,Aston Villa,Arsenal,1,0,HOME_TEAM,1,0,12,14,8,3,3,7,C Kavanagh,2.74,3.47,2.56,1.19792,0.679649
2021-02-06,2020-2021,Burnley,Brighton,1,1,DRAW,0,1,20,10,7,2,8,7,A Taylor,3.58,3.17,2.22,1.88934,0.612682
2021-02-07,2020-2021,Tottenham,West Brom,2,0,HOME_TEAM,0,0,13,4,6,1,8,0,S Attwell,1.46,4.51,7.23,1.92997,0.698686
2021-02-07,2020-2021,Wolves,Leicester,0,0,DRAW,0,0,13,13,1,3,8,2,M Atkinson,3.52,3.37,2.16,1.35506,0.632232
2021-02-07,2020-2021,Liverpool,Man City,1,4,AWAY_TEAM,0,0,8,8,3,5,6,1,M Oliver,3.37,3.63,2.12,1.17728,3.55196
2021-02-07,2020-2021,Sheffield United,Chelsea,1,2,AWAY_TEAM,0,1,8,9,3,3,1,8,K Friend,7.18,4.38,1.48,0.623045,1.64144
2021-02-08,2020-2021,Leeds,Crystal Palace,2,0,HOME_TEAM,1,0,17,8,7,3,5,3,A Marriner,1.86,3.82,4.06,2.64769,0.370278
2021-02-13,2020-2021,Brighton,Aston Villa,0,0,DRAW,0,0,26,4,9,1,9,2,D England,2.77,3.4,2.56,2.33232,0.144036
2021-02-13,2020-2021,Man City,Tottenham,3,0,HOME_TEAM,1,0,15,7,6,3,4,2,P Tierney,1.33,5.56,8.65,2.46219,0.4235
2021-02-13,2020-2021,Crystal Palace,Burnley,0,3,AWAY_TEAM,0,2,13,16,3,4,7,4,M Oliver,2.42,3.11,3.22,0.645616,1.95502
2021-02-13,2020-2021,Leicester,Liverpool,3,1,HOME_TEAM,0,0,11,15,6,4,2,12,A Taylor,3.45,3.49,2.14,2.07383,1.68325
2021-02-14,2020-2021,Southampton,Wolves,1,2,AWAY_TEAM,1,0,7,10,3,4,4,6,G Scott,2.42,3.21,3.12,0.8536,1.09361
2021-02-14,2020-2021,West Brom,Man United,1,1,DRAW,1,1,7,10,3,7,4,5,C Pawson,9.19,5.52,1.33,0.945964,0.423885
2021-02-14,2020-2021,Arsenal,Leeds,4,2,HOME_TEAM,3,0,13,9,5,5,4,5,S Attwell,1.89,3.77,3.98,2.50614,0.77074
2021-02-14,2020-2021,Everton,Fulham,0,2,AWAY_TEAM,0,0,7,12,2,3,5,4,A Madley,1.93,3.53,4.09,0.314075,2.55085
2021-02-15,2020-2021,Chelsea,Newcastle,2,0,HOME_TEAM,2,0,18,10,5,4,10,5,P Bankes,1.24,6.36,11.97,2.5428,0.432603
2021-02-15,2020-2021,West Ham,Sheffield United,3,0,HOME_TEAM,1,0,13,8,9,5,7,7,S Hooper,1.73,3.74,5.04,2.32735,0.926652
2021-02-17,2020-2021,Everton,Man City,1,3,AWAY_TEAM,1,1,3,16,2,7,0,10,A Marriner,8.56,5.33,1.35,1.04664,1.23218
2021-02-17,2020-2021,Burnley,Fulham,1,1,DRAW,0,0,8,8,3,3,5,5,J Moss,2.77,3.15,2.72,1.20642,0.594471
2021-02-19,2020-2021,Wolves,Leeds,1,0,HOME_TEAM,0,0,15,18,5,7,7,9,D Coote,2.38,3.36,3.08,0.592049,2.4793
2021-02-20,2020-2021,Southampton,Chelsea,1,1,DRAW,1,0,4,9,1,3,3,6,A Taylor,4.93,3.76,1.74,0.496603,1.44849
2021-02-20,2020-2021,Burnley,West Brom,0,0,DRAW,0,0,6,10,1,3,5,5,M Dean,2.04,3.31,3.96,0.535153,1.71922
2021-02-20,2020-2021,Liverpool,Everton,0,2,AWAY_TEAM,0,1,15,9,6,6,7,2,C Kavanagh,1.47,4.59,6.79,1.54046,2.01468
2021-02-20,2020-2021,Fulham,Sheffield United,1,0,HOME_TEAM,0,0,15,4,7,2,6,4,M Atkinson,2.2,3.19,3.61,1.21006,0.977747
2021-02-21,2020-2021,Arsenal,Man City,0,1,AWAY_TEAM,0,1,7,15,1,3,1,3,J Moss,6.27,4.36,1.53,0.331188,2.08868
2021-02-21,2020-2021,Man United,Newcastle,3,1,HOME_TEAM,1,1,15,10,7,6,6,4,P Tierney,1.3,5.75,10.27,1.7256,0.341778
2021-02-21,2020-2021,West Ham,Tottenham,2,1,HOME_TEAM,1,0,4,20,4,4,5,7,C Pawson,2.64,3.33,2.73,1.09246,0.770706
2021-02-21,2020-2021,Aston Villa,Leicester,1,2,AWAY_TEAM,0,2,11,16,2,7,7,8,M Oliver,2.87,3.5,2.44,1.7084,1.23852
2021-02-22,2020-2021,Brighton,Crystal Palace,1,2,AWAY_TEAM,0,1,25,3,5,2,13,0,K Friend,1.74,3.53,5.36,2.59204,0.179886
2021-02-23,2020-2021,Leeds,Southampton,3,0,HOME_TEAM,0,0,11,13,7,5,2,4,A Marriner,2.34,3.47,3.06,1.84753,1.47981
2021-02-27,2020-2021,Man City,West Ham,2,1,HOME_TEAM,1,1,10,9,3,3,4,2,M Oliver,1.23,6.55,12.55,0.760574,1.92892
2021-02-27,2020-2021,West Brom,Brighton,1,0,HOME_TEAM,1,0,6,15,2,6,7,4,L Mason,4.14,3.44,1.96,0.687091,3.12111
2021-02-27,2020-2021,Leeds,Aston Villa,0,1,AWAY_TEAM,0,1,13,9,3,4,7,5,P Bankes,2.23,3.63,3.12,1.00106,0.876255
2021-02-27,2020-2021,Newcastle,Wolves,1,1,DRAW,0,0,19,14,7,4,3,5,M Dean,3.51,3.12,2.28,1.9519,1.27827
2021-02-28,2020-2021,Sheffield United,Liverpool,0,2,AWAY_TEAM,0,0,8,16,2,8,4,3,J Moss,7.56,4.94,1.41,0.777149,2.80551
2021-02-28,2020-2021,Chelsea,Man United,0,0,DRAW,0,0,18,11,6,4,3,4,S Attwell,2.27,3.29,3.35,1.17294,0.35954
2021-02-28,2020-2021,Crystal Palace,Fulham,0,0,DRAW,0,0,3,16,0,4,1,3,A Taylor,3.49,3.17,2.26,0.0880148,0.813134
2021-02-28,2020-2021,Leicester,Arsenal,1,3,AWAY_TEAM,1,2,8,12,3,4,2,7,P Tierney,2.51,3.34,2.89,0.533575,2.1065
2021-02-28,2020-2021,Tottenham,Burnley,4,0,HOME_TEAM,3,0,16,10,7,3,3,4,K Friend,1.55,4.04,6.66,2.35788,0.603212
2021-03-01,2020-2021,Everton,Southampton,1,0,HOME_TEAM,1,0,7,9,1,1,4,10,M Atkinson,2.19,3.45,3.34,1.42054,0.665743
2021-03-02,2020-2021,Man City,Wolves,4,1,HOME_TEAM,1,0,22,6,10,1,10,2,C Kavanagh,1.22,6.41,15.26,3.26196,0.318824
2021-03-03,2020-2021,Burnley,Leicester,1,1,DRAW,1,1,12,15,7,4,5,8,A Madley,3.97,3.3,2.05,1.26793,1.24109
2021-03-03,2020-2021,Sheffield United,Aston Villa,1,0,HOME_TEAM,1,0,9,16,2,4,2,7,R Jones,3.73,3.44,2.07,0.716254,1.44176
2021-03-03,2020-2021,Crystal Palace,Man United,0,0,DRAW,0,0,8,11,2,1,4,6,A Marriner,7.56,4.6,1.44,0.742397,0.584016
2021-03-04,2020-2021,Fulham,Tottenham,0,1,AWAY_TEAM,0,1,11,9,3,2,4,1,D Coote,3.95,3.57,1.96,1.1715,1.5519
2021-03-04,2020-2021,West Brom,Everton,0,1,AWAY_TEAM,0,0,11,11,3,3,3,3,D England,4.43,3.67,1.84,1.02038,1.40789
2021-03-04,2020-2021,Liverpool,Chelsea,0,1,AWAY_TEAM,0,1,7,11,1,5,5,2,M Atkinson,2.26,3.59,3.1,0.247034,1.22635
2021-03-06,2020-2021,Aston Villa,Wolves,0,0,DRAW,0,0,9,10,1,2,5,3,A Madley,2.42,3.2,3.14,0.956392,2.15087
2021-03-06,2020-2021,Burnley,Arsenal,1,1,DRAW,1,1,9,15,5,3,2,4,A Marriner,5.48,3.94,1.64,1.10374,2.53692
2021-03-06,2020-2021,Sheffield United,Southampton,0,2,AWAY_TEAM,0,1,8,15,2,5,7,3,P Tierney,3.67,3.4,2.09,0.908155,2.37386
2021-03-06,2020-2021,Brighton,Leicester,1,2,AWAY_TEAM,1,0,7,8,2,4,6,6,M Oliver,2.56,3.24,2.9,0.75471,1.03801
2021-03-07,2020-2021,Tottenham,Crystal Palace,4,1,HOME_TEAM,1,1,12,5,5,1,1,5,S Attwell,1.47,4.48,7.11,2.24159,0.559383
2021-03-07,2020-2021,Man City,Man United,0,2,AWAY_TEAM,0,1,23,8,6,6,6,2,A Taylor,1.5,4.35,6.74,1.27561,2.11411
2021-03-07,2020-2021,Liverpool,Fulham,0,1,AWAY_TEAM,0,1,16,10,3,3,9,4,K Friend,1.38,4.98,8.39,0.701764,1.37047
2021-03-07,2020-2021,West Brom,Newcastle,0,0,DRAW,0,0,13,9,3,5,9,7,M Atkinson,2.45,3.2,3.09,1.46503,0.454577
2021-03-08,2020-2021,Chelsea,Everton,2,0,HOME_TEAM,1,0,19,7,9,1,7,3,D Coote,1.55,4.14,6.29,2.57224,0.270757
2021-03-08,2020-2021,West Ham,Leeds,2,0,HOME_TEAM,2,0,16,17,5,2,6,6,M Dean,2.09,3.59,3.46,2.37556,1.34971
2021-03-10,2020-2021,Man City,Southampton,5,2,HOME_TEAM,3,1,17,11,10,6,5,5,J Moss,1.21,6.91,14.17,3.10503,1.60561
2021-03-12,2020-2021,Newcastle,Aston Villa,1,1,DRAW,0,0,12,15,3,6,2,2,P Tierney,3.8,3.33,2.09,0.873171,0.748665
2021-03-13,2020-2021,Everton,Burnley,1,2,AWAY_TEAM,1,2,14,14,4,5,7,4,J Moss,1.88,3.49,4.42,1.69849,0.74852
2021-03-13,2020-2021,Fulham,Man City,0,3,AWAY_TEAM,0,0,3,8,0,7,4,2,A Marriner,9.63,4.98,1.35,0.449499,2.72578
2021-03-13,2020-2021,Leeds,Chelsea,0,0,DRAW,0,0,7,15,4,8,8,5,K Friend,4.57,3.9,1.76,0.382957,0.971054
2021-03-13,2020-2021,Crystal Palace,West Brom,1,0,HOME_TEAM,1,0,6,12,4,1,3,2,S Hooper,2.24,3.17,3.55,1.30694,0.513439
2021-03-14,2020-2021,Southampton,Brighton,1,2,AWAY_TEAM,1,1,9,8,4,6,4,5,S Attwell,2.98,3.07,2.6,1.03495,0.895967
2021-03-14,2020-2021,Leicester,Sheffield United,5,0,HOME_TEAM,1,0,19,1,10,0,9,1,P Bankes,1.54,4.12,6.6,4.54571,0.0934777
2021-03-14,2020-2021,Arsenal,Tottenham,2,1,HOME_TEAM,1,1,13,6,3,3,6,3,M Oliver,2.56,3.34,2.82,1.56529,0.705566
2021-03-14,2020-2021,Man United,West Ham,1,0,HOME_TEAM,0,0,15,7,4,0,6,3,M Atkinson,1.86,3.57,4.42,1.70128,0.463737
2021-03-15,2020-2021,Wolves,Liverpool,0,1,AWAY_TEAM,0,1,10,12,5,4,3,2,C Pawson,4.81,3.74,1.76,1.29175,1.0552
2021-03-19,2020-2021,Fulham,Leeds,1,2,AWAY_TEAM,1,1,13,13,6,4,13,7,D Coote,2.43,3.35,3.0,1.47498,1.40706
2021-03-20,2020-2021,Brighton,Newcastle,3,0,HOME_TEAM,1,0,11,3,6,1,3,1,A Taylor,1.66,3.54,6.24,0.951921,0.100945
2021-03-21,2020-2021,Aston Villa,Tottenham,0,2,AWAY_TEAM,0,1,8,9,1,3,5,8,M Dean,2.97,3.38,2.42,0.439681,1.72011
2021-03-21,2020-2021,West Ham,Arsenal,3,3,DRAW,3,1,15,16,5,7,3,5,J Moss,2.83,3.43,2.5,2.50629,1.35217
2021-04-03,2020-2021,Chelsea,West Brom,2,5,AWAY_TEAM,1,2,18,14,8,7,10,3,D Coote,1.22,6.33,14.99,2.55917,1.38315
2021-04-03,2020-2021,Leeds,Sheffield United,2,1,HOME_TEAM,1,1,23,9,8,1,5,7,G Scott,1.52,4.4,6.36,2.50597,0.867652
2021-04-03,2020-2021,Leicester,Man City,0,2,AWAY_TEAM,0,0,5,11,2,4,1,1,A Taylor,6.16,4.07,1.57,0.284781,1.98438
2021-04-03,2020-2021,Arsenal,Liverpool,0,3,AWAY_TEAM,0,0,3,16,2,7,1,2,S Attwell,3.13,3.56,2.26,0.161161,2.43732
2021-04-04,2020-2021,Southampton,Burnley,3,2,HOME_TEAM,2,2,24,7,9,5,6,7,A Marriner,2.1,3.29,3.78,2.40272,1.50285
2021-04-04,2020-2021,Newcastle,Tottenham,2,2,DRAW,1,2,22,11,6,5,7,3,C Pawson,5.56,4.03,1.62,3.30098,2.43683
2021-04-04,2020-2021,Aston Villa,Fulham,3,1,HOME_TEAM,0,0,14,15,4,7,4,4,A Madley,2.28,3.29,3.32,1.52229,1.52172
2021-04-04,2020-2021,Man United,Brighton,2,1,HOME_TEAM,0,1,15,5,7,3,5,6,M Dean,1.64,3.97,5.39,1.73474,1.41071
2021-04-05,2020-2021,Everton,Crystal Palace,1,1,DRAW,0,0,15,13,7,6,3,4,K Friend,1.8,3.46,4.91,2.53386,0.603749
2021-04-05,2020-2021,Wolves,West Ham,2,3,AWAY_TEAM,1,3,20,9,5,6,4,2,M Oliver,2.95,3.13,2.58,1.95649,1.59694
2021-04-09,2020-2021,Fulham,Wolves,0,1,AWAY_TEAM,0,0,14,7,3,3,3,4,J Moss,2.57,3.01,3.14,0.733154,0.428134
2021-04-10,2020-2021,Man City,Leeds,1,2,AWAY_TEAM,0,1,29,2,7,2,9,3,A Marriner,1.3,5.92,9.56,1.98825,0.17525
2021-04-10,2020-2021,Liverpool,Aston Villa,2,1,HOME_TEAM,0,1,23,9,10,5,7,0,P Tierney,1.52,4.51,6.22,2.14592,0.760621
2021-04-10,2020-2021,Crystal Palace,Chelsea,1,4,AWAY_TEAM,0,3,1,23,1,10,0,8,M Oliver,6.95,3.98,1.54,0.602167,3.85472
2021-04-11,2020-2021,Sheffield United,Arsenal,0,3,AWAY_TEAM,0,1,7,14,2,5,2,4,P Bankes,6.15,3.97,1.59,0.315121,1.93838
2021-04-11,2020-2021,Tottenham,Man United,1,3,AWAY_TEAM,1,0,12,12,3,7,7,5,C Kavanagh,2.87,3.44,2.49,0.921801,2.09737
2021-04-11,2020-2021,Burnley,Newcastle,1,2,AWAY_TEAM,1,0,24,10,4,5,13,3,A Taylor,2.34,3.12,3.39,1.84262,1.34279
2021-04-11,2020-2021,West Ham,Leicester,3,2,HOME_TEAM,2,0,4,15,4,5,1,9,M Dean,3.01,3.38,2.41,1.02408,1.17188
2021-04-12,2020-2021,West Brom,Southampton,3,0,HOME_TEAM,2,0,15,14,6,4,5,10,S Hooper,3.55,3.28,2.19,2.77089,1.5002
2021-04-12,2020-2021,Brighton,Everton,0,0,DRAW,0,0,23,8,3,1,10,3,D England,2.3,3.26,3.31,1.16465,0.306287
2021-04-16,2020-2021,Everton,Tottenham,2,2,DRAW,1,1,18,12,7,3,6,3,M Oliver,3.42,3.47,2.17,2.26022,1.4815
2021-04-17,2020-2021,Newcastle,West Ham,3,2,HOME_TEAM,2,0,16,16,8,6,3,8,K Friend,3.65,3.45,2.08,2.4314,2.06741
2021-04-17,2020-2021,Wolves,Sheffield United,1,0,HOME_TEAM,0,0,10,8,5,2,3,3,R Jones,1.69,3.55,5.81,1.22604,0.295925
2021-04-18,2020-2021,Arsenal,Fulham,1,1,DRAW,0,0,18,3,5,1,11,1,C Pawson,1.75,3.72,4.91,2.85573,0.839128
2021-04-18,2020-2021,Man United,Burnley,3,1,HOME_TEAM,0,0,17,10,9,3,8,3,J Moss,1.36,5.05,9.25,2.87455,0.959804
2021-04-19,2020-2021,Leeds,Liverpool,1,1,DRAW,0,1,12,17,5,7,10,8,A Taylor,4.7,4.26,1.68,2.59719,1.60043
2021-04-20,2020-2021,Chelsea,Brighton,0,0,DRAW,0,0,7,11,4,2,0,3,S Attwell,1.61,3.85,6.26,0.807348,0.459568
2021-04-21,2020-2021,Tottenham,Southampton,2,1,HOME_TEAM,0,1,12,10,3,5,5,5,D Coote,1.8,3.79,4.42,1.28824,1.06134
2021-04-21,2020-2021,Aston Villa,Man City,1,2,AWAY_TEAM,1,2,8,13,3,3,1,11,P Bankes,8.68,4.88,1.38,0.801733,1.5634
2021-04-22,2020-2021,Leicester,West Brom,3,0,HOME_TEAM,3,0,17,4,7,1,7,3,A Madley,1.59,4.08,5.94,2.6712,0.277126
2021-04-23,2020-2021,Arsenal,Everton,0,1,AWAY_TEAM,0,0,14,8,3,1,7,3,J Moss,2.06,3.46,3.77,0.735767,0.529676
2021-04-24,2020-2021,Sheffield United,Brighton,1,0,HOME_TEAM,1,0,7,17,3,4,2,12,K Friend,5.33,3.56,1.74,0.786324,2.06038
2021-04-24,2020-2021,Liverpool,Newcastle,1,1,DRAW,1,0,22,7,9,4,6,3,A Marriner,1.24,6.38,12.06,2.84708,0.860694
2021-04-24,2020-2021,West Ham,Chelsea,0,1,AWAY_TEAM,0,1,9,17,2,6,4,2,C Kavanagh,4.74,3.75,1.77,0.267123,2.52059
2021-04-25,2020-2021,Wolves,Burnley,0,4,AWAY_TEAM,0,3,12,14,2,7,8,5,D England,2.07,3.31,3.88,0.351673,2.24049
2021-04-25,2020-2021,Leeds,Man United,0,0,DRAW,0,0,6,16,3,4,2,6,C Pawson,4.05,4.05,1.82,0.216834,1.11635
2021-04-25,2020-2021,Aston Villa,West Brom,2,2,DRAW,1,1,24,10,11,4,11,4,S Attwell,1.88,3.67,4.19,2.65394,1.56764
2021-04-26,2020-2021,Leicester,Crystal Palace,2,1,HOME_TEAM,0,1,13,4,5,2,7,2,G Scott,1.47,4.26,7.71,1.23419,0.723112
2021-04-30,2020-2021,Southampton,Leicester,1,1,DRAW,0,0,5,23,3,9,0,10,R Jones,3.82,3.81,1.94,0.954057,2.51518
2021-05-01,2020-2021,Crystal Palace,Man City,0,2,AWAY_TEAM,0,0,9,20,4,3,2,6,D Coote,10.1,5.14,1.34,0.361866,2.04443
2021-05-01,2020-2021,Brighton,Leeds,2,0,HOME_TEAM,1,0,17,11,5,2,2,9,C Kavanagh,2.16,3.45,3.43,2.52542,0.510874
2021-05-01,2020-2021,Chelsea,Fulham,2,0,HOME_TEAM,1,0,9,10,5,3,1,8,K Friend,1.48,4.27,7.59,1.8433,0.290042
2021-05-01,2020-2021,Everton,Aston Villa,1,2,AWAY_TEAM,1,1,16,13,3,5,3,6,S Hooper,2.02,3.62,3.69,1.223,1.58811
2021-05-02,2020-2021,Newcastle,Arsenal,0,2,AWAY_TEAM,0,1,5,19,1,5,3,7,M Dean,3.64,3.57,2.05,0.172988,1.78751
2021-05-02,2020-2021,Tottenham,Sheffield United,4,0,HOME_TEAM,1,0,20,8,11,1,6,6,A Marriner,1.29,5.73,11.16,2.26016,0.469026
2021-05-03,2020-2021,West Brom,Wolves,1,1,DRAW,0,1,10,20,4,10,5,6,P Tierney,2.91,3.19,2.58,1.07133,0.844138
2021-05-03,2020-2021,Burnley,West Ham,1,2,AWAY_TEAM,1,2,8,22,3,4,5,4,A Taylor,3.17,3.49,2.26,1.68312,2.42477
2021-05-07,2020-2021,Leicester,Newcastle,2,4,AWAY_TEAM,0,2,25,14,9,6,9,6,D England,1.42,4.8,7.83,2.315,2.87261
2021-05-08,2020-2021,Leeds,Tottenham,3,1,HOME_TEAM,2,1,16,11,7,3,8,6,M Oliver,3.46,3.8,2.04,2.55216,1.03384
2021-05-08,2020-2021,Sheffield United,Crystal Palace,0,2,AWAY_TEAM,0,1,7,21,0,8,5,11,S Hooper,2.97,3.25,2.52,0.639325,2.25382
2021-05-08,2020-2021,Man City,Chelsea,1,2,AWAY_TEAM,1,0,16,12,4,5,6,2,A Taylor,1.94,3.45,4.26,1.79168,0.619724
2021-05-08,2020-2021,Liverpool,Southampton,2,0,HOME_TEAM,1,0,14,12,6,6,8,4,K Friend,1.29,5.97,10.14,2.26367,1.2289
2021-05-09,2020-2021,Wolves,Brighton,2,1,HOME_TEAM,0,1,16,5,6,3,10,5,J Moss,3.35,3.3,2.27,1.1199,0.27571
2021-05-09,2020-2021,Aston Villa,Man United,1,3,AWAY_TEAM,1,0,11,18,5,7,5,6,C Kavanagh,4.38,3.81,1.82,0.565472,1.88793
2021-05-09,2020-2021,West Ham,Everton,0,1,AWAY_TEAM,0,1,11,9,0,3,5,6,S Attwell,2.27,3.44,3.22,1.09704,1.56222
2021-05-09,2020-2021,Arsenal,West Brom,3,1,HOME_TEAM,2,0,15,12,7,1,6,6,P Bankes,1.47,4.53,7.01,1.07042,1.83076
2021-05-10,2020-2021,Fulham,Burnley,0,2,AWAY_TEAM,0,2,21,14,3,5,8,4,D Coote,2.21,3.41,3.35,0.778074,1.65831
2021-05-11,2020-2021,Southampton,Crystal Palace,3,1,HOME_TEAM,1,1,13,11,6,4,12,8,A Madley,2.1,3.56,3.56,1.58872,1.32586
2021-05-11,2020-2021,Man United,Leicester,1,2,AWAY_TEAM,1,1,4,12,1,3,3,4,C Pawson,2.54,3.37,2.88,0.212874,0.991522
2021-05-12,2020-2021,Chelsea,Arsenal,0,1,AWAY_TEAM,0,1,19,5,5,2,9,1,A Marriner,1.73,3.8,5.04,1.56786,0.692043
2021-05-13,2020-2021,Aston Villa,Everton,0,0,DRAW,0,0,13,15,2,5,9,1,M Atkinson,2.72,3.44,2.61,0.558976,0.975408
2021-05-13,2020-2021,Man United,Liverpool,2,4,AWAY_TEAM,1,2,18,17,3,8,6,4,A Taylor,3.15,3.76,2.18,1.71328,2.938
2021-05-14,2020-2021,Newcastle,Man City,3,4,AWAY_TEAM,2,2,11,15,5,6,4,5,K Friend,10.52,5.8,1.3,2.18312,1.477
2021-05-15,2020-2021,Burnley,Leeds,0,4,AWAY_TEAM,0,1,16,16,4,6,6,8,G Scott,3.14,3.64,2.23,1.41338,1.85654
2021-05-15,2020-2021,Southampton,Fulham,3,1,HOME_TEAM,1,0,11,10,7,3,6,5,C Pawson,2.02,3.58,3.73,2.29146,0.875957
2021-05-15,2020-2021,Brighton,West Ham,1,1,DRAW,0,0,10,15,2,3,3,3,A Marriner,2.98,3.49,2.39,0.922587,1.92378
2021-05-16,2020-2021,Everton,Sheffield United,0,1,AWAY_TEAM,0,1,16,10,6,3,11,4,A Moss,1.4,4.73,8.34,1.24609,1.391
2021-05-16,2020-2021,West Brom,Liverpool,1,2,AWAY_TEAM,1,1,10,26,3,6,9,13,M Dean,12.37,6.75,1.23,1.14202,2.07854
2021-05-16,2020-2021,Crystal Palace,Aston Villa,3,2,HOME_TEAM,1,2,23,19,8,5,7,7,D Coote,3.05,3.5,2.33,1.95285,1.2303
2021-05-16,2020-2021,Tottenham,Wolves,2,0,HOME_TEAM,1,0,24,15,13,3,10,3,M Atkinson,1.54,4.28,6.27,3.13947,1.09206
2021-05-18,2020-2021,Man United,Fulham,1,1,DRAW,1,0,13,8,6,5,6,1,L Mason,1.32,5.71,9.38,0.92243,0.872643
2021-05-18,2020-2021,Southampton,Leeds,0,2,AWAY_TEAM,0,0,18,15,3,7,4,5,P Bankes,2.6,3.81,2.54,1.3084,1.58132
2021-05-18,2020-2021,Brighton,Man City,3,2,HOME_TEAM,0,1,19,8,6,4,5,3,S Attwell,6.93,4.49,1.49,1.22824,1.07139
2021-05-18,2020-2021,Chelsea,Leicester,2,1,HOME_TEAM,0,0,17,7,6,3,6,5,M Dean,1.72,3.71,5.37,2.86149,0.832596
2021-05-19,2020-2021,Everton,Wolves,1,0,HOME_TEAM,0,0,14,9,4,3,7,12,A Madley,1.89,3.61,4.25,0.670997,0.265526
2021-05-19,2020-2021,Newcastle,Sheffield United,1,0,HOME_TEAM,1,0,16,11,5,1,5,2,R Jones,1.75,3.83,4.75,1.82508,0.882242
2021-05-19,2020-2021,Tottenham,Aston Villa,1,2,AWAY_TEAM,1,2,10,20,4,4,4,5,C Pawson,1.53,4.65,5.85,0.89279,1.63669
2021-05-19,2020-2021,Crystal Palace,Arsenal,1,3,AWAY_TEAM,0,1,12,6,6,3,6,7,A Taylor,6.14,4.41,1.53,0.998377,1.7945
2021-05-19,2020-2021,Burnley,Liverpool,0,3,AWAY_TEAM,0,1,10,20,4,3,6,7,C Kavanagh,10.82,6.67,1.25,0.837048,2.73316
2021-05-19,2020-2021,West Brom,West Ham,1,3,AWAY_TEAM,1,1,14,21,4,9,6,8,M Oliver,5.26,4.25,1.62,1.10741,3.56991
2021-05-23,2020-2021,Man City,Everton,5,0,HOME_TEAM,2,0,21,8,11,3,7,5,M Oliver,1.44,4.94,6.83,2.88355,1.07258
2021-05-23,2020-2021,Wolves,Man United,1,2,AWAY_TEAM,1,2,14,9,4,4,6,2,M Dean,2.53,3.63,2.69,0.701256,2.05229
2021-05-23,2020-2021,West Ham,Southampton,3,0,HOME_TEAM,2,0,14,17,7,5,2,3,M Atkinson,1.72,4.0,4.76,1.98344,1.35179
2021-05-23,2020-2021,Sheffield United,Burnley,1,0,HOME_TEAM,1,0,12,10,3,3,8,9,K Friend,2.84,3.63,2.41,0.420006,0.558508
2021-05-23,2020-2021,Liverpool,Crystal Palace,2,0,HOME_TEAM,1,0,19,5,5,4,14,1,C Pawson,1.16,8.28,17.35,2.20348,0.772317
2021-05-23,2020-2021,Arsenal,Brighton,2,0,HOME_TEAM,0,0,16,5,5,1,11,3,J Moss,1.62,4.29,5.23,0.772904,0.193968
2021-05-23,2020-2021,Leeds,West Brom,3,1,HOME_TEAM,2,0,17,14,9,5,8,3,D Coote,1.44,5.18,6.51,2.49009,1.02209
2021-05-23,2020-2021,Fulham,Newcastle,0,2,AWAY_TEAM,0,1,14,10,0,4,5,4,C Kavanagh,2.09,3.81,3.32,0.98902,1.60157
2021-05-23,2020-2021,Aston Villa,Chelsea,2,1,HOME_TEAM,1,0,6,23,3,7,2,9,S Attwell,6.62,4.56,1.49,0.980413,3.43414
2021-05-23,2020-2021,Leicester,Tottenham,2,4,AWAY_TEAM,1,1,10,11,6,4,8,7,A Taylor,2.04,4.02,3.33,1.82554,1.85229
2021-08-13,2021-2022,Brentford,Arsenal,2,0,HOME_TEAM,1,0,8,22,3,4,2,5,M Oliver,4.02,3.43,2.02,1.88818,1.02385
2021-08-14,2021-2022,Man United,Leeds,5,1,HOME_TEAM,1,0,16,10,8,3,5,4,P Tierney,1.55,4.48,5.87,1.64248,0.568342
2021-08-14,2021-2022,Burnley,Brighton,1,2,AWAY_TEAM,1,0,14,14,3,8,7,6,D Coote,3.19,3.09,2.49,1.79548,1.6853
2021-08-14,2021-2022,Chelsea,Crystal Palace,3,0,HOME_TEAM,2,0,13,4,6,1,5,2,J Moss,1.26,5.92,12.8,1.18709,0.321701
2021-08-14,2021-2022,Everton,Southampton,3,1,HOME_TEAM,0,1,14,6,6,3,6,8,A Madley,1.97,3.53,4.04,2.38863,0.580601
2021-08-14,2021-2022,Leicester,Wolves,1,0,HOME_TEAM,1,0,9,17,5,3,5,4,C Pawson,1.71,3.75,5.32,0.668082,1.32714
2021-08-14,2021-2022,Watford,Aston Villa,3,2,HOME_TEAM,2,0,13,11,7,2,2,4,M Dean,3.14,3.26,2.41,1.35036,1.13718
2021-08-14,2021-2022,Norwich,Liverpool,0,3,AWAY_TEAM,0,1,14,19,3,8,3,11,A Marriner,8.78,5.71,1.33,1.3333,1.78728
2021-08-15,2021-2022,Tottenham,Man City,1,0,HOME_TEAM,0,0,13,18,3,4,3,11,A Taylor,5.49,4.1,1.64,1.06014,2.10585
2021-08-15,2021-2022,Newcastle,West Ham,2,4,AWAY_TEAM,2,1,17,8,3,9,7,6,M Atkinson,3.2,3.51,2.26,1.67926,3.00939
2021-08-21,2021-2022,Liverpool,Burnley,2,0,HOME_TEAM,1,0,27,9,9,3,8,4,M Dean,1.21,6.97,14.41,2.63945,0.690464
2021-08-21,2021-2022,Aston Villa,Newcastle,2,0,HOME_TEAM,1,0,10,9,2,1,3,4,D Coote,1.82,3.92,4.25,1.18426,0.63163
2021-08-21,2021-2022,Crystal Palace,Brentford,0,0,DRAW,0,0,7,14,2,3,3,5,M Atkinson,2.61,3.18,2.9,0.606313,0.712439
2021-08-21,2021-2022,Leeds,Everton,2,2,DRAW,1,1,17,17,4,8,8,5,D England,2.37,3.47,3.03,0.966093,1.85713
2021-08-21,2021-2022,Man City,Norwich,5,0,HOME_TEAM,2,0,16,1,4,0,6,1,G Scott,1.11,10.58,25.64,2.43928,0.0250088
2021-08-21,2021-2022,Brighton,Watford,2,0,HOME_TEAM,2,0,13,10,3,1,7,2,A Taylor,1.74,3.52,5.53,1.77896,0.407224
2021-08-22,2021-2022,Southampton,Man United,1,1,DRAW,1,0,8,15,3,4,7,7,C Pawson,5.36,4.26,1.61,0.587526,2.26173
2021-08-22,2021-2022,Wolves,Tottenham,0,1,AWAY_TEAM,0,1,25,8,6,6,5,4,S Attwell,3.2,3.15,2.43,1.51127,1.72636
2021-08-22,2021-2022,Arsenal,Chelsea,0,2,AWAY_TEAM,0,2,6,22,3,5,9,8,P Tierney,4.76,3.74,1.78,0.630099,3.64132
2021-08-23,2021-2022,West Ham,Leicester,4,1,HOME_TEAM,1,0,13,5,7,1,10,0,M Oliver,2.58,3.44,2.75,2.28613,0.62676
2021-08-28,2021-2022,Norwich,Leicester,1,2,AWAY_TEAM,1,1,14,9,4,3,9,9,R Jones,4.34,3.55,1.9,1.44084,1.27371
2021-08-28,2021-2022,West Ham,Crystal Palace,2,2,DRAW,1,0,14,9,4,2,5,3,S Attwell,1.58,4.02,6.29,1.44748,1.67658
2021-08-28,2021-2022,Newcastle,Southampton,2,2,DRAW,0,0,10,22,5,6,4,4,P Tierney,2.52,3.47,2.82,1.19077,3.46036
2021-08-28,2021-2022,Liverpool,Chelsea,1,1,DRAW,1,1,24,6,7,3,12,3,A Taylor,2.5,3.33,2.95,2.08462,0.573638
2021-08-28,2021-2022,Aston Villa,Brentford,1,1,DRAW,1,1,7,9,5,2,3,2,P Bankes,2.0,3.57,3.84,0.431464,1.13312
2021-08-28,2021-2022,Brighton,Everton,0,2,AWAY_TEAM,0,1,14,14,3,5,4,5,J Moss,2.35,3.25,3.27,0.701622,1.54868
2021-08-28,2021-2022,Man City,Arsenal,5,0,HOME_TEAM,3,0,25,1,10,0,14,0,M Atkinson,1.26,6.16,11.99,4.47273,0.116805
2021-08-29,2021-2022,Burnley,Leeds,1,1,DRAW,0,0,12,12,3,2,5,5,M Oliver,3.07,3.51,2.33,1.71102,1.52078
2021-08-29,2021-2022,Tottenham,Watford,1,0,HOME_TEAM,1,0,15,9,8,2,10,3,A Marriner,1.44,4.48,8.42,0.920963,0.596016
2021-08-29,2021-2022,Wolves,Man United,0,1,AWAY_TEAM,0,0,15,10,6,3,5,7,M Dean,4.91,3.48,1.82,1.79575,0.944083
2021-09-11,2021-2022,Chelsea,Aston Villa,3,0,HOME_TEAM,1,0,12,18,4,6,4,11,S Attwell,1.3,5.46,11.28,1.22153,1.17349
2021-09-11,2021-2022,Watford,Wolves,0,2,AWAY_TEAM,0,0,6,14,2,5,6,8,P Bankes,3.36,3.19,2.33,0.185407,2.55922
2021-09-11,2021-2022,Southampton,West Ham,0,0,DRAW,0,0,11,13,3,3,5,4,D Coote,2.89,3.46,2.47,0.692135,0.725407
2021-09-11,2021-2022,Man United,Newcastle,4,1,HOME_TEAM,1,0,21,12,7,3,7,3,A Taylor,1.2,7.27,14.77,2.77326,0.622042
2021-09-11,2021-2022,Brentford,Brighton,0,1,AWAY_TEAM,0,0,7,4,1,2,1,6,G Scott,2.86,3.14,2.69,0.729786,0.287902
2021-09-11,2021-2022,Arsenal,Norwich,1,0,HOME_TEAM,0,0,30,10,7,1,8,4,M Oliver,1.52,4.48,6.4,2.68515,0.577292
2021-09-11,2021-2022,Crystal Palace,Tottenham,3,0,HOME_TEAM,0,0,18,2,4,1,8,2,J Moss,4.25,3.44,1.95,2.89372,0.0775646
2021-09-11,2021-2022,Leicester,Man City,0,1,AWAY_TEAM,0,0,6,25,1,8,5,8,P Tierney,5.7,4.22,1.6,0.8001,2.75058
2021-09-12,2021-2022,Leeds,Liverpool,0,3,AWAY_TEAM,0,1,9,30,4,9,2,11,C Pawson,4.34,4.05,1.78,0.652514,4.4016
2021-09-13,2021-2022,Everton,Burnley,3,1,HOME_TEAM,0,0,14,11,6,6,4,6,M Atkinson,1.75,3.71,5.01,1.80386,1.82061
2021-09-17,2021-2022,Newcastle,Leeds,1,1,DRAW,1,1,17,22,7,9,4,5,M Dean,3.01,3.62,2.33,1.17668,1.42995
2021-09-18,2021-2022,Norwich,Watford,1,3,AWAY_TEAM,1,1,12,12,5,8,4,8,R Jones,2.18,3.39,3.47,0.782665,2.42487
2021-09-18,2021-2022,Aston Villa,Everton,3,0,HOME_TEAM,0,0,15,11,3,1,5,4,C Pawson,2.4,3.36,3.06,0.777716,0.755035
2021-09-18,2021-2022,Man City,Southampton,0,0,DRAW,0,0,18,10,1,2,8,5,J Moss,1.15,8.46,18.55,1.22451,0.490923
2021-09-18,2021-2022,Burnley,Arsenal,0,1,AWAY_TEAM,0,1,18,13,3,3,8,3,A Taylor,3.82,3.5,2.03,0.775574,1.09928
2021-09-18,2021-2022,Wolves,Brentford,0,2,AWAY_TEAM,0,2,11,9,0,3,4,2,D England,1.9,3.27,4.83,1.02316,2.32741
2021-09-18,2021-2022,Liverpool,Crystal Palace,3,0,HOME_TEAM,1,0,25,13,10,2,10,5,A Madley,1.22,6.84,14.04,2.76793,0.644168
2021-09-19,2021-2022,Brighton,Leicester,2,1,HOME_TEAM,1,0,12,14,5,3,4,9,S Attwell,2.75,3.23,2.73,1.47438,1.25373
2021-09-19,2021-2022,West Ham,Man United,1,2,AWAY_TEAM,1,1,13,17,4,10,2,11,M Atkinson,4.51,3.9,1.78,1.6671,1.8954
2021-09-19,2021-2022,Tottenham,Chelsea,0,3,AWAY_TEAM,0,0,8,20,2,10,5,11,P Tierney,4.89,3.83,1.74,0.70567,2.5869
2021-09-25,2021-2022,Chelsea,Man City,0,1,AWAY_TEAM,0,0,5,15,0,4,4,13,M Oliver,2.66,3.26,2.79,0.194202,1.69244
2021-09-25,2021-2022,Man United,Aston Villa,0,1,AWAY_TEAM,0,0,28,7,4,3,5,5,M Dean,1.4,5.08,7.84,1.9251,1.57249
2021-09-25,2021-2022,Everton,Norwich,2,0,HOME_TEAM,1,0,11,10,4,2,6,4,D Coote,1.63,3.86,5.96,2.26681,0.800903
2021-09-25,2021-2022,Leeds,West Ham,1,2,AWAY_TEAM,1,0,15,20,5,7,5,7,K Friend,3.04,3.67,2.29,1.1967,1.98962
2021-09-25,2021-2022,Leicester,Burnley,2,2,DRAW,1,2,22,9,5,3,8,4,C Kavanagh,1.59,4.05,6.12,2.16233,0.428866
2021-09-25,2021-2022,Watford,Newcastle,1,1,DRAW,0,1,15,20,4,6,5,6,J Gillett,2.27,3.37,3.32,0.904061,2.52338
2021-09-25,2021-2022,Brentford,Liverpool,3,3,DRAW,1,1,12,16,4,6,2,11,S Attwell,6.96,4.48,1.49,2.94058,2.25736
2021-09-26,2021-2022,Southampton,Wolves,0,1,AWAY_TEAM,0,0,18,5,6,3,5,5,A Madley,2.65,3.24,2.83,0.909342,0.909833
2021-09-26,2021-2022,Arsenal,Tottenham,3,1,HOME_TEAM,3,0,12,10,7,4,4,4,C Pawson,2.28,3.31,3.35,1.44499,0.980166
2021-09-27,2021-2022,Crystal Palace,Brighton,1,1,DRAW,1,0,8,8,3,4,6,5,A Marriner,3.04,3.15,2.54,1.36836,0.649566
2021-10-02,2021-2022,Man United,Everton,1,1,DRAW,1,0,13,12,6,2,10,1,M Oliver,1.5,4.38,7.08,1.0496,1.32211
2021-10-02,2021-2022,Burnley,Norwich,0,0,DRAW,0,0,14,10,4,2,9,5,K Friend,1.88,3.61,4.33,0.584725,0.673617
2021-10-02,2021-2022,Chelsea,Southampton,3,1,HOME_TEAM,1,0,20,6,9,2,7,2,M Atkinson,1.38,4.9,8.92,3.79243,1.52634
2021-10-02,2021-2022,Leeds,Watford,1,0,HOME_TEAM,1,0,20,5,4,1,6,3,S Hooper,1.76,3.9,4.63,1.57388,0.192794
2021-10-02,2021-2022,Wolves,Newcastle,2,1,HOME_TEAM,1,1,7,8,3,2,0,4,G Scott,1.69,4.0,5.02,1.15849,0.865217
2021-10-02,2021-2022,Brighton,Arsenal,0,0,DRAW,0,0,21,8,2,2,8,5,J Moss,3.05,3.22,2.5,1.11551,0.36431
2021-10-03,2021-2022,Crystal Palace,Leicester,2,2,DRAW,0,2,18,9,4,5,1,3,A Taylor,3.11,3.41,2.36,1.1703,1.04322
2021-10-03,2021-2022,Tottenham,Aston Villa,2,1,HOME_TEAM,1,0,17,14,8,3,5,8,C Kavanagh,2.12,3.53,3.5,1.78187,1.07395
2021-10-03,2021-2022,West Ham,Brentford,1,2,AWAY_TEAM,0,1,18,13,5,6,11,6,P Bankes,1.82,3.62,4.67,1.37258,1.30098
2021-10-03,2021-2022,Liverpool,Man City,2,2,DRAW,0,0,6,12,4,3,3,4,P Tierney,2.9,3.53,2.43,0.949368,1.04319
2021-10-16,2021-2022,Southampton,Leeds,1,0,HOME_TEAM,0,0,19,3,5,0,8,1,D Coote,2.4,3.52,2.93,1.83082,0.446173
2021-10-16,2021-2022,Norwich,Brighton,0,0,DRAW,0,0,15,11,3,3,8,4,P Bankes,3.67,3.34,2.13,1.16088,1.17572
2021-10-16,2021-2022,Man City,Burnley,2,0,HOME_TEAM,1,0,15,7,6,2,6,2,M Atkinson,1.12,9.47,22.12,2.15712,1.07719
2021-10-16,2021-2022,Brentford,Chelsea,0,1,AWAY_TEAM,0,1,17,5,7,1,5,5,A Taylor,6.37,3.84,1.6,1.62169,0.248256
2021-10-16,2021-2022,Aston Villa,Wolves,2,3,AWAY_TEAM,0,0,14,9,5,4,6,7,M Oliver,2.25,3.28,3.42,1.21276,2.19633
2021-10-16,2021-2022,Watford,Liverpool,0,5,AWAY_TEAM,0,2,6,19,2,8,1,9,J Moss,8.67,5.33,1.36,0.302302,3.65553
2021-10-16,2021-2022,Leicester,Man United,4,2,HOME_TEAM,1,1,22,18,11,6,4,3,C Pawson,3.49,3.59,2.1,2.96611,1.02494
2021-10-17,2021-2022,Everton,West Ham,0,1,AWAY_TEAM,0,0,15,16,2,4,7,9,S Attwell,2.52,3.35,2.89,0.854165,2.03034
2021-10-17,2021-2022,Newcastle,Tottenham,2,3,AWAY_TEAM,1,3,7,14,1,4,2,9,A Marriner,3.51,3.58,2.09,0.645658,1.55008
2021-10-18,2021-2022,Arsenal,Crystal Palace,2,2,DRAW,1,0,17,9,6,6,6,4,M Dean,1.65,3.87,5.65,1.7436,0.492239
2021-10-22,2021-2022,Arsenal,Aston Villa,3,1,HOME_TEAM,2,0,22,10,9,4,7,4,C Pawson,1.91,3.73,4.05,3.4984,1.41088
2021-10-23,2021-2022,Brighton,Man City,1,4,AWAY_TEAM,0,3,10,23,5,14,7,6,K Friend,7.71,4.77,1.42,1.1695,3.57376
2021-10-23,2021-2022,Southampton,Burnley,2,2,DRAW,1,1,16,9,4,5,6,2,C Kavanagh,2.0,3.54,3.87,1.42567,0.673195
2021-10-23,2021-2022,Leeds,Wolves,1,1,DRAW,0,1,18,8,4,4,6,3,R Jones,2.57,3.37,2.79,1.71313,0.858644
2021-10-23,2021-2022,Everton,Watford,2,5,AWAY_TEAM,1,1,15,20,4,8,3,5,G Scott,1.67,3.86,5.49,1.84089,3.10344
2021-10-23,2021-2022,Chelsea,Norwich,7,0,HOME_TEAM,3,0,23,3,13,1,5,0,A Madley,1.19,7.07,17.21,3.10509,0.267429
2021-10-23,2021-2022,Crystal Palace,Newcastle,1,1,DRAW,0,0,15,6,3,2,3,7,D England,1.97,3.61,3.88,2.25588,0.721813
2021-10-24,2021-2022,Brentford,Leicester,1,2,AWAY_TEAM,0,1,15,10,5,6,9,2,S Hooper,2.63,3.39,2.72,1.16789,1.00254
2021-10-24,2021-2022,West Ham,Tottenham,1,0,HOME_TEAM,0,0,13,7,4,4,2,4,P Tierney,2.35,3.49,3.01,1.73468,0.672198
2021-10-24,2021-2022,Man United,Liverpool,0,5,AWAY_TEAM,0,4,12,19,4,8,6,3,A Taylor,3.06,3.66,2.27,1.35584,4.04765
2021-10-30,2021-2022,Newcastle,Chelsea,0,3,AWAY_TEAM,0,0,6,19,1,6,0,2,P Tierney,8.63,4.91,1.38,0.157616,2.16608
2021-10-30,2021-2022,Watford,Southampton,0,1,AWAY_TEAM,0,1,10,12,4,1,5,8,P Bankes,3.12,3.37,2.35,0.852556,1.90757
2021-10-30,2021-2022,Tottenham,Man United,0,3,AWAY_TEAM,0,1,9,10,0,4,10,2,S Attwell,2.93,3.57,2.37,1.15787,1.38612
2021-10-30,2021-2022,Liverpool,Brighton,2,2,DRAW,2,1,14,9,3,6,5,3,M Dean,1.24,6.49,12.11,1.39778,1.51032
2021-10-30,2021-2022,Burnley,Brentford,3,1,HOME_TEAM,3,0,15,12,6,5,4,2,J Moss,2.66,3.24,2.78,2.72901,0.834312
2021-10-30,2021-2022,Man City,Crystal Palace,0,2,AWAY_TEAM,0,1,14,8,3,3,7,1,A Marriner,1.16,8.13,18.61,0.65739,1.05029
2021-10-30,2021-2022,Leicester,Arsenal,0,2,AWAY_TEAM,0,2,16,9,8,5,7,6,M Oliver,2.47,3.47,2.87,1.98801,1.10288
2021-10-31,2021-2022,Norwich,Leeds,1,2,AWAY_TEAM,0,0,14,13,3,6,5,0,A Taylor,3.44,3.6,2.11,0.661887,1.16855
2021-10-31,2021-2022,Aston Villa,West Ham,1,4,AWAY_TEAM,1,2,9,21,3,9,3,6,C Kavanagh,2.83,3.5,2.48,0.687551,2.66391
2021-11-01,2021-2022,Wolves,Everton,2,1,HOME_TEAM,2,0,10,14,4,5,4,3,M Atkinson,2.24,3.28,3.39,1.69344,1.69767
2021-11-05,2021-2022,Southampton,Aston Villa,1,0,HOME_TEAM,1,0,9,14,3,3,10,8,A Madley,2.02,3.66,3.68,0.89818,0.536077
2021-11-06,2021-2022,Crystal Palace,Wolves,2,0,HOME_TEAM,0,0,13,4,6,2,4,6,G Scott,2.5,3.15,3.08,2.65161,0.25416
2021-11-06,2021-2022,Man United,Man City,0,2,AWAY_TEAM,0,2,5,16,1,5,1,9,M Oliver,4.69,4.09,1.72,0.759561,2.04202
2021-11-06,2021-2022,Brentford,Norwich,1,2,AWAY_TEAM,0,2,19,9,7,5,6,2,J Gillett,1.63,3.92,5.8,2.79229,1.15797
2021-11-06,2021-2022,Chelsea,Burnley,1,1,DRAW,1,0,25,5,4,2,14,2,A Marriner,1.26,5.94,12.51,3.00585,0.674072
2021-11-06,2021-2022,Brighton,Newcastle,1,1,DRAW,1,0,14,6,5,1,2,5,D Coote,1.62,3.99,5.76,1.43123,0.227321
2021-11-07,2021-2022,Leeds,Leicester,1,1,DRAW,1,1,18,9,5,3,10,5,D England,2.76,3.56,2.5,1.96551,0.795292
2021-11-07,2021-2022,West Ham,Liverpool,3,2,HOME_TEAM,1,1,7,16,3,5,3,2,C Pawson,4.59,4.11,1.72,1.25298,1.45641
2021-11-07,2021-2022,Arsenal,Watford,1,0,HOME_TEAM,0,0,14,7,6,1,4,2,K Friend,1.39,4.9,8.25,1.49208,0.491659
2021-11-07,2021-2022,Everton,Tottenham,0,0,DRAW,0,0,12,8,2,0,4,2,C Kavanagh,3.06,3.28,2.42,0.597906,0.801798
2021-11-20,2021-2022,Liverpool,Arsenal,4,0,HOME_TEAM,1,0,19,5,9,3,6,1,M Oliver,1.48,4.77,6.38,3.97374,0.268025
2021-11-20,2021-2022,Watford,Man United,4,1,HOME_TEAM,2,0,20,9,7,3,9,3,J Moss,6.22,4.65,1.5,2.73393,1.66794
2021-11-20,2021-2022,Wolves,West Ham,1,0,HOME_TEAM,0,0,15,8,5,3,7,3,M Dean,3.02,3.27,2.47,1.31903,0.436331
2021-11-20,2021-2022,Norwich,Southampton,2,1,HOME_TEAM,1,1,8,17,4,5,5,7,M Atkinson,3.63,3.46,2.1,0.43778,1.13118
2021-11-20,2021-2022,Leicester,Chelsea,0,3,AWAY_TEAM,0,2,4,16,3,7,3,5,P Tierney,4.74,3.72,1.78,0.499504,2.57178
2021-11-20,2021-2022,Burnley,Crystal Palace,3,3,DRAW,2,3,15,18,9,8,3,6,S Hooper,2.77,3.23,2.7,1.04224,1.74839
2021-11-20,2021-2022,Aston Villa,Brighton,2,0,HOME_TEAM,0,0,9,6,5,2,5,7,A Taylor,2.43,3.31,3.04,1.06946,0.582787
2021-11-20,2021-2022,Newcastle,Brentford,3,3,DRAW,2,2,23,10,9,4,8,2,R Jones,2.64,3.37,2.72,2.18388,1.23275
2021-11-21,2021-2022,Man City,Everton,3,0,HOME_TEAM,1,0,17,4,7,1,7,1,S Attwell,1.18,7.56,15.95,2.61302,0.266894
2021-11-21,2021-2022,Tottenham,Leeds,2,1,HOME_TEAM,0,1,13,18,4,7,4,8,A Marriner,1.73,4.07,4.56,2.31744,1.46689
2021-11-27,2021-2022,Brighton,Leeds,0,0,DRAW,0,0,20,11,4,4,6,1,C Pawson,2.11,3.41,3.67,1.90498,0.864829
2021-11-27,2021-2022,Arsenal,Newcastle,2,0,HOME_TEAM,0,0,24,9,6,5,4,4,S Attwell,1.47,4.77,6.61,2.84493,0.185383
2021-11-27,2021-2022,Crystal Palace,Aston Villa,1,2,AWAY_TEAM,0,1,8,10,3,3,7,3,M Salisbury,2.24,3.37,3.36,0.962129,0.454305
2021-11-27,2021-2022,Liverpool,Southampton,4,0,HOME_TEAM,3,0,20,7,6,3,5,7,A Marriner,1.29,5.99,9.78,3.07278,0.966132
2021-11-27,2021-2022,Norwich,Wolves,0,0,DRAW,0,0,14,5,4,2,4,3,S Hooper,3.54,3.35,2.17,1.4047,0.297157
2021-11-28,2021-2022,Chelsea,Man United,1,1,DRAW,0,0,24,3,6,2,15,2,A Taylor,1.61,4.12,5.67,2.34525,0.563367
2021-11-28,2021-2022,Man City,West Ham,2,1,HOME_TEAM,1,0,19,5,9,3,8,4,M Oliver,1.3,5.82,10.01,2.72187,0.171763
2021-11-28,2021-2022,Brentford,Everton,1,0,HOME_TEAM,1,0,6,14,4,5,3,3,D England,2.25,3.27,3.4,1.19813,0.968075
2021-11-28,2021-2022,Leicester,Watford,4,2,HOME_TEAM,3,1,18,16,8,5,8,6,A Madley,1.63,4.15,5.26,2.16027,2.38383
2021-11-30,2021-2022,Newcastle,Norwich,1,1,DRAW,0,0,9,16,1,6,2,5,A Madley,1.99,3.63,3.82,1.15636,1.51084
2021-11-30,2021-2022,Leeds,Crystal Palace,1,0,HOME_TEAM,0,0,15,9,3,1,7,4,K Friend,2.42,3.33,3.06,1.9818,0.707328
2021-12-01,2021-2022,Southampton,Leicester,2,2,DRAW,2,1,15,15,7,6,2,4,R Jones,2.43,3.47,2.91,1.91169,1.4401
2021-12-01,2021-2022,Watford,Chelsea,1,2,AWAY_TEAM,1,1,13,8,6,4,6,0,D Coote,10.3,5.43,1.31,0.990877,0.908574
2021-12-01,2021-2022,West Ham,Brighton,1,1,DRAW,1,0,14,9,6,3,9,5,C Kavanagh,2.01,3.53,3.79,1.14679,1.2607
2021-12-01,2021-2022,Wolves,Burnley,0,0,DRAW,0,0,16,6,2,1,5,5,J Brooks,1.95,3.41,4.23,0.711691,0.195537
2021-12-01,2021-2022,Aston Villa,Man City,1,2,AWAY_TEAM,0,2,9,17,3,7,4,11,M Dean,8.6,5.2,1.36,0.772083,1.01897
2021-12-01,2021-2022,Everton,Liverpool,1,4,AWAY_TEAM,1,2,8,16,2,7,3,11,P Tierney,7.52,5.05,1.41,0.512263,2.86067
2021-12-02,2021-2022,Tottenham,Brentford,2,0,HOME_TEAM,1,0,11,6,6,2,11,5,J Moss,1.64,4.07,5.25,2.07248,0.225492
2021-12-02,2021-2022,Man United,Arsenal,3,2,HOME_TEAM,1,1,14,17,10,8,3,8,M Atkinson,2.02,3.66,3.66,1.85597,1.16638
2021-12-04,2021-2022,Wolves,Liverpool,0,1,AWAY_TEAM,0,0,3,17,1,5,2,8,C Kavanagh,7.73,4.75,1.43,0.095167,2.42332
2021-12-04,2021-2022,Southampton,Brighton,1,1,DRAW,1,0,14,14,4,4,6,2,A Taylor,2.45,3.21,3.1,1.34236,1.4872
2021-12-04,2021-2022,Watford,Man City,1,3,AWAY_TEAM,0,2,11,26,4,13,5,11,S Hooper,14.65,7.19,1.2,0.675105,4.03223
2021-12-04,2021-2022,West Ham,Chelsea,3,2,HOME_TEAM,1,2,11,19,5,7,1,9,A Marriner,4.7,3.6,1.82,2.0174,1.37049
2021-12-04,2021-2022,Newcastle,Burnley,1,0,HOME_TEAM,1,0,19,10,4,1,10,3,P Tierney,2.33,3.35,3.19,1.70609,0.604599
2021-12-05,2021-2022,Leeds,Brentford,2,2,DRAW,1,0,13,9,6,3,5,1,D Coote,1.94,3.62,3.99,1.41896,1.19959
2021-12-05,2021-2022,Man United,Crystal Palace,1,0,HOME_TEAM,0,0,16,8,3,2,9,6,C Pawson,1.57,4.19,6.09,0.870376,0.520593
2021-12-05,2021-2022,Tottenham,Norwich,3,0,HOME_TEAM,1,0,17,10,7,1,6,4,J Gillett,1.41,4.75,8.11,2.00668,1.06562
2021-12-05,2021-2022,Aston Villa,Leicester,2,1,HOME_TEAM,1,1,13,12,4,5,3,6,M Oliver,2.36,3.45,3.03,1.84818,0.982614
2021-12-06,2021-2022,Everton,Arsenal,2,1,HOME_TEAM,0,1,11,10,5,3,3,3,M Dean,3.38,3.52,2.16,1.06108,1.05723
2021-12-10,2021-2022,Brentford,Watford,2,1,HOME_TEAM,0,1,14,6,5,2,8,2,M Oliver,2.29,3.32,3.34,1.82799,0.561554
2021-12-11,2021-2022,Norwich,Man United,0,1,AWAY_TEAM,0,0,11,13,5,5,8,6,D England,7.25,4.73,1.45,0.986107,2.09817
2021-12-11,2021-2022,Liverpool,Aston Villa,1,0,HOME_TEAM,0,0,20,4,5,0,11,3,S Attwell,1.23,6.85,11.92,2.71181,0.140573
2021-12-11,2021-2022,Arsenal,Southampton,3,0,HOME_TEAM,2,0,15,11,5,6,9,8,J Gillett,1.67,3.99,5.32,2.08429,0.502215
2021-12-11,2021-2022,Man City,Wolves,1,0,HOME_TEAM,0,0,24,2,10,1,14,1,J Moss,1.16,8.11,20.35,2.99915,0.0762839
2021-12-11,2021-2022,Chelsea,Leeds,3,2,HOME_TEAM,1,1,16,12,6,5,5,2,C Kavanagh,1.28,5.95,11.46,2.74844,1.72934
2021-12-12,2021-2022,Burnley,West Ham,0,0,DRAW,0,0,9,16,1,3,6,4,G Scott,3.61,3.64,2.05,0.54801,0.998813
2021-12-12,2021-2022,Leicester,Newcastle,4,0,HOME_TEAM,1,0,8,12,5,3,4,6,P Bankes,1.75,4.01,4.56,2.05771,0.511934
2021-12-12,2021-2022,Crystal Palace,Everton,3,1,HOME_TEAM,1,0,17,12,6,6,8,2,A Madley,2.29,3.21,3.42,2.09864,1.27556
2021-12-14,2021-2022,Man City,Leeds,7,0,HOME_TEAM,3,0,31,6,15,3,6,2,P Tierney,1.15,8.7,18.17,3.31349,0.227498
2021-12-14,2021-2022,Norwich,Aston Villa,0,2,AWAY_TEAM,0,1,7,17,3,6,7,10,D Coote,3.37,3.26,2.29,0.502647,1.96261
2021-12-15,2021-2022,Crystal Palace,Southampton,2,2,DRAW,1,2,9,15,6,4,4,6,S Hooper,2.14,3.38,3.59,1.49244,0.625183
2021-12-15,2021-2022,Arsenal,West Ham,2,0,HOME_TEAM,0,0,21,7,8,1,5,2,A Taylor,2.2,3.58,3.26,2.81482,0.338855
2021-12-15,2021-2022,Brighton,Wolves,0,1,AWAY_TEAM,0,1,12,8,2,5,7,4,T Harrington,2.32,3.05,3.51,1.20118,1.11736
2021-12-16,2021-2022,Chelsea,Everton,1,1,DRAW,0,0,23,5,10,3,7,1,M Oliver,1.24,6.17,13.27,3.20239,0.627528
2021-12-16,2021-2022,Liverpool,Newcastle,3,1,HOME_TEAM,2,1,23,4,8,2,11,0,M Dean,1.12,9.52,21.43,2.93912,0.2064
2021-12-18,2021-2022,Leeds,Arsenal,1,4,AWAY_TEAM,0,3,9,21,2,12,1,4,A Marriner,3.89,3.78,1.91,1.31408,3.69008
2021-12-19,2021-2022,Newcastle,Man City,0,4,AWAY_TEAM,0,2,5,18,1,7,3,6,M Atkinson,16.25,7.72,1.18,0.174208,3.64686
2021-12-19,2021-2022,Wolves,Chelsea,0,0,DRAW,0,0,4,8,1,1,4,9,D Coote,6.42,3.93,1.58,0.321371,0.793952
2021-12-19,2021-2022,Tottenham,Liverpool,2,2,DRAW,1,1,10,18,5,6,6,4,P Tierney,5.18,4.5,1.59,2.79777,1.54944
2021-12-26,2021-2022,Man City,Leicester,6,3,HOME_TEAM,4,0,17,14,9,8,14,4,C Kavanagh,1.18,7.85,14.75,3.82869,2.43425
2021-12-26,2021-2022,Norwich,Arsenal,0,5,AWAY_TEAM,0,2,4,16,2,6,3,5,G Scott,7.73,4.77,1.42,0.154212,2.87539
2021-12-26,2021-2022,Tottenham,Crystal Palace,3,0,HOME_TEAM,2,0,17,4,6,0,4,2,J Moss,1.72,3.87,4.97,2.82148,0.178324
2021-12-26,2021-2022,West Ham,Southampton,2,3,AWAY_TEAM,0,1,11,11,5,6,10,2,K Friend,1.85,3.8,4.18,1.53745,1.35643
2021-12-26,2021-2022,Aston Villa,Chelsea,1,3,AWAY_TEAM,1,1,8,10,1,4,2,5,M Atkinson,5.35,3.77,1.7,0.474029,2.8285
2021-12-26,2021-2022,Brighton,Brentford,2,0,HOME_TEAM,2,0,15,16,5,6,6,9,D England,1.95,3.45,4.15,0.943363,1.10342
2021-12-27,2021-2022,Newcastle,Man United,1,1,DRAW,1,0,13,13,8,4,2,4,C Pawson,6.66,4.58,1.48,1.26586,1.75587
2021-12-28,2021-2022,Leicester,Liverpool,1,0,HOME_TEAM,0,0,6,21,1,4,1,12,M Oliver,7.72,5.72,1.36,0.615892,2.72682
2021-12-28,2021-2022,Watford,West Ham,1,4,AWAY_TEAM,1,2,14,13,5,6,4,5,D England,3.28,3.58,2.2,1.0143,2.84084
2021-12-28,2021-2022,Crystal Palace,Norwich,3,0,HOME_TEAM,3,0,19,12,6,3,8,8,P Tierney,1.68,3.74,5.68,2.38978,0.594134
2021-12-28,2021-2022,Southampton,Tottenham,1,1,DRAW,1,1,9,21,2,11,3,7,A Taylor,3.74,3.51,2.05,0.353043,2.80917
2021-12-29,2021-2022,Chelsea,Brighton,1,1,DRAW,1,0,11,18,5,6,10,8,M Dean,1.43,4.5,8.18,0.763458,0.78663
2021-12-29,2021-2022,Brentford,Man City,0,1,AWAY_TEAM,0,1,6,12,2,3,3,5,D Coote,17.6,7.93,1.17,0.238829,1.01763
2021-12-30,2021-2022,Man United,Burnley,3,1,HOME_TEAM,3,1,18,10,6,3,7,5,J Moss,1.38,4.99,8.54,1.80776,0.871738
2022-01-01,2021-2022,Arsenal,Man City,1,2,AWAY_TEAM,1,0,7,15,2,2,5,5,S Attwell,5.91,4.62,1.53,0.836949,1.94623
2022-01-01,2021-2022,Watford,Tottenham,0,1,AWAY_TEAM,0,0,6,21,4,9,3,7,R Jones,5.32,4.17,1.62,0.303514,1.93752
2022-01-01,2021-2022,Crystal Palace,West Ham,2,3,AWAY_TEAM,0,3,22,10,6,5,9,1,D England,3.09,3.46,2.33,2.69204,2.23146
2022-01-02,2021-2022,Brentford,Aston Villa,2,1,HOME_TEAM,1,1,10,16,4,5,3,7,C Pawson,3.0,3.31,2.45,0.501329,1.13821
2022-01-02,2021-2022,Everton,Brighton,2,3,AWAY_TEAM,0,2,17,12,6,5,8,5,J Brooks,2.78,3.16,2.72,1.82698,1.48397
2022-01-02,2021-2022,Leeds,Burnley,3,1,HOME_TEAM,1,0,22,8,7,2,9,3,P Tierney,2.03,3.57,3.65,2.04186,0.960493
2022-01-02,2021-2022,Chelsea,Liverpool,2,2,DRAW,2,2,15,10,6,6,6,7,A Taylor,3.06,3.54,2.31,1.389,1.78897
2022-01-03,2021-2022,Man United,Wolves,0,1,AWAY_TEAM,0,0,9,19,2,6,3,8,M Dean,1.56,4.17,6.08,0.768752,0.840925
2022-01-11,2021-2022,Southampton,Brentford,4,1,HOME_TEAM,2,1,12,5,6,4,5,2,S Attwell,2.11,3.37,3.73,1.59306,0.621466
2022-01-12,2021-2022,West Ham,Norwich,2,0,HOME_TEAM,1,0,13,7,5,3,11,2,S Hooper,1.31,5.52,10.28,2.89217,0.343347
2022-01-14,2021-2022,Brighton,Crystal Palace,1,1,DRAW,0,0,19,3,4,1,9,0,R Jones,2.1,3.28,3.91,2.18053,0.509681
2022-01-15,2021-2022,Aston Villa,Man United,2,2,DRAW,0,1,13,13,9,6,3,6,D Coote,2.92,3.49,2.42,1.82784,1.35378
2022-01-15,2021-2022,Wolves,Southampton,3,1,HOME_TEAM,1,0,9,13,5,10,2,10,M Salisbury,2.32,3.16,3.4,2.29917,0.91728
2022-01-15,2021-2022,Norwich,Everton,2,1,HOME_TEAM,2,0,14,12,3,5,8,8,A Madley,3.74,3.48,2.05,1.00153,0.541027
2022-01-15,2021-2022,Newcastle,Watford,1,1,DRAW,0,0,12,18,1,5,4,6,P Tierney,2.06,3.62,3.55,1.03855,1.49623
2022-01-15,2021-2022,Man City,Chelsea,1,0,HOME_TEAM,0,0,11,4,6,1,9,1,C Pawson,1.72,3.87,5.0,0.901703,0.613757
2022-01-16,2021-2022,Liverpool,Brentford,3,0,HOME_TEAM,1,0,27,6,13,1,9,0,J Moss,1.3,5.68,10.64,3.49099,0.376656
2022-01-16,2021-2022,West Ham,Leeds,2,3,AWAY_TEAM,1,2,15,18,5,5,4,3,M Dean,1.65,4.21,4.98,2.3549,2.26884
2022-01-18,2021-2022,Brighton,Chelsea,1,1,DRAW,0,1,10,15,2,3,5,7,K Friend,4.81,3.72,1.77,0.747557,0.572994
2022-01-19,2021-2022,Leicester,Tottenham,2,3,AWAY_TEAM,1,1,14,27,4,10,3,8,J Moss,3.04,3.42,2.36,1.95031,4.24711
2022-01-19,2021-2022,Brentford,Man United,1,3,AWAY_TEAM,0,0,18,13,8,5,6,9,A Marriner,4.51,3.64,1.83,2.081,2.05969
2022-01-21,2021-2022,Watford,Norwich,0,3,AWAY_TEAM,0,0,15,7,4,2,5,1,M Dean,2.07,3.52,3.63,1.30606,0.925212
2022-01-22,2021-2022,Everton,Aston Villa,0,1,AWAY_TEAM,0,1,15,8,1,3,9,2,C Pawson,2.75,3.29,2.66,1.2384,0.860245
2022-01-22,2021-2022,Brentford,Wolves,1,2,AWAY_TEAM,0,0,11,7,1,2,6,3,P Bankes,3.09,3.05,2.54,0.742573,0.218211
2022-01-22,2021-2022,Leeds,Newcastle,0,1,AWAY_TEAM,0,0,13,15,4,3,6,7,C Kavanagh,2.01,3.72,3.63,1.12992,1.15904
2022-01-22,2021-2022,Man United,West Ham,1,0,HOME_TEAM,0,0,18,6,3,1,3,3,J Moss,1.91,3.8,3.88,1.75857,0.238027
2022-01-22,2021-2022,Southampton,Man City,1,1,DRAW,1,0,7,20,3,5,2,11,S Hooper,10.18,6.08,1.28,1.00222,1.62907
2022-01-23,2021-2022,Leicester,Brighton,1,1,DRAW,0,0,15,14,5,5,4,5,M Atkinson,2.55,3.37,2.8,1.70979,1.19738
2022-01-23,2021-2022,Chelsea,Tottenham,2,0,HOME_TEAM,0,0,15,6,7,3,10,3,P Tierney,1.69,3.99,4.96,1.04212,0.328818
2022-01-23,2021-2022,Arsenal,Burnley,0,0,DRAW,0,0,20,10,5,1,12,4,D Coote,1.36,4.97,9.11,1.35507,0.388963
2022-01-23,2021-2022,Crystal Palace,Liverpool,1,3,AWAY_TEAM,0,2,8,15,5,7,2,5,K Friend,5.73,4.21,1.58,1.62615,1.49697
2022-02-05,2021-2022,Burnley,Watford,0,0,DRAW,0,0,13,11,2,5,4,7,C Pawson,2.21,3.27,3.51,0.765905,0.933965
2022-02-08,2021-2022,Newcastle,Everton,3,1,HOME_TEAM,1,1,20,11,9,3,6,2,A Taylor,2.52,3.38,2.88,2.68732,0.823607
2022-02-08,2021-2022,West Ham,Watford,1,0,HOME_TEAM,0,0,9,6,3,1,5,6,M Atkinson,1.55,4.3,6.28,0.905143,0.335474
2022-02-08,2021-2022,Burnley,Man United,1,1,DRAW,0,1,9,22,3,5,2,10,M Dean,5.82,4.07,1.61,0.772721,1.83387
2022-02-09,2021-2022,Tottenham,Southampton,2,3,AWAY_TEAM,1,1,8,23,3,10,2,8,D Coote,1.61,4.13,5.57,1.74286,1.73293
2022-02-09,2021-2022,Aston Villa,Leeds,3,3,DRAW,3,2,12,16,4,8,6,11,J Gillett,1.8,3.96,4.26,1.5013,2.52914
2022-02-09,2021-2022,Man City,Brentford,2,0,HOME_TEAM,1,0,15,6,7,2,9,3,D England,1.11,9.98,23.47,1.98246,0.461305
2022-02-09,2021-2022,Norwich,Crystal Palace,1,1,DRAW,1,0,5,13,1,5,4,6,P Tierney,3.5,3.36,2.18,0.296411,1.22883
2022-02-10,2021-2022,Liverpool,Leicester,2,0,HOME_TEAM,1,0,22,5,11,1,7,6,C Kavanagh,1.26,6.56,10.5,2.72997,0.544954
2022-02-10,2021-2022,Wolves,Arsenal,0,1,AWAY_TEAM,0,1,15,12,4,2,7,4,M Oliver,3.57,3.25,2.2,0.641359,1.45247
2022-02-12,2021-2022,Man United,Southampton,1,1,DRAW,1,0,12,13,8,4,1,4,S Attwell,1.61,4.22,5.43,2.99207,0.677386
2022-02-12,2021-2022,Brentford,Crystal Palace,0,0,DRAW,0,0,9,6,2,3,3,9,S Hooper,2.66,3.09,2.92,1.97576,0.49802
2022-02-12,2021-2022,Everton,Leeds,3,0,HOME_TEAM,2,0,21,7,10,0,5,3,G Scott,2.32,3.64,2.99,2.58561,0.242668
2022-02-12,2021-2022,Watford,Brighton,0,2,AWAY_TEAM,0,1,9,11,1,6,4,5,J Moss,3.7,3.27,2.14,0.532979,1.80456
2022-02-12,2021-2022,Norwich,Man City,0,4,AWAY_TEAM,0,1,8,22,3,9,4,12,A Marriner,18.09,7.86,1.17,0.356755,4.44653
2022-02-13,2021-2022,Leicester,West Ham,2,2,DRAW,1,1,13,8,2,3,5,4,M Oliver,2.88,3.58,2.4,1.40693,0.745068
2022-02-13,2021-2022,Tottenham,Wolves,0,2,AWAY_TEAM,0,2,17,11,7,7,7,3,K Friend,1.68,3.76,5.57,0.838197,1.87026
2022-02-13,2021-2022,Burnley,Liverpool,0,1,AWAY_TEAM,0,1,8,12,5,4,5,8,M Atkinson,10.72,5.75,1.29,1.16081,1.95722
2022-02-13,2021-2022,Newcastle,Aston Villa,1,0,HOME_TEAM,1,0,10,11,2,1,3,6,C Pawson,2.72,3.44,2.6,0.527571,0.455206
2022-02-15,2021-2022,Man United,Brighton,2,0,HOME_TEAM,0,0,19,10,7,3,10,2,P Bankes,1.78,3.78,4.74,2.74936,1.26179
2022-02-19,2021-2022,West Ham,Newcastle,1,1,DRAW,1,1,11,14,3,3,3,7,C Kavanagh,1.7,3.91,5.11,0.847948,0.932574
2022-02-19,2021-2022,Arsenal,Brentford,2,1,HOME_TEAM,0,0,24,6,8,2,14,0,J Moss,1.46,4.46,7.68,1.52247,0.640726
2022-02-19,2021-2022,Aston Villa,Watford,0,1,AWAY_TEAM,0,0,20,8,1,4,10,5,R Jones,1.67,3.93,5.41,1.0267,1.82051
2022-02-19,2021-2022,Brighton,Burnley,0,3,AWAY_TEAM,0,2,11,10,1,4,4,4,K Friend,1.67,3.74,5.75,0.44587,0.821228
2022-02-19,2021-2022,Crystal Palace,Chelsea,0,1,AWAY_TEAM,0,0,7,9,0,3,4,4,D Coote,5.59,3.9,1.65,0.624023,1.12339
2022-02-19,2021-2022,Liverpool,Norwich,3,1,HOME_TEAM,0,0,29,6,8,1,9,4,M Dean,1.12,9.63,24.83,3.15449,0.66975
2022-02-19,2021-2022,Southampton,Everton,2,0,HOME_TEAM,0,0,19,9,11,0,4,4,A Madley,2.08,3.56,3.58,2.72851,0.19991
2022-02-19,2021-2022,Man City,Tottenham,2,3,AWAY_TEAM,1,1,21,6,4,5,10,0,A Taylor,1.29,5.87,10.84,2.31773,2.00235
2022-02-20,2021-2022,Leeds,Man United,2,4,AWAY_TEAM,0,2,16,15,6,9,3,3,P Tierney,3.91,3.86,1.9,1.74476,2.60999
2022-02-20,2021-2022,Wolves,Leicester,2,1,HOME_TEAM,1,1,11,17,3,7,7,10,C Pawson,2.29,3.28,3.33,0.472777,1.55048
2022-02-23,2021-2022,Burnley,Tottenham,1,0,HOME_TEAM,0,0,15,12,4,2,3,7,G Scott,4.72,3.73,1.79,1.55576,0.691655
2022-02-23,2021-2022,Watford,Crystal Palace,1,4,AWAY_TEAM,1,2,8,7,1,5,6,4,A Marriner,3.2,3.24,2.4,1.71917,0.818403
2022-02-23,2021-2022,Liverpool,Leeds,6,0,HOME_TEAM,3,0,23,3,15,2,4,0,M Oliver,1.16,8.73,16.66,5.3303,0.141547
2022-02-24,2021-2022,Arsenal,Wolves,2,1,HOME_TEAM,0,1,26,6,5,2,5,4,M Atkinson,1.65,3.8,5.83,2.50961,1.10934
2022-02-25,2021-2022,Southampton,Norwich,2,0,HOME_TEAM,1,0,27,8,9,1,13,6,S Hooper,1.54,4.37,6.22,3.08863,0.424877
2022-02-26,2021-2022,Leeds,Tottenham,0,4,AWAY_TEAM,0,3,19,15,3,11,3,6,C Pawson,4.03,3.96,1.86,1.89569,2.47025
2022-02-26,2021-2022,Brentford,Newcastle,0,2,AWAY_TEAM,0,2,6,26,1,11,6,6,M Dean,2.52,3.17,3.04,0.494232,2.25373
2022-02-26,2021-2022,Crystal Palace,Burnley,1,1,DRAW,1,0,11,5,4,1,5,4,J Moss,1.97,3.42,4.19,1.03765,0.255988
2022-02-26,2021-2022,Man United,Watford,0,0,DRAW,0,0,22,10,3,2,4,3,K Friend,1.34,5.44,9.04,2.41457,0.437185
2022-02-26,2021-2022,Brighton,Aston Villa,0,2,AWAY_TEAM,0,1,12,9,1,4,7,2,J Brooks,2.27,3.28,3.41,0.627107,1.3027
2022-02-26,2021-2022,Everton,Man City,0,1,AWAY_TEAM,0,0,6,13,2,8,3,4,P Tierney,10.95,6.04,1.28,0.770819,1.93422
2022-02-27,2021-2022,West Ham,Wolves,1,0,HOME_TEAM,0,0,13,14,4,1,3,5,A Taylor,2.11,3.24,3.89,1.62241,0.892018
2022-03-01,2021-2022,Burnley,Leicester,0,2,AWAY_TEAM,0,0,9,22,2,6,6,8,C Kavanagh,2.94,3.34,2.52,1.04214,1.79558
2022-03-05,2021-2022,Leicester,Leeds,1,0,HOME_TEAM,0,0,7,19,4,4,5,10,D Coote,1.8,4.12,4.14,0.359129,2.14389
2022-03-05,2021-2022,Aston Villa,Southampton,4,0,HOME_TEAM,2,0,14,11,9,1,4,7,P Bankes,2.36,3.48,3.04,2.85379,1.32947
2022-03-05,2021-2022,Burnley,Chelsea,0,4,AWAY_TEAM,0,0,6,11,1,5,5,2,A Marriner,7.44,4.15,1.5,0.849232,2.2868
2022-03-05,2021-2022,Newcastle,Brighton,2,1,HOME_TEAM,2,0,10,15,4,4,4,7,M Atkinson,2.77,3.19,2.74,1.58028,1.64995
2022-03-05,2021-2022,Norwich,Brentford,1,3,AWAY_TEAM,0,1,15,10,7,6,5,5,A Taylor,2.95,3.15,2.6,0.77334,2.22064
2022-03-05,2021-2022,Wolves,Crystal Palace,0,2,AWAY_TEAM,0,2,12,12,5,8,7,7,A Madley,2.37,3.1,3.4,0.710865,2.53759
2022-03-05,2021-2022,Liverpool,West Ham,1,0,HOME_TEAM,1,0,22,13,5,5,4,6,J Moss,1.3,5.86,9.95,2.18865,1.33829
2022-03-06,2021-2022,Man City,Man United,4,1,HOME_TEAM,2,1,24,5,10,2,9,3,M Oliver,1.41,4.91,7.86,2.74434,0.361782
2022-03-06,2021-2022,Watford,Arsenal,2,3,AWAY_TEAM,1,2,13,16,7,4,1,5,C Pawson,6.14,4.02,1.59,1.29603,1.00457
2022-03-07,2021-2022,Tottenham,Everton,5,0,HOME_TEAM,3,0,14,6,7,0,5,2,S Attwell,1.61,4.13,5.61,3.24279,0.208263
2022-03-10,2021-2022,Norwich,Chelsea,1,3,AWAY_TEAM,0,2,9,15,3,7,3,8,M Atkinson,11.9,5.59,1.29,0.965723,2.1308
2022-03-10,2021-2022,Southampton,Newcastle,1,2,AWAY_TEAM,1,1,14,8,5,4,12,5,K Friend,2.0,3.7,3.71,1.79835,0.812233
2022-03-10,2021-2022,Wolves,Watford,4,0,HOME_TEAM,3,0,10,9,5,0,5,2,D England,1.82,3.5,4.84,1.55037,0.498696
2022-03-10,2021-2022,Leeds,Aston Villa,0,3,AWAY_TEAM,0,1,4,15,1,9,3,5,S Hooper,2.72,3.59,2.54,0.194028,1.2729
2022-03-12,2021-2022,Brighton,Liverpool,0,2,AWAY_TEAM,0,1,8,18,3,9,7,6,M Dean,6.2,4.47,1.53,0.629316,2.48312
2022-03-12,2021-2022,Brentford,Burnley,2,0,HOME_TEAM,0,0,13,7,4,1,2,9,P Tierney,2.2,3.23,3.65,1.82002,0.825311
2022-03-12,2021-2022,Man United,Tottenham,3,2,HOME_TEAM,2,1,10,10,6,3,4,5,J Moss,2.18,3.56,3.33,1.0181,1.62374
2022-03-13,2021-2022,Chelsea,Newcastle,1,0,HOME_TEAM,0,0,8,7,3,2,7,2,D Coote,1.33,5.3,10.16,1.07072,0.246037
2022-03-13,2021-2022,Everton,Wolves,0,1,AWAY_TEAM,0,0,8,14,2,3,5,2,M Oliver,2.31,3.24,3.35,0.397268,0.712135
2022-03-13,2021-2022,Leeds,Norwich,2,1,HOME_TEAM,1,0,13,12,7,4,6,2,S Attwell,1.6,4.31,5.51,3.11755,1.40148
2022-03-13,2021-2022,Southampton,Watford,1,2,AWAY_TEAM,1,2,13,9,7,5,11,3,G Scott,1.61,4.17,5.59,1.25696,1.29385
2022-03-13,2021-2022,West Ham,Aston Villa,2,1,HOME_TEAM,0,0,11,13,4,7,5,7,J Gillett,2.33,3.31,3.24,1.58468,1.05391
2022-03-13,2021-2022,Arsenal,Leicester,2,0,HOME_TEAM,1,0,21,6,8,3,2,6,A Taylor,1.53,4.55,6.0,2.93665,0.54911
2022-03-14,2021-2022,Crystal Palace,Man City,0,0,DRAW,0,0,7,18,1,4,2,6,M Atkinson,9.82,5.5,1.32,0.474002,2.04021
2022-03-16,2021-2022,Brighton,Tottenham,0,2,AWAY_TEAM,0,1,15,17,0,7,6,3,R Jones,3.28,3.34,2.3,1.04171,2.05196
2022-03-16,2021-2022,Arsenal,Liverpool,0,2,AWAY_TEAM,0,0,9,9,2,3,1,6,A Marriner,3.78,3.98,1.92,0.534265,1.27681
2022-03-17,2021-2022,Everton,Newcastle,1,0,HOME_TEAM,0,0,9,17,3,6,5,7,C Pawson,2.37,3.38,3.11,0.708809,0.75803
2022-03-18,2021-2022,Wolves,Leeds,2,3,AWAY_TEAM,2,0,14,15,8,6,2,5,K Friend,2.14,3.49,3.56,1.24075,2.82103
2022-03-19,2021-2022,Aston Villa,Arsenal,0,1,AWAY_TEAM,0,1,8,10,1,3,6,5,A Madley,2.99,3.47,2.41,0.309375,1.14522
2022-03-20,2021-2022,Leicester,Brentford,2,1,HOME_TEAM,2,0,12,15,4,6,2,5,D England,2.19,3.45,3.41,1.27865,1.72466
2022-03-20,2021-2022,Tottenham,West Ham,3,1,HOME_TEAM,2,1,17,6,4,1,5,3,A Taylor,1.75,3.94,4.7,2.54795,0.644964
2022-04-02,2021-2022,Liverpool,Watford,2,0,HOME_TEAM,1,0,20,5,3,2,9,3,S Attwell,1.13,9.36,21.82,2.23651,0.753307
2022-04-02,2021-2022,Brighton,Norwich,0,0,DRAW,0,0,31,6,4,0,11,2,S Hooper,1.5,4.12,7.51,2.38297,0.494112
2022-04-02,2021-2022,Burnley,Man City,0,2,AWAY_TEAM,0,2,3,18,1,6,1,8,C Pawson,13.75,6.54,1.23,0.0591223,1.62008
2022-04-02,2021-2022,Chelsea,Brentford,1,4,AWAY_TEAM,0,0,21,17,8,6,12,7,A Madley,1.35,4.99,10.04,1.29014,2.43422
2022-04-02,2021-2022,Leeds,Southampton,1,1,DRAW,1,0,12,14,3,6,4,7,A Taylor,2.42,3.61,2.86,1.50715,2.06387
2022-04-02,2021-2022,Wolves,Aston Villa,2,1,HOME_TEAM,2,0,11,15,5,5,4,9,D England,3.01,3.1,2.59,1.62151,1.91256
2022-04-02,2021-2022,Man United,Leicester,1,1,DRAW,0,0,11,11,5,3,6,5,A Marriner,1.52,4.6,6.1,0.902127,1.07638
2022-04-03,2021-2022,West Ham,Everton,2,1,HOME_TEAM,1,0,11,13,5,2,2,4,M Oliver,1.79,3.75,4.6,1.49657,0.657846
2022-04-03,2021-2022,Tottenham,Newcastle,5,1,HOME_TEAM,1,1,19,8,6,1,2,3,M Atkinson,1.52,4.36,6.58,3.6081,0.538152
2022-04-04,2021-2022,Crystal Palace,Arsenal,3,0,HOME_TEAM,2,0,6,12,5,3,0,2,P Tierney,4.05,3.41,1.99,1.39707,1.05199
2022-04-06,2021-2022,Burnley,Everton,3,2,HOME_TEAM,1,2,13,16,4,4,9,6,M Dean,2.57,3.16,2.98,2.24439,2.31574
2022-04-08,2021-2022,Newcastle,Wolves,1,0,HOME_TEAM,0,0,12,5,4,2,1,2,P Bankes,2.31,3.11,3.51,1.43878,0.306867
2022-04-09,2021-2022,Everton,Man United,1,0,HOME_TEAM,1,0,7,12,3,4,5,7,J Moss,4.48,3.84,1.8,0.357295,0.762357
2022-04-09,2021-2022,Arsenal,Brighton,1,2,AWAY_TEAM,0,1,20,8,4,3,11,2,D Coote,1.65,3.9,5.64,2.35153,0.596106
2022-04-09,2021-2022,Southampton,Chelsea,0,6,AWAY_TEAM,0,4,4,24,1,14,3,3,K Friend,3.98,3.69,1.93,0.564726,4.39683
2022-04-09,2021-2022,Watford,Leeds,0,3,AWAY_TEAM,0,1,8,10,1,5,3,8,A Marriner,2.69,3.54,2.58,1.07422,0.895612
2022-04-09,2021-2022,Aston Villa,Tottenham,0,4,AWAY_TEAM,0,1,9,11,8,5,9,3,G Scott,3.15,3.55,2.27,1.48712,0.983601
2022-04-10,2021-2022,Brentford,West Ham,2,0,HOME_TEAM,0,0,15,5,7,1,4,6,M Atkinson,2.69,3.31,2.73,1.85534,0.244824
2022-04-10,2021-2022,Leicester,Crystal Palace,2,1,HOME_TEAM,2,0,12,11,3,3,3,4,R Jones,2.41,3.44,2.98,0.879235,1.52767
2022-04-10,2021-2022,Norwich,Burnley,2,0,HOME_TEAM,1,0,17,18,6,4,6,7,M Oliver,2.97,3.19,2.56,1.6723,1.44652
2022-04-10,2021-2022,Man City,Liverpool,2,2,DRAW,2,1,11,6,5,4,4,1,A Taylor,2.06,3.71,3.5,1.34647,1.29983
2022-04-16,2021-2022,Tottenham,Brighton,0,1,AWAY_TEAM,0,0,5,12,0,5,4,4,C Pawson,1.54,4.25,6.35,0.58624,0.711155
2022-04-16,2021-2022,Man United,Norwich,3,2,HOME_TEAM,2,1,20,15,9,4,6,7,A Madley,1.24,6.45,12.84,1.66737,1.79754
2022-04-16,2021-2022,Southampton,Arsenal,1,0,HOME_TEAM,1,0,9,23,3,6,6,8,P Bankes,3.9,3.68,1.95,1.04007,1.35002
2022-04-16,2021-2022,Watford,Brentford,1,2,AWAY_TEAM,0,1,17,16,4,5,6,5,S Hooper,2.86,3.28,2.59,1.50381,2.12457
2022-04-17,2021-2022,West Ham,Burnley,1,1,DRAW,0,1,21,9,8,1,13,4,P Tierney,1.72,3.84,5.02,2.79175,1.88137
2022-04-17,2021-2022,Newcastle,Leicester,2,1,HOME_TEAM,1,1,16,8,7,2,3,5,J Gillett,2.25,3.38,3.32,2.54294,0.541084
2022-04-19,2021-2022,Liverpool,Man United,4,0,HOME_TEAM,2,0,14,2,5,1,10,2,M Atkinson,1.41,5.21,7.44,2.25967,0.110227
2022-04-20,2021-2022,Chelsea,Arsenal,2,4,AWAY_TEAM,2,2,11,14,2,4,6,1,J Moss,1.87,3.64,4.34,0.593801,1.87331
2022-04-20,2021-2022,Everton,Leicester,1,1,DRAW,0,1,13,11,3,3,5,4,D Coote,2.32,3.45,3.15,1.68819,0.786333
2022-04-20,2021-2022,Newcastle,Crystal Palace,1,0,HOME_TEAM,1,0,13,10,4,2,2,5,T Harrington,2.34,3.26,3.25,0.767855,0.432788
2022-04-20,2021-2022,Man City,Brighton,3,0,HOME_TEAM,0,0,17,2,5,1,7,4,M Dean,1.2,6.85,17.12,1.52844,0.117354
2022-04-21,2021-2022,Burnley,Southampton,2,0,HOME_TEAM,2,0,16,11,6,3,10,10,S Attwell,2.76,3.41,2.61,2.14743,1.31837
2022-04-23,2021-2022,Leicester,Aston Villa,0,0,DRAW,0,0,5,11,2,3,7,6,A Madley,2.85,3.39,2.54,0.235635,0.593202
2022-04-23,2021-2022,Arsenal,Man United,3,1,HOME_TEAM,2,1,14,14,7,5,1,7,C Pawson,2.11,3.58,3.5,2.54173,2.04244
2022-04-23,2021-2022,Man City,Watford,5,1,HOME_TEAM,3,1,21,5,8,2,11,4,K Friend,1.11,9.78,25.83,3.68,0.42632
2022-04-23,2021-2022,Norwich,Newcastle,0,3,AWAY_TEAM,0,2,5,13,2,7,2,3,C Kavanagh,3.55,3.33,2.18,0.657661,1.87558
2022-04-23,2021-2022,Brentford,Tottenham,0,0,DRAW,0,0,15,9,2,0,12,8,M Atkinson,4.28,3.67,1.87,1.3153,0.517755
2022-04-24,2021-2022,Chelsea,West Ham,1,0,HOME_TEAM,0,0,26,6,5,2,3,1,M Oliver,1.53,4.37,6.4,2.34959,0.388975
2022-04-24,2021-2022,Liverpool,Everton,2,0,HOME_TEAM,0,0,18,9,4,1,13,1,S Attwell,1.19,7.35,15.64,1.70397,0.424961
2022-04-24,2021-2022,Brighton,Southampton,2,2,DRAW,2,1,8,18,5,5,6,6,R Jones,2.17,3.32,3.59,1.87343,0.926764
2022-04-24,2021-2022,Burnley,Wolves,1,0,HOME_TEAM,0,0,14,10,5,4,3,6,A Taylor,2.71,3.11,2.86,1.27298,0.592902
2022-04-25,2021-2022,Crystal Palace,Leeds,0,0,DRAW,0,0,17,9,7,2,6,3,D England,2.08,3.59,3.53,1.61656,0.374044
2022-04-28,2021-2022,Man United,Chelsea,1,1,DRAW,0,0,6,21,3,6,2,9,M Dean,3.17,3.57,2.25,0.618456,2.46868
2022-04-30,2021-2022,Newcastle,Liverpool,0,1,AWAY_TEAM,0,1,4,24,2,10,0,6,A Marriner,7.81,4.87,1.41,0.115353,2.73435
2022-04-30,2021-2022,Aston Villa,Norwich,2,0,HOME_TEAM,1,0,21,9,6,3,2,3,J Brooks,1.4,4.94,8.3,2.31192,0.352212
2022-04-30,2021-2022,Southampton,Crystal Palace,1,2,AWAY_TEAM,1,0,8,14,3,5,6,7,J Gillett,2.41,3.37,3.05,0.650256,0.756217
2022-04-30,2021-2022,Watford,Burnley,1,2,AWAY_TEAM,1,0,13,17,1,6,5,6,C Pawson,2.68,3.31,2.75,0.785742,1.37022
2022-04-30,2021-2022,Wolves,Brighton,0,3,AWAY_TEAM,0,1,11,17,1,9,7,3,S Hooper,2.75,3.09,2.83,0.525912,2.90679
2022-04-30,2021-2022,Leeds,Man City,0,4,AWAY_TEAM,0,1,7,19,2,6,3,6,P Tierney,9.69,5.85,1.31,1.03608,3.01431
2022-05-01,2021-2022,Tottenham,Leicester,3,1,HOME_TEAM,1,0,13,6,7,2,7,3,J Moss,1.46,4.8,6.88,1.65338,0.274133
2022-05-01,2021-2022,West Ham,Arsenal,1,2,AWAY_TEAM,1,1,8,13,3,7,3,7,M Dean,4.54,3.84,1.79,0.451976,0.964564
2022-05-01,2021-2022,Everton,Chelsea,1,0,HOME_TEAM,0,0,9,17,4,5,3,8,K Friend,4.83,3.71,1.77,1.11712,1.21141
2022-05-02,2021-2022,Man United,Brentford,3,0,HOME_TEAM,1,0,9,12,5,4,3,8,C Kavanagh,1.76,3.95,4.51,1.84111,0.681425
2022-05-07,2021-2022,Brentford,Southampton,3,0,HOME_TEAM,2,0,18,19,5,4,4,7,M Salisbury,2.21,3.44,3.35,3.68223,0.988574
2022-05-07,2021-2022,Burnley,Aston Villa,1,3,AWAY_TEAM,0,2,14,12,6,7,4,5,D Coote,3.0,3.33,2.46,1.31028,1.81256
2022-05-07,2021-2022,Chelsea,Wolves,2,2,DRAW,0,0,19,14,6,4,9,3,P Bankes,1.36,4.95,9.62,1.82098,1.6842
2022-05-07,2021-2022,Crystal Palace,Watford,1,0,HOME_TEAM,1,0,15,6,7,1,8,5,G Scott,1.69,3.89,5.2,2.49142,0.255373
2022-05-07,2021-2022,Brighton,Man United,4,0,HOME_TEAM,1,0,17,15,6,5,7,6,A Madley,2.8,3.44,2.56,2.82636,0.930715
2022-05-07,2021-2022,Liverpool,Tottenham,1,1,DRAW,0,0,22,8,3,3,11,5,M Oliver,1.46,4.89,6.68,1.0481,0.982635
2022-05-08,2021-2022,Man City,Newcastle,5,0,HOME_TEAM,2,0,21,7,9,3,8,2,S Attwell,1.18,7.63,17.16,4.05613,0.995099
2022-05-08,2021-2022,Norwich,West Ham,0,4,AWAY_TEAM,0,3,8,13,2,5,9,5,R Jones,4.51,3.81,1.8,0.77895,3.25894
2022-05-08,2021-2022,Arsenal,Leeds,2,1,HOME_TEAM,2,0,19,3,9,2,8,2,C Kavanagh,1.46,4.81,6.77,2.7227,0.696785
2022-05-08,2021-2022,Leicester,Everton,1,2,AWAY_TEAM,1,2,16,10,9,4,6,1,C Pawson,2.61,3.34,2.8,1.47479,1.55635
2022-05-10,2021-2022,Aston Villa,Liverpool,1,2,AWAY_TEAM,1,1,9,17,4,6,2,3,J Moss,7.35,4.85,1.44,1.44726,1.75417
2022-05-11,2021-2022,Leeds,Chelsea,0,3,AWAY_TEAM,0,1,5,17,0,4,1,5,A Taylor,4.98,4.17,1.67,0.499789,1.46853
2022-05-11,2021-2022,Leicester,Norwich,3,0,HOME_TEAM,0,0,20,9,8,5,10,2,S Hooper,1.44,4.9,7.02,2.57058,1.21966
2022-05-11,2021-2022,Watford,Everton,0,0,DRAW,0,0,6,16,0,5,1,13,M Dean,4.26,3.68,1.87,0.232236,0.812193
2022-05-11,2021-2022,Wolves,Man City,1,5,AWAY_TEAM,1,3,7,16,3,5,6,2,M Atkinson,12.83,5.88,1.26,0.411857,3.39304
2022-05-12,2021-2022,Tottenham,Arsenal,3,0,HOME_TEAM,2,0,16,8,6,4,2,2,P Tierney,2.12,3.6,3.42,3.42522,0.387446
2022-05-15,2021-2022,Wolves,Norwich,1,1,DRAW,0,1,17,11,4,2,5,3,T Harrington,1.46,4.58,7.25,0.999066,1.53212
2022-05-15,2021-2022,Tottenham,Burnley,1,0,HOME_TEAM,1,0,21,8,8,1,8,2,K Friend,1.34,5.36,9.11,2.39449,0.629888
2022-05-15,2021-2022,Aston Villa,Crystal Palace,1,1,DRAW,0,0,13,16,4,4,1,5,C Kavanagh,2.06,3.55,3.63,0.799443,1.39009
2022-05-15,2021-2022,Leeds,Brighton,1,1,DRAW,0,1,19,16,5,6,8,1,M Dean,2.67,3.52,2.61,2.22282,2.25898
2022-05-15,2021-2022,Watford,Leicester,1,5,AWAY_TEAM,1,2,13,13,5,7,7,3,J Gillett,3.65,3.68,2.02,2.58968,2.27297
2022-05-15,2021-2022,West Ham,Man City,2,2,DRAW,2,0,6,31,2,8,4,9,A Taylor,8.01,5.2,1.38,1.0088,2.14723
2022-05-15,2021-2022,Everton,Brentford,2,3,AWAY_TEAM,2,1,10,18,5,7,5,2,M Oliver,2.1,3.55,3.53,2.69589,1.81626
2022-05-16,2021-2022,Newcastle,Arsenal,2,0,HOME_TEAM,0,0,16,11,4,2,12,8,D England,4.14,3.68,1.88,1.68299,0.492454
2022-05-17,2021-2022,Southampton,Liverpool,1,2,AWAY_TEAM,1,1,4,24,2,5,1,9,M Atkinson,8.02,5.49,1.37,0.121506,1.19178
2022-05-19,2021-2022,Everton,Crystal Palace,3,2,HOME_TEAM,0,2,12,7,6,5,4,5,A Taylor,1.95,3.47,4.16,0.813157,1.6023
2022-05-19,2021-2022,Aston Villa,Burnley,1,1,DRAW,0,1,22,10,9,5,13,6,P Tierney,2.05,3.56,3.7,0.996403,1.63117
2022-05-19,2021-2022,Chelsea,Leicester,1,1,DRAW,1,1,20,2,7,1,6,0,S Attwell,1.38,4.91,8.66,1.61996,0.0417972
2022-05-22,2021-2022,Norwich,Tottenham,0,5,AWAY_TEAM,0,2,9,19,0,13,3,2,C Kavanagh,11.19,6.45,1.26,0.310789,3.815
2022-05-22,2021-2022,Man City,Aston Villa,3,2,HOME_TEAM,0,1,24,4,5,2,13,1,M Oliver,1.16,8.18,18.24,3.3209,0.247841
2022-05-22,2021-2022,Liverpool,Wolves,3,1,HOME_TEAM,1,1,29,7,8,5,5,3,A Taylor,1.16,8.12,18.95,3.19385,1.11708
2022-05-22,2021-2022,Leicester,Southampton,4,1,HOME_TEAM,0,0,12,7,6,2,3,3,J Moss,1.88,4.03,3.86,3.42058,1.05141
2022-05-22,2021-2022,Crystal Palace,Man United,1,0,HOME_TEAM,1,0,6,10,3,4,3,6,M Atkinson,3.1,3.66,2.25,0.354618,0.782005
2022-05-22,2021-2022,Chelsea,Watford,2,1,HOME_TEAM,1,0,19,8,8,3,3,3,M Dean,1.17,7.89,17.63,2.59231,0.575755
2022-05-22,2021-2022,Burnley,Newcastle,1,2,AWAY_TEAM,0,1,12,8,5,6,8,2,C Pawson,2.24,3.48,3.25,1.49164,1.74291
2022-05-22,2021-2022,Brighton,West Ham,3,1,HOME_TEAM,0,1,18,7,7,2,5,6,K Friend,2.4,3.57,2.91,1.67774,0.268845
2022-05-22,2021-2022,Brentford,Leeds,1,2,AWAY_TEAM,0,0,14,14,5,6,3,2,P Tierney,2.41,3.76,2.79,0.844985,1.47786
2022-05-22,2021-2022,Arsenal,Everton,5,1,HOME_TEAM,2,1,26,6,9,2,12,2,A Marriner,1.37,5.15,8.69,4.35597,1.08601
2022-08-05,2022-2023,Crystal Palace,Arsenal,0,2,AWAY_TEAM,0,1,10,10,2,2,3,5,A Taylor,4.39,3.59,1.88,1.20637,1.43601
2022-08-06,2022-2023,Everton,Chelsea,0,1,AWAY_TEAM,0,1,8,15,4,6,4,16,C Pawson,5.74,3.96,1.63,0.541983,1.92315
2022-08-06,2022-2023,Tottenham,Southampton,4,1,HOME_TEAM,2,1,18,10,8,2,10,2,A Marriner,1.36,5.27,8.64,1.6172,0.386546
2022-08-06,2022-2023,Newcastle,Nott'm Forest,2,0,HOME_TEAM,0,0,23,5,10,0,11,1,S Hooper,1.67,3.8,5.57,1.8591,0.235825
2022-08-06,2022-2023,Bournemouth,Aston Villa,2,0,HOME_TEAM,1,0,7,15,3,2,5,5,P Bankes,3.8,3.5,2.04,0.588341,0.488895
2022-08-06,2022-2023,Fulham,Liverpool,2,2,DRAW,1,0,9,11,3,4,4,4,A Madley,10.99,6.05,1.28,1.26822,2.34111
2022-08-06,2022-2023,Leeds,Wolves,2,1,HOME_TEAM,1,1,12,15,4,6,6,4,R Jones,2.34,3.34,3.18,0.88917,1.10119
2022-08-07,2022-2023,Leicester,Brentford,2,2,DRAW,1,0,14,8,5,3,5,6,J Gillett,2.03,3.66,3.64,0.455695,0.931067
2022-08-07,2022-2023,Man United,Brighton,1,2,AWAY_TEAM,0,2,17,15,5,4,6,2,P Tierney,1.62,4.01,5.68,1.42103,1.7289
2022-08-07,2022-2023,West Ham,Man City,0,2,AWAY_TEAM,0,1,6,14,1,2,1,4,M Oliver,8.32,5.25,1.37,0.246188,2.58739
2022-08-13,2022-2023,Aston Villa,Everton,2,1,HOME_TEAM,1,0,12,15,4,4,5,8,M Oliver,1.82,3.56,4.87,2.66696,1.37507
2022-08-13,2022-2023,Arsenal,Leicester,4,2,HOME_TEAM,2,0,19,6,7,2,6,2,D England,1.55,4.37,6.04,3.0107,0.690679
2022-08-13,2022-2023,Brighton,Newcastle,0,0,DRAW,0,0,13,4,7,1,7,3,G Scott,2.44,3.25,3.1,1.60835,0.183952
2022-08-13,2022-2023,Man City,Bournemouth,4,0,HOME_TEAM,3,0,19,3,7,1,11,1,D Coote,1.07,12.72,37.57,1.69064,0.123946
2022-08-13,2022-2023,Southampton,Leeds,2,2,DRAW,0,0,14,13,4,5,2,5,T Harrington,2.32,3.51,3.1,1.40906,1.99694
2022-08-13,2022-2023,Wolves,Fulham,0,0,DRAW,0,0,7,9,1,3,5,3,J Brooks,2.4,3.28,3.15,0.975375,1.08813
2022-08-13,2022-2023,Brentford,Man United,4,0,HOME_TEAM,4,0,13,15,7,4,8,2,S Attwell,3.77,3.56,2.02,1.38785,0.896038
2022-08-14,2022-2023,Nott'm Forest,West Ham,1,0,HOME_TEAM,1,0,13,19,6,5,6,7,R Jones,4.21,3.64,1.9,1.9717,2.08634
2022-08-14,2022-2023,Chelsea,Tottenham,2,2,DRAW,1,0,16,10,3,5,8,5,A Taylor,2.29,3.44,3.21,1.83945,1.58708
2022-08-15,2022-2023,Liverpool,Crystal Palace,1,1,DRAW,0,1,24,7,4,3,4,2,P Tierney,1.2,6.85,16.33,2.23596,1.64468
2022-08-20,2022-2023,Tottenham,Wolves,1,0,HOME_TEAM,0,0,11,20,4,3,8,6,S Hooper,1.41,4.88,7.96,1.46608,0.686123
2022-08-20,2022-2023,Crystal Palace,Aston Villa,3,1,HOME_TEAM,1,1,17,13,9,5,4,2,A Madley,2.52,3.2,3.0,2.91137,0.803828
2022-08-20,2022-2023,Everton,Nott'm Forest,1,1,DRAW,0,0,19,14,8,5,6,2,A Marriner,1.97,3.48,4.05,1.43408,0.918315
2022-08-20,2022-2023,Fulham,Brentford,3,2,HOME_TEAM,2,1,18,13,9,5,6,3,P Bankes,2.46,3.42,2.92,2.89934,1.59352
2022-08-20,2022-2023,Leicester,Southampton,1,2,AWAY_TEAM,0,0,6,9,1,3,2,5,M Salisbury,1.85,3.97,4.01,0.242948,1.24155
2022-08-20,2022-2023,Bournemouth,Arsenal,0,3,AWAY_TEAM,0,2,6,14,1,6,3,4,C Pawson,7.65,4.7,1.43,0.211335,1.71081
2022-08-21,2022-2023,Leeds,Chelsea,3,0,HOME_TEAM,2,0,12,14,6,3,4,6,S Attwell,5.93,4.43,1.55,2.20971,0.692492
2022-08-21,2022-2023,West Ham,Brighton,0,2,AWAY_TEAM,0,1,13,11,3,2,5,4,A Taylor,2.32,3.41,3.14,0.768634,1.82645
2022-08-21,2022-2023,Newcastle,Man City,3,3,DRAW,2,1,12,21,6,10,5,5,J Gillett,8.67,5.11,1.37,2.2127,3.67382
2022-08-22,2022-2023,Man United,Liverpool,2,1,HOME_TEAM,1,0,12,17,4,5,6,8,M Oliver,5.22,4.38,1.6,2.01764,1.52301
2022-08-27,2022-2023,Man City,Crystal Palace,4,2,HOME_TEAM,0,2,18,2,5,2,6,1,D England,1.19,7.56,15.25,2.3853,0.091976
2022-08-27,2022-2023,Liverpool,Bournemouth,9,0,HOME_TEAM,5,0,19,5,12,2,8,1,S Attwell,1.11,10.17,25.51,4.86035,0.180991
2022-08-27,2022-2023,Chelsea,Leicester,2,1,HOME_TEAM,0,0,7,17,3,5,3,11,P Tierney,1.42,4.93,7.52,1.74916,1.96023
2022-08-27,2022-2023,Arsenal,Fulham,2,1,HOME_TEAM,0,0,22,11,8,3,9,2,J Gillett,1.32,5.77,9.44,2.47427,0.926007
2022-08-27,2022-2023,Brentford,Everton,1,1,DRAW,0,1,19,14,5,7,8,5,J Brooks,2.06,3.47,3.77,2.28391,1.65465
2022-08-27,2022-2023,Southampton,Man United,0,1,AWAY_TEAM,0,0,17,11,5,6,5,3,A Madley,4.27,4.06,1.8,1.35887,1.34359
2022-08-27,2022-2023,Brighton,Leeds,1,0,HOME_TEAM,0,0,13,10,4,2,5,3,M Salisbury,1.91,3.73,4.04,1.60986,1.14874
2022-08-28,2022-2023,Aston Villa,West Ham,0,1,AWAY_TEAM,0,0,9,7,3,2,3,2,D Coote,2.3,3.43,3.18,0.304555,0.334589
2022-08-28,2022-2023,Wolves,Newcastle,1,1,DRAW,1,0,10,21,4,6,4,13,P Bankes,2.75,3.26,2.7,1.13248,1.93362
2022-08-28,2022-2023,Nott'm Forest,Tottenham,0,2,AWAY_TEAM,0,1,17,18,1,7,6,1,C Pawson,6.98,4.59,1.47,0.801369,2.44473
2022-08-30,2022-2023,Southampton,Chelsea,2,1,HOME_TEAM,2,1,9,10,7,4,5,3,M Oliver,5.22,4.16,1.65,1.44086,1.5047
2022-08-30,2022-2023,Leeds,Everton,1,1,DRAW,0,1,14,7,5,2,10,2,D England,2.14,3.57,3.46,1.04551,1.17189
2022-08-30,2022-2023,Crystal Palace,Brentford,1,1,DRAW,0,0,13,9,4,3,4,6,S Hooper,2.1,3.42,3.72,0.777363,1.61808
2022-08-30,2022-2023,Fulham,Brighton,2,1,HOME_TEAM,0,0,10,7,3,4,3,3,T Bramall,3.21,3.35,2.33,1.07093,1.75359
2022-08-31,2022-2023,Arsenal,Aston Villa,2,1,HOME_TEAM,1,0,22,4,9,3,10,3,R Jones,1.47,4.63,7.0,2.79971,0.297168
2022-08-31,2022-2023,Bournemouth,Wolves,0,0,DRAW,0,0,5,17,2,4,2,5,A Taylor,3.53,3.38,2.16,0.362035,1.53246
2022-08-31,2022-2023,Man City,Nott'm Forest,6,0,HOME_TEAM,3,0,17,8,9,1,10,1,P Tierney,1.08,12.84,30.99,3.83759,0.729752
2022-08-31,2022-2023,West Ham,Tottenham,1,1,DRAW,0,1,14,13,4,4,3,4,P Bankes,3.63,3.74,2.01,1.52267,0.723285
2022-08-31,2022-2023,Liverpool,Newcastle,2,1,HOME_TEAM,0,1,23,5,6,2,13,0,A Marriner,1.31,5.81,9.58,1.76119,0.643546
2022-09-01,2022-2023,Leicester,Man United,0,1,AWAY_TEAM,0,1,10,9,2,2,1,3,C Pawson,3.41,3.81,2.07,0.615266,1.09969
2022-09-03,2022-2023,Tottenham,Fulham,2,1,HOME_TEAM,1,0,23,9,10,3,10,3,S Attwell,1.49,4.62,6.54,2.67823,0.381556
2022-09-03,2022-2023,Aston Villa,Man City,1,1,DRAW,0,0,3,13,1,4,1,4,S Hooper,8.75,5.63,1.34,0.279392,1.92143
2022-09-03,2022-2023,Wolves,Southampton,1,0,HOME_TEAM,1,0,7,12,2,1,5,6,J Brooks,2.24,3.4,3.33,1.10039,1.20838
2022-09-03,2022-2023,Newcastle,Crystal Palace,0,0,DRAW,0,0,23,19,6,9,13,5,M Salisbury,2.05,3.48,3.8,2.90672,0.920595
2022-09-03,2022-2023,Brentford,Leeds,5,2,HOME_TEAM,2,1,14,17,8,6,2,6,R Jones,2.17,3.59,3.33,2.7485,1.796
2022-09-03,2022-2023,Chelsea,West Ham,2,1,HOME_TEAM,0,0,8,6,3,3,10,3,A Madley,1.55,4.38,6.03,0.707333,1.4196
2022-09-03,2022-2023,Nott'm Forest,Bournemouth,2,3,AWAY_TEAM,2,0,11,8,3,3,4,6,M Oliver,2.02,3.47,3.89,1.32895,0.905041
2022-09-03,2022-2023,Everton,Liverpool,0,0,DRAW,0,0,14,23,3,8,7,9,A Taylor,7.77,5.06,1.4,1.39169,1.38617
2022-09-04,2022-2023,Brighton,Leicester,5,2,HOME_TEAM,2,2,23,6,11,4,10,1,T Harrington,1.87,3.6,4.43,2.73166,1.06549
2022-09-04,2022-2023,Man United,Arsenal,3,1,HOME_TEAM,1,0,10,16,6,3,2,5,P Tierney,2.61,3.55,2.67,2.02904,1.42238
2022-09-16,2022-2023,Aston Villa,Southampton,1,0,HOME_TEAM,1,0,11,7,3,1,6,3,T Harrington,2.1,3.55,3.53,1.34365,0.218302
2022-09-16,2022-2023,Nott'm Forest,Fulham,2,3,AWAY_TEAM,1,0,11,15,3,7,2,10,J Gillett,2.81,3.4,2.57,1.41541,1.3496
2022-09-17,2022-2023,Wolves,Man City,0,3,AWAY_TEAM,0,2,6,16,1,7,5,7,A Taylor,9.25,5.47,1.34,0.310995,1.4242
2022-09-17,2022-2023,Newcastle,Bournemouth,1,1,DRAW,0,0,20,10,7,3,8,1,C Pawson,1.47,4.47,7.39,1.54758,0.976948
2022-09-17,2022-2023,Tottenham,Leicester,6,2,HOME_TEAM,2,2,16,19,11,7,6,1,S Hooper,1.49,4.59,6.7,1.98619,1.59449
2022-09-18,2022-2023,Brentford,Arsenal,0,3,AWAY_TEAM,0,2,5,13,2,7,3,3,D Coote,4.3,3.91,1.81,0.54011,1.32021
2022-09-18,2022-2023,Everton,West Ham,1,0,HOME_TEAM,0,0,7,14,2,4,5,14,M Oliver,2.95,3.31,2.5,0.39773,0.655351
2022-10-01,2022-2023,West Ham,Wolves,2,0,HOME_TEAM,1,0,18,15,5,4,1,6,P Tierney,1.96,3.48,4.12,1.03934,0.575988
2022-10-01,2022-2023,Southampton,Everton,1,2,AWAY_TEAM,0,0,22,12,6,5,7,6,A Marriner,2.19,3.41,3.44,1.95961,1.99979
2022-10-01,2022-2023,Liverpool,Brighton,3,3,DRAW,1,2,15,6,7,6,9,2,A Madley,1.37,5.33,8.25,2.1515,2.36567
2022-10-01,2022-2023,Fulham,Newcastle,1,4,AWAY_TEAM,0,3,3,19,1,10,1,8,D England,3.04,3.46,2.37,0.683701,4.67198
2022-10-01,2022-2023,Crystal Palace,Chelsea,1,2,AWAY_TEAM,1,1,7,13,3,3,5,2,C Kavanagh,4.29,3.57,1.9,0.70987,1.25506
2022-10-01,2022-2023,Bournemouth,Brentford,0,0,DRAW,0,0,7,13,1,4,7,8,T Bramall,3.36,3.44,2.21,0.758128,1.046
2022-10-01,2022-2023,Arsenal,Tottenham,3,1,HOME_TEAM,1,1,22,7,9,3,5,2,A Taylor,2.08,3.7,3.48,2.48403,1.5027
2022-10-02,2022-2023,Man City,Man United,6,3,HOME_TEAM,4,0,22,12,10,8,5,1,M Oliver,1.35,5.7,8.0,3.01103,1.71335
2022-10-02,2022-2023,Leeds,Aston Villa,0,0,DRAW,0,0,9,19,1,7,2,9,S Attwell,2.36,3.46,3.03,0.298626,1.89645
2022-10-03,2022-2023,Leicester,Nott'm Forest,4,0,HOME_TEAM,3,0,17,10,7,3,6,6,R Jones,1.76,4.05,4.41,1.2497,1.22169
2022-10-08,2022-2023,Bournemouth,Leicester,2,1,HOME_TEAM,0,1,10,9,4,5,7,2,M Salisbury,3.53,3.63,2.09,1.14891,1.18125
2022-10-08,2022-2023,Chelsea,Wolves,3,0,HOME_TEAM,1,0,20,8,7,2,4,2,S Hooper,1.4,4.82,8.5,2.43092,0.748449
2022-10-08,2022-2023,Man City,Southampton,4,0,HOME_TEAM,2,0,21,5,8,0,9,1,A Madley,1.12,10.3,21.15,2.73536,0.101148
2022-10-08,2022-2023,Newcastle,Brentford,5,1,HOME_TEAM,2,0,16,6,6,3,9,5,J Brooks,1.8,3.92,4.38,2.44631,1.13466
2022-10-08,2022-2023,Brighton,Tottenham,0,1,AWAY_TEAM,0,1,14,8,4,3,6,2,T Harrington,2.76,3.47,2.58,0.899735,0.771641
2022-10-09,2022-2023,Crystal Palace,Leeds,2,1,HOME_TEAM,1,1,13,10,5,4,5,3,P Tierney,2.07,3.62,3.57,1.65194,1.06564
2022-10-09,2022-2023,West Ham,Fulham,3,1,HOME_TEAM,1,1,17,8,8,2,4,2,C Kavanagh,1.78,3.9,4.56,3.43676,0.549848
2022-10-09,2022-2023,Arsenal,Liverpool,3,2,HOME_TEAM,2,1,11,8,7,3,4,3,M Oliver,2.58,3.72,2.62,2.81968,0.765151
2022-10-09,2022-2023,Everton,Man United,1,2,AWAY_TEAM,1,2,11,12,2,4,5,4,D Coote,3.56,3.58,2.09,0.365844,1.82612
2022-10-10,2022-2023,Nott'm Forest,Aston Villa,1,1,DRAW,1,1,6,12,3,2,1,4,A Taylor,3.35,3.49,2.19,0.221346,0.657187
2022-10-14,2022-2023,Brentford,Brighton,2,0,HOME_TEAM,1,0,7,21,3,7,2,11,M Salisbury,3.21,3.44,2.3,1.90636,2.15668
2022-10-15,2022-2023,Leicester,Crystal Palace,0,0,DRAW,0,0,14,8,5,1,9,2,A Madley,2.31,3.49,3.12,0.973426,0.346808
2022-10-15,2022-2023,Fulham,Bournemouth,2,2,DRAW,1,2,19,10,4,6,5,6,G Scott,1.89,3.72,4.13,1.61738,1.62829
2022-10-15,2022-2023,Wolves,Nott'm Forest,1,0,HOME_TEAM,0,0,9,10,2,2,4,5,T Bramall,1.72,3.81,5.13,1.22368,1.24761
2022-10-15,2022-2023,Tottenham,Everton,2,0,HOME_TEAM,0,0,21,4,7,0,7,1,P Tierney,1.49,4.56,6.81,2.49409,0.560039
2022-10-16,2022-2023,Aston Villa,Chelsea,0,2,AWAY_TEAM,0,1,18,8,7,4,7,1,R Jones,4.54,3.69,1.82,2.44542,1.23643
2022-10-16,2022-2023,Leeds,Arsenal,0,1,AWAY_TEAM,0,1,16,9,4,4,6,3,C Kavanagh,5.83,4.41,1.56,2.02232,0.821757
2022-10-16,2022-2023,Man United,Newcastle,0,0,DRAW,0,0,15,9,2,2,4,4,C Pawson,2.0,3.78,3.65,1.41606,0.78815
2022-10-16,2022-2023,Southampton,West Ham,1,1,DRAW,1,0,10,25,8,4,4,14,P Bankes,2.96,3.42,2.44,0.524479,1.70727
2022-10-16,2022-2023,Liverpool,Man City,1,0,HOME_TEAM,0,0,13,16,2,6,5,6,A Taylor,3.74,4.06,1.91,1.9992,0.911493
2022-10-18,2022-2023,Brighton,Nott'm Forest,0,0,DRAW,0,0,19,3,7,0,9,1,D England,1.4,4.91,8.19,2.10188,0.195003
2022-10-18,2022-2023,Crystal Palace,Wolves,2,1,HOME_TEAM,0,1,14,10,4,4,4,3,D Coote,2.29,3.19,3.46,1.25617,0.857837
2022-10-19,2022-2023,Man United,Tottenham,2,0,HOME_TEAM,0,0,28,9,10,2,8,3,S Hooper,2.45,3.57,2.86,1.70973,0.658526
2022-10-19,2022-2023,Liverpool,West Ham,1,0,HOME_TEAM,1,0,22,8,7,3,8,3,S Attwell,1.44,5.01,6.96,2.24066,2.48649
2022-10-19,2022-2023,Newcastle,Everton,1,0,HOME_TEAM,1,0,16,1,4,0,8,2,T Harrington,1.64,4.05,5.46,1.13393,0.0609567
2022-10-19,2022-2023,Bournemouth,Southampton,0,1,AWAY_TEAM,0,1,15,9,3,3,7,3,J Brooks,2.72,3.33,2.69,0.810452,1.23878
2022-10-19,2022-2023,Brentford,Chelsea,0,0,DRAW,0,0,8,14,5,5,6,2,J Gillett,4.79,3.92,1.74,1.45228,0.557405
2022-10-20,2022-2023,Fulham,Aston Villa,3,0,HOME_TEAM,1,0,18,12,8,6,9,7,M Oliver,2.88,3.42,2.51,2.892,0.711487
2022-10-20,2022-2023,Leicester,Leeds,2,0,HOME_TEAM,2,0,5,14,1,2,2,9,P Bankes,2.32,3.58,3.03,0.655249,1.19464
2022-10-22,2022-2023,Nott'm Forest,Liverpool,1,0,HOME_TEAM,0,0,10,15,7,7,2,11,P Tierney,11.31,6.19,1.26,2.50163,2.19752
2022-10-22,2022-2023,Everton,Crystal Palace,3,0,HOME_TEAM,1,0,9,9,6,2,3,4,S Hooper,2.58,3.18,2.96,1.93396,0.597167
2022-10-22,2022-2023,Man City,Brighton,3,1,HOME_TEAM,2,0,10,8,4,2,7,3,C Pawson,1.21,6.94,14.36,1.86239,0.52863
2022-10-22,2022-2023,Chelsea,Man United,1,1,DRAW,0,0,6,13,2,6,6,4,S Attwell,2.14,3.51,3.5,1.20238,0.730935
2022-10-23,2022-2023,Aston Villa,Brentford,4,0,HOME_TEAM,3,0,19,12,11,3,7,6,D England,2.14,3.5,3.49,3.45617,1.00462
2022-10-23,2022-2023,Leeds,Fulham,2,3,AWAY_TEAM,1,1,14,11,5,5,3,6,A Taylor,2.06,3.62,3.59,1.96384,2.47512
2022-10-23,2022-2023,Southampton,Arsenal,1,1,DRAW,0,1,10,12,3,3,9,4,R Jones,5.78,4.27,1.58,0.622653,1.57897
2022-10-23,2022-2023,Wolves,Leicester,0,4,AWAY_TEAM,0,2,21,5,5,4,9,2,M Oliver,2.3,3.38,3.24,1.61785,0.989075
2022-10-23,2022-2023,Tottenham,Newcastle,1,2,AWAY_TEAM,0,2,17,13,5,5,6,7,J Gillett,2.09,3.58,3.53,1.56513,1.1294
2022-10-24,2022-2023,West Ham,Bournemouth,2,0,HOME_TEAM,1,0,20,5,4,3,5,0,D Coote,1.55,4.16,6.2,1.97715,0.730443
2022-10-29,2022-2023,Fulham,Everton,0,0,DRAW,0,0,24,9,6,4,13,4,J Brooks,2.36,3.43,3.07,1.76438,1.19166
2022-10-29,2022-2023,Liverpool,Leeds,1,2,AWAY_TEAM,1,1,22,14,10,6,14,5,M Oliver,1.3,6.07,9.16,1.90889,1.61271
2022-10-29,2022-2023,Crystal Palace,Southampton,1,0,HOME_TEAM,1,0,12,14,3,4,8,4,M Salisbury,1.95,3.57,4.03,1.00384,1.35803
2022-10-29,2022-2023,Newcastle,Aston Villa,4,0,HOME_TEAM,1,0,20,3,7,0,3,0,P Tierney,1.83,3.73,4.41,4.18808,0.270814
2022-10-29,2022-2023,Brentford,Wolves,1,1,DRAW,0,0,12,14,3,4,3,6,R Madley,2.2,3.46,3.33,1.29257,0.557605
2022-10-29,2022-2023,Leicester,Man City,0,1,AWAY_TEAM,0,0,10,15,5,5,3,10,R Jones,9.66,6.09,1.29,0.693597,0.703827
2022-10-29,2022-2023,Brighton,Chelsea,4,1,HOME_TEAM,3,0,19,15,9,7,8,7,A Madley,3.03,3.34,2.41,2.881,1.07554
2022-10-29,2022-2023,Bournemouth,Tottenham,2,3,AWAY_TEAM,1,0,6,23,4,7,2,19,A Taylor,5.1,3.91,1.69,0.887533,2.1946
2022-10-30,2022-2023,Arsenal,Nott'm Forest,5,0,HOME_TEAM,1,0,24,5,10,2,9,4,S Hooper,1.2,6.96,14.82,3.00699,0.206127
2022-10-30,2022-2023,Man United,West Ham,1,0,HOME_TEAM,1,0,16,13,3,5,5,10,C Kavanagh,1.7,4.02,4.85,1.7514,1.00033
2022-11-05,2022-2023,Leeds,Bournemouth,4,3,HOME_TEAM,1,2,18,9,4,6,13,3,T Harrington,1.74,3.93,4.73,2.22532,1.55594
2022-11-05,2022-2023,Man City,Fulham,2,1,HOME_TEAM,1,1,16,4,5,2,9,0,D England,1.13,9.74,19.8,2.39332,0.843884
2022-11-05,2022-2023,Nott'm Forest,Brentford,2,2,DRAW,1,1,15,6,7,2,3,3,A Marriner,2.78,3.39,2.59,1.29696,1.2204
2022-11-05,2022-2023,Wolves,Brighton,2,3,AWAY_TEAM,2,2,8,19,5,8,4,9,G Scott,3.39,3.33,2.24,1.29252,1.87375
2022-11-05,2022-2023,Everton,Leicester,0,2,AWAY_TEAM,0,1,12,22,2,8,8,3,D Coote,2.43,3.33,3.03,1.3729,2.2679
2022-11-06,2022-2023,Chelsea,Arsenal,0,1,AWAY_TEAM,0,0,5,14,1,2,4,6,M Oliver,2.64,3.42,2.7,0.278815,2.37846
2022-11-06,2022-2023,Aston Villa,Man United,3,1,HOME_TEAM,2,1,6,8,4,3,3,5,A Taylor,3.39,3.54,2.15,0.578563,0.517189
2022-11-06,2022-2023,Southampton,Newcastle,1,4,AWAY_TEAM,0,1,16,7,5,4,8,2,S Attwell,4.02,3.66,1.92,1.65228,1.42101
2022-11-06,2022-2023,West Ham,Crystal Palace,1,2,AWAY_TEAM,1,1,5,15,2,6,2,5,P Tierney,1.94,3.49,4.18,0.192579,1.03344
2022-11-06,2022-2023,Tottenham,Liverpool,1,2,AWAY_TEAM,0,2,14,13,5,6,5,3,A Madley,3.28,3.67,2.16,1.81736,1.46548
2022-11-12,2022-2023,Newcastle,Chelsea,1,0,HOME_TEAM,0,0,10,5,3,2,5,3,R Jones,2.33,3.44,3.11,1.3601,0.359105
2022-11-12,2022-2023,Liverpool,Southampton,3,1,HOME_TEAM,3,1,15,9,7,5,6,0,S Hooper,1.25,6.52,11.38,2.74418,1.43427
2022-11-12,2022-2023,Wolves,Arsenal,0,2,AWAY_TEAM,0,0,11,14,2,4,6,4,S Attwell,6.15,4.26,1.55,0.512339,2.27996
2022-11-12,2022-2023,West Ham,Leicester,0,2,AWAY_TEAM,0,1,18,9,6,6,7,2,J Gillett,2.09,3.51,3.6,0.720721,1.60566
2022-11-12,2022-2023,Man City,Brentford,1,2,AWAY_TEAM,1,1,29,10,6,8,10,2,P Bankes,1.14,8.92,19.14,1.605,3.29012
2022-11-12,2022-2023,Nott'm Forest,Crystal Palace,1,0,HOME_TEAM,0,0,9,8,2,0,1,5,J Brooks,3.12,3.24,2.43,1.23752,1.14552
2022-11-12,2022-2023,Bournemouth,Everton,3,0,HOME_TEAM,2,0,16,15,9,3,3,5,C Pawson,2.86,3.25,2.6,2.45642,0.768756
2022-11-12,2022-2023,Tottenham,Leeds,4,3,HOME_TEAM,1,2,14,12,8,5,9,2,M Salisbury,1.64,4.26,5.04,2.58046,1.71731
2022-11-13,2022-2023,Brighton,Aston Villa,1,2,AWAY_TEAM,1,1,7,8,2,2,11,4,C Kavanagh,1.86,3.71,4.21,0.829107,1.15437
2022-11-13,2022-2023,Fulham,Man United,1,2,AWAY_TEAM,0,1,14,14,7,9,10,3,P Tierney,3.91,3.88,1.89,1.70218,3.37664
2022-12-26,2022-2023,Arsenal,West Ham,3,1,HOME_TEAM,0,1,16,8,5,4,7,5,M Oliver,1.51,4.39,6.52,1.88828,1.02652
2022-12-26,2022-2023,Brentford,Tottenham,2,2,DRAW,1,0,9,16,5,8,6,5,D Coote,3.85,3.74,1.95,2.25263,0.883787
2022-12-26,2022-2023,Crystal Palace,Fulham,0,3,AWAY_TEAM,0,1,4,23,0,11,1,8,A Madley,2.07,3.55,3.58,0.421754,2.69927
2022-12-26,2022-2023,Everton,Wolves,1,2,AWAY_TEAM,1,1,12,7,6,4,2,2,C Pawson,2.35,3.25,3.24,1.22653,1.22076
2022-12-26,2022-2023,Leicester,Newcastle,0,3,AWAY_TEAM,0,3,8,12,2,5,5,5,J Gillett,3.24,3.54,2.21,0.31099,1.76382
2022-12-26,2022-2023,Southampton,Brighton,1,3,AWAY_TEAM,0,2,14,7,4,4,4,2,R Jones,3.4,3.51,2.15,1.70709,1.00714
2022-12-26,2022-2023,Aston Villa,Liverpool,1,3,AWAY_TEAM,0,2,12,16,6,9,0,6,P Tierney,4.51,4.04,1.75,1.69155,3.50694
2022-12-27,2022-2023,Man United,Nott'm Forest,3,0,HOME_TEAM,2,0,17,8,8,3,9,9,A Taylor,1.31,5.51,10.4,2.13668,0.477076
2022-12-27,2022-2023,Chelsea,Bournemouth,2,0,HOME_TEAM,2,0,15,9,5,4,6,8,S Hooper,1.32,5.46,9.72,1.91378,0.44307
2022-12-28,2022-2023,Leeds,Man City,1,3,AWAY_TEAM,0,1,9,26,1,9,3,5,S Attwell,9.46,5.99,1.3,0.603751,4.16249
2022-12-30,2022-2023,West Ham,Brentford,0,2,AWAY_TEAM,0,2,20,9,5,6,8,1,D England,2.06,3.59,3.64,1.13979,1.51436
2022-12-30,2022-2023,Liverpool,Leicester,2,1,HOME_TEAM,2,1,21,7,5,2,4,5,C Pawson,1.3,6.03,9.64,2.02463,0.863312
2022-12-31,2022-2023,Newcastle,Leeds,0,0,DRAW,0,0,16,8,5,1,9,3,S Hooper,1.47,4.73,6.73,2.78846,0.517099
2022-12-31,2022-2023,Man City,Everton,1,1,DRAW,1,0,16,2,3,1,7,1,A Madley,1.14,8.61,21.51,2.36333,0.0760019
2022-12-31,2022-2023,Brighton,Arsenal,2,4,AWAY_TEAM,0,2,9,14,5,7,7,4,A Taylor,3.46,3.56,2.12,1.15663,3.22106
2022-12-31,2022-2023,Bournemouth,Crystal Palace,0,2,AWAY_TEAM,0,2,6,15,2,6,2,7,A Marriner,2.91,3.27,2.55,0.895819,1.75264
2022-12-31,2022-2023,Wolves,Man United,0,1,AWAY_TEAM,0,0,10,16,3,6,7,5,R Jones,4.09,3.64,1.92,0.587672,2.44728
2022-12-31,2022-2023,Fulham,Southampton,2,1,HOME_TEAM,1,0,8,9,2,3,4,4,G Scott,2.02,3.57,3.77,1.49305,0.698711
2023-01-01,2022-2023,Tottenham,Aston Villa,0,2,AWAY_TEAM,0,0,6,13,2,4,5,3,J Brooks,1.68,4.06,4.94,0.569383,1.21733
2023-01-01,2022-2023,Nott'm Forest,Chelsea,1,1,DRAW,0,1,12,7,5,2,1,2,P Bankes,5.21,3.88,1.69,0.985219,1.37305
2023-01-02,2022-2023,Brentford,Liverpool,3,1,HOME_TEAM,2,0,10,16,7,6,4,9,S Attwell,5.65,4.52,1.56,2.0991,2.10461
2023-01-03,2022-2023,Arsenal,Newcastle,0,0,DRAW,0,0,17,8,4,1,5,5,A Madley,1.82,3.83,4.39,0.970637,0.959523
2023-01-03,2022-2023,Everton,Brighton,1,4,AWAY_TEAM,0,1,10,19,4,8,5,2,A Marriner,3.56,3.46,2.13,1.16896,2.50731
2023-01-03,2022-2023,Leicester,Fulham,0,1,AWAY_TEAM,0,1,15,11,6,2,6,3,D Bond,2.23,3.63,3.16,1.45221,1.33493
2023-01-03,2022-2023,Man United,Bournemouth,3,0,HOME_TEAM,1,0,18,7,6,4,6,5,M Salisbury,1.29,5.94,10.56,2.97383,0.679022
2023-01-04,2022-2023,Crystal Palace,Tottenham,0,4,AWAY_TEAM,0,0,19,14,4,6,10,4,M Oliver,3.34,3.48,2.19,0.787525,1.66514
2023-01-04,2022-2023,Aston Villa,Wolves,1,1,DRAW,0,1,13,10,4,3,7,8,J Gillett,1.99,3.57,3.86,1.03226,0.832522
2023-01-04,2022-2023,Southampton,Nott'm Forest,0,1,AWAY_TEAM,0,1,8,11,0,1,6,2,T Bramall,2.03,3.46,3.82,0.62937,1.22324
2023-01-04,2022-2023,Leeds,West Ham,2,2,DRAW,1,1,14,15,6,2,8,1,D Coote,2.62,3.52,2.65,1.2577,1.29245
2023-01-05,2022-2023,Chelsea,Man City,0,1,AWAY_TEAM,0,0,8,12,2,3,3,2,P Tierney,5.17,4.03,1.66,0.493576,1.71972
2023-01-12,2022-2023,Fulham,Chelsea,2,1,HOME_TEAM,1,0,8,20,3,10,5,7,D Coote,3.36,3.54,2.18,0.711266,2.39911
2023-01-13,2022-2023,Aston Villa,Leeds,2,1,HOME_TEAM,1,0,11,16,5,4,0,11,M Oliver,1.94,3.63,4.02,1.64599,2.46295
2023-01-14,2022-2023,Man United,Man City,2,1,HOME_TEAM,0,0,8,5,4,1,1,2,S Attwell,4.21,3.9,1.84,1.98228,0.73695
2023-01-14,2022-2023,Brighton,Liverpool,3,0,HOME_TEAM,0,0,16,6,9,2,7,1,D England,3.31,3.76,2.12,2.40062,1.28853
2023-01-14,2022-2023,Everton,Southampton,1,2,AWAY_TEAM,1,0,12,13,4,5,6,4,J Brooks,2.25,3.39,3.32,1.18191,1.08412
2023-01-14,2022-2023,Nott'm Forest,Leicester,2,0,HOME_TEAM,0,0,15,6,5,1,3,5,P Tierney,2.72,3.4,2.65,1.75313,0.803421
2023-01-14,2022-2023,Wolves,West Ham,1,0,HOME_TEAM,0,0,17,16,4,4,4,3,S Hooper,2.7,3.27,2.75,0.806232,0.735105
2023-01-14,2022-2023,Brentford,Bournemouth,2,0,HOME_TEAM,1,0,12,7,4,2,5,3,J Gillett,1.66,4.09,5.2,1.29815,0.269283
2023-01-15,2022-2023,Tottenham,Arsenal,0,2,AWAY_TEAM,0,2,17,14,7,5,4,3,C Pawson,3.24,3.63,2.18,1.71032,2.04232
2023-01-15,2022-2023,Chelsea,Crystal Palace,1,0,HOME_TEAM,0,0,15,10,5,5,11,7,P Bankes,1.66,3.93,5.47,2.12987,0.837366
2023-01-15,2022-2023,Newcastle,Fulham,1,0,HOME_TEAM,0,0,20,5,5,0,10,5,R Jones,1.52,4.42,6.32,1.96256,0.989872
2023-01-18,2022-2023,Crystal Palace,Man United,1,1,DRAW,0,1,10,15,5,4,3,3,R Jones,4.56,3.78,1.8,0.413339,1.39437
2023-01-19,2022-2023,Man City,Tottenham,4,2,HOME_TEAM,0,2,16,9,6,3,8,3,S Hooper,1.37,5.41,8.06,2.34166,1.16499
2023-01-21,2022-2023,Liverpool,Chelsea,0,0,DRAW,0,0,15,11,3,2,5,5,M Oliver,1.89,3.82,4.08,1.30125,1.84467
2023-01-21,2022-2023,Bournemouth,Nott'm Forest,1,1,DRAW,1,0,16,20,4,5,4,6,A Madley,2.76,3.18,2.76,1.80549,1.57544
2023-01-21,2022-2023,Leicester,Brighton,2,2,DRAW,1,1,9,13,2,4,5,6,T Bramall,3.51,3.65,2.08,1.35941,1.94491
2023-01-21,2022-2023,Southampton,Aston Villa,0,1,AWAY_TEAM,0,0,8,16,5,5,2,2,M Salisbury,2.88,3.38,2.53,0.672444,1.16432
2023-01-21,2022-2023,West Ham,Everton,2,0,HOME_TEAM,2,0,11,5,4,2,4,9,S Attwell,1.8,3.68,4.76,2.46879,0.286826
2023-01-21,2022-2023,Crystal Palace,Newcastle,0,0,DRAW,0,0,6,16,1,7,3,15,C Pawson,4.4,3.58,1.88,0.333154,1.44384
2023-01-22,2022-2023,Leeds,Brentford,0,0,DRAW,0,0,9,6,5,0,2,3,P Bankes,2.38,3.67,2.89,0.374736,0.17114
2023-01-22,2022-2023,Man City,Wolves,3,0,HOME_TEAM,1,0,13,10,7,1,5,7,D Coote,1.2,7.38,14.81,3.32757,0.469277
2023-01-22,2022-2023,Arsenal,Man United,3,2,HOME_TEAM,1,1,25,6,5,4,12,4,A Taylor,1.86,3.86,4.08,2.90273,0.272246
2023-01-23,2022-2023,Fulham,Tottenham,0,1,AWAY_TEAM,0,1,10,10,5,3,3,8,P Tierney,3.25,3.75,2.13,1.09339,0.993805
2023-02-03,2022-2023,Chelsea,Fulham,0,0,DRAW,0,0,12,10,3,4,6,2,S Attwell,1.64,4.05,5.55,1.41471,0.493341
2023-02-04,2022-2023,Newcastle,West Ham,1,1,DRAW,1,1,8,10,2,1,4,2,P Bankes,1.62,3.92,6.03,1.22883,1.27831
2023-02-04,2022-2023,Wolves,Liverpool,3,0,HOME_TEAM,2,0,12,22,6,4,2,7,P Tierney,4.02,3.85,1.88,2.63328,1.30193
2023-02-04,2022-2023,Brighton,Bournemouth,1,0,HOME_TEAM,0,0,20,12,6,2,7,3,C Pawson,1.35,5.22,9.18,2.55696,0.908298
2023-02-04,2022-2023,Man United,Crystal Palace,2,1,HOME_TEAM,1,0,14,10,5,3,5,5,A Marriner,1.4,4.83,8.33,2.07035,1.3798
2023-02-04,2022-2023,Aston Villa,Leicester,2,4,AWAY_TEAM,2,3,19,9,4,5,11,3,D England,1.99,3.64,3.83,1.4989,2.49784
2023-02-04,2022-2023,Everton,Arsenal,1,0,HOME_TEAM,0,0,12,15,4,3,7,5,D Coote,8.22,4.75,1.41,2.09191,0.690102
2023-02-04,2022-2023,Brentford,Southampton,3,0,HOME_TEAM,2,0,14,14,4,6,4,4,D Bond,1.89,3.64,4.21,2.36747,0.644385
2023-02-05,2022-2023,Nott'm Forest,Leeds,1,0,HOME_TEAM,1,0,6,10,2,4,0,2,R Jones,2.64,3.43,2.71,0.3325,1.12331
2023-02-05,2022-2023,Tottenham,Man City,1,0,HOME_TEAM,1,0,12,15,3,5,4,6,A Madley,4.43,4.16,1.75,1.42168,0.773747
2023-02-08,2022-2023,Man United,Leeds,2,2,DRAW,0,1,24,8,7,2,6,5,S Hooper,1.47,4.83,6.54,2.00007,0.554798
2023-02-11,2022-2023,West Ham,Chelsea,1,1,DRAW,1,1,10,12,2,4,5,6,C Pawson,3.4,3.29,2.27,1.07615,0.900465
2023-02-11,2022-2023,Arsenal,Brentford,1,1,DRAW,0,0,23,9,7,2,7,4,P Bankes,1.45,4.72,7.52,1.36738,2.17538
2023-02-11,2022-2023,Crystal Palace,Brighton,1,1,DRAW,0,0,6,17,1,7,1,6,M Oliver,3.81,3.51,2.04,0.928279,2.64981
2023-02-11,2022-2023,Fulham,Nott'm Forest,2,0,HOME_TEAM,1,0,16,10,3,1,5,4,A Madley,1.93,3.56,4.22,1.69704,0.686824
2023-02-11,2022-2023,Leicester,Tottenham,4,1,HOME_TEAM,3,1,15,11,7,4,1,5,M Salisbury,3.39,3.64,2.13,1.41208,1.11709
2023-02-11,2022-2023,Southampton,Wolves,1,2,AWAY_TEAM,1,0,17,11,2,2,5,2,J Gillett,3.03,3.18,2.54,1.30203,0.615651
2023-02-11,2022-2023,Bournemouth,Newcastle,1,1,DRAW,1,1,11,15,5,7,4,6,S Attwell,6.39,4.06,1.57,1.54458,1.54853
2023-02-12,2022-2023,Man City,Aston Villa,3,1,HOME_TEAM,3,0,17,6,9,2,8,4,R Jones,1.25,6.59,11.89,3.60987,0.275348
2023-02-12,2022-2023,Leeds,Man United,0,2,AWAY_TEAM,0,0,16,11,6,5,7,3,P Tierney,3.86,3.85,1.92,1.89163,1.30375
2023-02-13,2022-2023,Liverpool,Everton,2,0,HOME_TEAM,1,0,15,6,6,1,3,3,S Hooper,1.53,4.38,6.23,2.23291,0.402331
2023-02-15,2022-2023,Arsenal,Man City,1,3,AWAY_TEAM,1,1,10,9,1,6,1,3,A Taylor,2.93,3.51,2.42,1.70139,2.00841
2023-02-18,2022-2023,Aston Villa,Arsenal,2,4,AWAY_TEAM,2,1,7,20,5,5,2,9,S Hooper,4.43,3.71,1.84,0.335752,2.85981
2023-02-18,2022-2023,Brentford,Crystal Palace,1,1,DRAW,0,0,12,10,5,4,2,6,P Tierney,1.86,3.54,4.59,0.610105,1.12202
2023-02-18,2022-2023,Brighton,Fulham,0,1,AWAY_TEAM,0,0,21,5,7,2,10,2,D England,1.67,4.06,5.15,2.71375,0.224214
2023-02-18,2022-2023,Chelsea,Southampton,0,1,AWAY_TEAM,0,1,17,8,5,5,8,2,D Coote,1.38,4.76,9.42,1.61723,0.619532
2023-02-18,2022-2023,Everton,Leeds,1,0,HOME_TEAM,0,0,15,8,6,0,6,4,A Madley,2.48,3.31,2.99,1.53811,0.597403
2023-02-18,2022-2023,Nott'm Forest,Man City,1,1,DRAW,0,1,4,26,1,6,0,10,G Scott,10.01,5.62,1.31,1.12735,2.80966
2023-02-18,2022-2023,Wolves,Bournemouth,0,1,AWAY_TEAM,0,0,15,5,4,1,12,2,M Salisbury,1.68,3.81,5.53,0.911415,1.15274
2023-02-18,2022-2023,Newcastle,Liverpool,0,2,AWAY_TEAM,0,2,14,13,4,7,6,7,A Taylor,2.57,3.51,2.75,1.74852,2.16549
2023-02-19,2022-2023,Man United,Leicester,3,0,HOME_TEAM,1,0,26,19,8,3,6,6,S Attwell,1.62,4.32,5.22,4.24663,1.39678
2023-02-19,2022-2023,Tottenham,West Ham,2,0,HOME_TEAM,0,0,16,6,6,1,4,7,M Oliver,1.83,3.76,4.39,1.43042,0.365173
2023-02-24,2022-2023,Fulham,Wolves,1,1,DRAW,0,1,10,8,5,2,4,3,M Oliver,2.54,3.22,3.0,0.913133,0.997097
2023-02-25,2022-2023,Crystal Palace,Liverpool,0,0,DRAW,0,0,6,12,0,4,5,3,D England,4.7,3.93,1.74,0.989086,1.35123
2023-02-25,2022-2023,West Ham,Nott'm Forest,4,0,HOME_TEAM,0,0,18,8,5,3,12,3,J Gillett,1.78,3.61,4.97,3.05032,0.350849
2023-02-25,2022-2023,Bournemouth,Man City,1,4,AWAY_TEAM,0,3,13,20,2,5,4,6,P Tierney,10.21,5.81,1.3,1.08527,2.98206
2023-02-25,2022-2023,Leeds,Southampton,1,0,HOME_TEAM,0,0,14,8,4,2,9,2,P Bankes,1.99,3.57,3.89,0.720048,0.391128
2023-02-25,2022-2023,Everton,Aston Villa,0,2,AWAY_TEAM,0,0,15,9,5,5,5,1,A Taylor,2.54,3.21,2.98,1.54109,2.06037
2023-02-25,2022-2023,Leicester,Arsenal,0,1,AWAY_TEAM,0,0,1,10,0,2,0,8,C Pawson,4.73,4.09,1.71,0.0203463,0.722059
2023-02-26,2022-2023,Tottenham,Chelsea,2,0,HOME_TEAM,0,0,8,10,3,2,4,4,S Attwell,2.54,3.33,2.91,0.926313,0.262281
2023-03-01,2022-2023,Arsenal,Everton,4,0,HOME_TEAM,2,0,15,8,5,5,5,1,M Oliver,1.36,5.04,9.33,3.06919,1.604
2023-03-01,2022-2023,Liverpool,Wolves,2,0,HOME_TEAM,0,0,15,4,6,1,5,2,P Tierney,1.49,4.59,6.6,2.70191,0.78681
2023-03-04,2022-2023,Southampton,Leicester,1,0,HOME_TEAM,1,0,11,11,5,0,3,4,R Jones,2.77,3.31,2.64,1.34332,1.67051
2023-03-04,2022-2023,Wolves,Tottenham,1,0,HOME_TEAM,0,0,8,21,5,6,4,8,T Robinson,3.31,3.36,2.27,0.562477,1.25588
2023-03-04,2022-2023,Chelsea,Leeds,1,0,HOME_TEAM,0,0,13,11,3,2,5,7,M Oliver,1.64,4.02,5.52,1.8678,0.633995
2023-03-04,2022-2023,Aston Villa,Crystal Palace,1,0,HOME_TEAM,1,0,8,3,1,0,2,4,C Pawson,2.07,3.32,3.88,0.890605,0.152761
2023-03-04,2022-2023,Arsenal,Bournemouth,3,2,HOME_TEAM,0,1,31,4,9,4,17,1,C Kavanagh,1.22,6.82,13.83,2.46279,1.74267
2023-03-04,2022-2023,Man City,Newcastle,2,0,HOME_TEAM,1,0,11,5,3,2,8,4,S Hooper,1.48,4.59,6.76,1.34144,0.359809
2023-03-04,2022-2023,Brighton,West Ham,4,0,HOME_TEAM,1,0,20,3,9,2,7,3,S Attwell,1.79,3.8,4.61,3.49993,0.250045
2023-03-05,2022-2023,Nott'm Forest,Everton,2,2,DRAW,1,2,10,10,4,3,3,3,J Brooks,2.68,3.08,2.92,0.799733,1.70877
2023-03-05,2022-2023,Liverpool,Man United,7,0,HOME_TEAM,1,0,18,8,8,4,4,3,A Madley,2.4,3.68,2.85,3.44269,0.837542
2023-03-06,2022-2023,Brentford,Fulham,3,2,HOME_TEAM,1,1,14,9,6,5,2,3,A Taylor,2.0,3.65,3.71,2.44358,1.67531
2023-03-11,2022-2023,Crystal Palace,Man City,0,1,AWAY_TEAM,0,0,4,14,0,4,2,6,R Jones,9.05,5.12,1.36,0.185498,2.1884
2023-03-11,2022-2023,Leicester,Chelsea,1,3,AWAY_TEAM,1,2,17,12,7,6,2,5,A Marriner,3.83,3.56,2.0,2.36139,1.49478
2023-03-11,2022-2023,Tottenham,Nott'm Forest,3,1,HOME_TEAM,2,0,15,9,7,5,2,10,C Pawson,1.44,4.62,7.52,1.73482,1.62805
2023-03-11,2022-2023,Everton,Brentford,1,0,HOME_TEAM,1,0,13,12,6,4,5,8,S Hooper,2.71,3.2,2.76,1.71599,1.95088
2023-03-11,2022-2023,Leeds,Brighton,2,2,DRAW,1,1,12,14,4,2,4,7,P Tierney,3.84,3.67,1.97,0.596738,1.51388
2023-03-11,2022-2023,Bournemouth,Liverpool,1,0,HOME_TEAM,1,0,5,15,2,6,3,8,J Brooks,7.07,4.95,1.43,1.10128,2.13465
2023-03-12,2022-2023,Fulham,Arsenal,0,3,AWAY_TEAM,0,3,12,15,2,7,4,8,D Coote,5.74,4.17,1.59,0.61832,2.64355
2023-03-12,2022-2023,Man United,Southampton,0,0,DRAW,0,0,10,17,4,4,7,8,A Taylor,1.34,5.26,9.22,0.910911,1.18053
2023-03-12,2022-2023,West Ham,Aston Villa,1,1,DRAW,1,1,17,12,6,4,13,2,C Kavanagh,2.23,3.37,3.36,2.14634,1.99139
2023-03-12,2022-2023,Newcastle,Wolves,2,1,HOME_TEAM,1,0,19,7,8,4,10,3,A Madley,1.67,3.81,5.47,2.45527,0.709895
2023-03-15,2022-2023,Brighton,Crystal Palace,1,0,HOME_TEAM,1,0,11,11,5,3,1,4,P Bankes,1.46,4.44,7.58,0.588727,1.21452
2023-03-15,2022-2023,Southampton,Brentford,0,2,AWAY_TEAM,0,1,7,11,1,5,3,3,M Salisbury,2.97,3.31,2.46,0.358977,1.66591
2023-03-17,2022-2023,Nott'm Forest,Newcastle,1,2,AWAY_TEAM,1,1,5,15,3,4,3,7,P Tierney,5.58,3.83,1.67,0.531985,2.50027
2023-03-18,2022-2023,Aston Villa,Bournemouth,3,0,HOME_TEAM,1,0,20,10,9,3,9,6,R Jones,1.72,3.85,4.99,3.45474,0.50014
2023-03-18,2022-2023,Brentford,Leicester,1,1,DRAW,1,0,11,14,2,1,8,4,D Bond,1.95,3.7,3.85,0.476467,1.42133
2023-03-18,2022-2023,Southampton,Tottenham,3,3,DRAW,0,1,19,17,7,3,10,3,S Hooper,4.56,3.68,1.82,2.52077,1.88473
2023-03-18,2022-2023,Wolves,Leeds,2,4,AWAY_TEAM,0,1,23,11,8,4,5,4,M Salisbury,2.28,3.23,3.41,2.76358,1.6549
2023-03-18,2022-2023,Chelsea,Everton,2,2,DRAW,0,0,20,12,7,3,8,2,D England,1.49,4.18,7.62,1.90027,1.64675
2023-03-19,2022-2023,Arsenal,Crystal Palace,4,1,HOME_TEAM,2,0,15,8,5,4,5,4,S Attwell,1.26,5.93,12.83,1.53568,1.19194
2023-04-01,2022-2023,Chelsea,Aston Villa,0,2,AWAY_TEAM,0,1,27,5,8,2,13,2,A Madley,1.68,3.83,5.4,2.38024,0.765794
2023-04-01,2022-2023,Nott'm Forest,Wolves,1,1,DRAW,1,0,17,8,7,1,4,3,C Kavanagh,2.96,3.13,2.61,1.11441,0.383739
2023-04-01,2022-2023,Crystal Palace,Leicester,2,1,HOME_TEAM,0,0,31,3,9,2,10,1,T Robinson,2.54,3.24,2.94,1.93471,0.198959
2023-04-01,2022-2023,Arsenal,Leeds,4,1,HOME_TEAM,1,0,13,7,6,5,4,3,D England,1.29,5.84,10.48,3.29548,0.497609
2023-04-01,2022-2023,Bournemouth,Fulham,2,1,HOME_TEAM,0,1,12,10,7,2,4,3,P Bankes,2.56,3.34,2.84,3.14054,0.601049
2023-04-01,2022-2023,Man City,Liverpool,4,1,HOME_TEAM,1,1,17,4,8,1,7,1,S Hooper,1.64,4.2,5.19,3.01243,0.318171
2023-04-01,2022-2023,Brighton,Brentford,3,3,DRAW,2,2,33,7,15,5,14,0,M Oliver,1.67,4.08,5.05,3.8195,1.2788
2023-04-02,2022-2023,West Ham,Southampton,1,0,HOME_TEAM,1,0,12,9,2,3,5,3,P Tierney,1.76,3.74,4.87,1.40363,0.318261
2023-04-02,2022-2023,Newcastle,Man United,2,0,HOME_TEAM,0,0,22,6,6,1,7,4,S Attwell,2.41,3.45,2.96,3.33162,0.334127
2023-04-03,2022-2023,Everton,Tottenham,1,1,DRAW,0,0,15,8,6,2,3,3,D Coote,3.41,3.36,2.21,0.823365,1.39177
2023-04-04,2022-2023,Bournemouth,Brighton,0,2,AWAY_TEAM,0,1,14,16,3,6,5,5,D Bond,5.94,4.29,1.57,1.15322,2.63392
2023-04-04,2022-2023,Leeds,Nott'm Forest,2,1,HOME_TEAM,2,1,21,13,6,1,11,4,R Jones,1.73,3.83,5.05,2.43248,0.613917
2023-04-04,2022-2023,Leicester,Aston Villa,1,2,AWAY_TEAM,1,1,9,15,4,5,4,8,G Scott,2.58,3.41,2.79,0.671597,1.00159
2023-04-04,2022-2023,Chelsea,Liverpool,0,0,DRAW,0,0,12,7,3,4,3,5,A Taylor,2.25,3.46,3.28,2.18903,0.202217
2023-04-05,2022-2023,Man United,Brentford,1,0,HOME_TEAM,1,0,18,6,3,1,12,3,J Brooks,1.65,4.17,5.07,1.1445,0.64499
2023-04-05,2022-2023,West Ham,Newcastle,1,5,AWAY_TEAM,1,2,7,15,2,8,7,6,C Pawson,3.53,3.41,2.15,0.83342,2.84091
2023-04-08,2022-2023,Tottenham,Brighton,2,1,HOME_TEAM,1,1,9,17,3,4,3,7,S Attwell,2.56,3.56,2.69,0.594139,1.47549
2023-04-08,2022-2023,Wolves,Chelsea,1,0,HOME_TEAM,1,0,9,13,4,1,8,8,P Bankes,4.14,3.47,1.95,0.601153,0.815308
2023-04-08,2022-2023,Southampton,Man City,1,4,AWAY_TEAM,0,1,4,13,1,8,0,10,R Jones,12.48,6.19,1.25,0.492801,3.05999
2023-04-08,2022-2023,Leicester,Bournemouth,0,1,AWAY_TEAM,0,1,14,19,4,7,6,6,D Coote,1.88,3.72,4.11,0.731965,1.92396
2023-04-08,2022-2023,Aston Villa,Nott'm Forest,2,0,HOME_TEAM,0,0,8,6,3,2,1,8,A Taylor,1.62,4.09,5.55,1.42718,0.232452
2023-04-08,2022-2023,Brentford,Newcastle,1,2,AWAY_TEAM,1,0,12,10,6,4,6,5,C Kavanagh,3.57,3.46,2.1,2.06521,1.02337
2023-04-08,2022-2023,Man United,Everton,2,0,HOME_TEAM,1,0,29,15,11,1,10,4,M Oliver,1.5,4.37,6.75,4.38578,0.949183
2023-04-08,2022-2023,Fulham,West Ham,0,1,AWAY_TEAM,0,1,16,9,3,5,11,4,J Gillett,2.79,3.24,2.66,0.456524,1.23261
2023-04-09,2022-2023,Leeds,Crystal Palace,1,5,AWAY_TEAM,1,1,11,16,7,8,2,4,S Hooper,2.11,3.41,3.59,1.02075,3.22687
2023-04-09,2022-2023,Liverpool,Arsenal,2,2,DRAW,1,2,21,9,6,5,5,4,P Tierney,2.79,3.69,2.41,4.64012,1.53631
2023-04-15,2022-2023,Aston Villa,Newcastle,3,0,HOME_TEAM,1,0,16,8,6,2,7,2,J Brooks,3.61,3.42,2.13,1.91802,0.425086
2023-04-15,2022-2023,Chelsea,Brighton,1,2,AWAY_TEAM,1,1,8,26,2,10,2,8,R Jones,2.67,3.42,2.68,0.46331,2.52107
2023-04-15,2022-2023,Everton,Fulham,1,3,AWAY_TEAM,1,1,15,21,7,7,4,8,A Taylor,2.07,3.39,3.78,2.24262,1.92209
2023-04-15,2022-2023,Southampton,Crystal Palace,0,2,AWAY_TEAM,0,0,11,9,4,2,6,2,M Oliver,2.82,3.2,2.68,0.678449,0.86306
2023-04-15,2022-2023,Tottenham,Bournemouth,2,3,AWAY_TEAM,1,1,24,6,8,6,8,1,A Madley,1.47,4.6,6.83,2.30604,1.20598
2023-04-15,2022-2023,Wolves,Brentford,2,0,HOME_TEAM,1,0,11,10,9,3,5,2,P Tierney,2.52,3.23,3.0,0.93912,1.5133
2023-04-15,2022-2023,Man City,Leicester,3,1,HOME_TEAM,3,0,12,10,4,4,6,2,D England,1.16,8.49,17.32,1.60702,1.92692
2023-04-16,2022-2023,West Ham,Arsenal,2,2,DRAW,1,2,16,11,3,5,7,2,D Coote,5.92,4.22,1.57,1.96095,2.71782
2023-04-16,2022-2023,Nott'm Forest,Man United,0,2,AWAY_TEAM,0,1,6,22,0,8,4,9,S Hooper,5.0,3.96,1.69,1.05289,3.33747
2023-04-17,2022-2023,Leeds,Liverpool,1,6,AWAY_TEAM,0,2,13,13,3,7,4,2,C Pawson,4.35,4.22,1.73,1.16748,2.65476
2023-04-21,2022-2023,Arsenal,Southampton,3,3,DRAW,1,2,25,8,6,6,7,2,S Hooper,1.2,7.18,14.72,2.39609,1.43063
2023-04-22,2022-2023,Fulham,Leeds,2,1,HOME_TEAM,0,0,12,10,5,2,8,6,P Bankes,2.38,3.44,3.01,1.43763,1.07482
2023-04-22,2022-2023,Brentford,Aston Villa,1,1,DRAW,0,0,6,14,5,2,8,4,M Salisbury,2.53,3.38,2.84,2.03162,1.66602
2023-04-22,2022-2023,Crystal Palace,Everton,0,0,DRAW,0,0,12,10,2,5,8,1,J Brooks,2.11,3.25,3.83,0.368137,0.433712
2023-04-22,2022-2023,Leicester,Wolves,2,1,HOME_TEAM,1,1,15,16,8,3,1,7,A Madley,2.45,3.27,3.05,2.66929,0.59626
2023-04-22,2022-2023,Liverpool,Nott'm Forest,3,2,HOME_TEAM,0,0,18,11,6,5,9,3,M Oliver,1.18,7.64,16.06,3.32745,0.724666
2023-04-23,2022-2023,Bournemouth,West Ham,0,4,AWAY_TEAM,0,3,17,18,5,10,8,5,A Taylor,2.83,3.25,2.61,0.974687,2.52322
2023-04-23,2022-2023,Newcastle,Tottenham,6,1,HOME_TEAM,5,0,25,11,8,3,9,3,D Coote,1.85,3.81,4.22,3.98532,0.883001
2023-04-25,2022-2023,Wolves,Crystal Palace,2,0,HOME_TEAM,1,0,9,14,3,4,6,11,R Jones,2.52,3.14,3.09,1.12829,0.580294
2023-04-25,2022-2023,Aston Villa,Fulham,1,0,HOME_TEAM,1,0,14,1,3,0,8,2,T Bramall,1.8,3.87,4.43,0.839159,0.079864
2023-04-25,2022-2023,Leeds,Leicester,1,1,DRAW,1,0,13,15,3,3,3,6,P Tierney,2.37,3.54,2.98,2.09645,2.08594
2023-04-26,2022-2023,Nott'm Forest,Brighton,3,1,HOME_TEAM,1,1,12,17,5,7,2,7,J Gillett,6.08,4.36,1.54,2.43846,2.33064
2023-04-26,2022-2023,Chelsea,Brentford,0,2,AWAY_TEAM,0,1,15,7,4,1,5,2,A Madley,1.71,3.89,5.02,1.21124,0.695344
2023-04-26,2022-2023,West Ham,Liverpool,1,2,AWAY_TEAM,1,1,7,20,2,4,3,6,C Kavanagh,3.96,3.86,1.88,0.939348,1.7045
2023-04-26,2022-2023,Man City,Arsenal,4,1,HOME_TEAM,2,0,14,8,9,2,1,3,M Oliver,1.56,4.49,5.7,2.01168,0.398372
2023-04-27,2022-2023,Southampton,Bournemouth,0,1,AWAY_TEAM,0,0,11,16,2,2,6,4,D England,2.3,3.43,3.15,0.477034,0.988554
2023-04-27,2022-2023,Tottenham,Man United,2,2,DRAW,0,2,18,17,7,8,6,8,A Taylor,2.79,3.65,2.44,2.37239,1.96508
2023-04-27,2022-2023,Everton,Newcastle,1,4,AWAY_TEAM,0,1,13,15,5,8,3,14,A Marriner,4.84,3.7,1.77,0.777008,2.86368
2023-04-29,2022-2023,Brighton,Wolves,6,0,HOME_TEAM,4,0,22,10,8,2,2,5,D Coote,1.51,4.37,6.69,3.60471,0.603985
2023-04-29,2022-2023,Brentford,Nott'm Forest,2,1,HOME_TEAM,0,1,14,5,8,3,6,0,P Bankes,1.66,3.88,5.5,1.32059,0.939693
2023-04-29,2022-2023,Crystal Palace,West Ham,4,3,HOME_TEAM,3,2,16,8,6,4,8,5,C Pawson,2.7,3.18,2.81,2.31888,1.98262
2023-04-30,2022-2023,Bournemouth,Leeds,4,1,HOME_TEAM,2,1,12,15,7,6,2,6,C Kavanagh,2.61,3.5,2.68,2.51723,1.33691
2023-04-30,2022-2023,Fulham,Man City,1,2,AWAY_TEAM,1,2,4,12,1,9,2,5,S Hooper,11.95,6.23,1.25,0.431813,2.32338
2023-04-30,2022-2023,Man United,Aston Villa,1,0,HOME_TEAM,1,0,14,7,6,1,1,4,J Gillett,1.78,3.94,4.35,1.3056,0.434738
2023-04-30,2022-2023,Newcastle,Southampton,3,1,HOME_TEAM,0,1,22,4,5,3,11,2,A Taylor,1.32,5.46,9.9,3.91457,0.897175
2023-04-30,2022-2023,Liverpool,Tottenham,4,3,HOME_TEAM,3,1,12,10,4,7,5,2,P Tierney,1.54,4.69,5.68,2.42911,1.44927
2023-05-01,2022-2023,Leicester,Everton,2,2,DRAW,2,1,15,23,6,8,2,9,M Oliver,2.04,3.45,3.79,3.32486,3.28648
2023-05-02,2022-2023,Arsenal,Chelsea,3,1,HOME_TEAM,3,0,16,7,10,4,7,2,R Jones,1.59,4.22,5.75,2.7832,0.785202
2023-05-03,2022-2023,Liverpool,Fulham,1,0,HOME_TEAM,1,0,15,9,3,3,7,5,S Attwell,1.26,6.39,10.73,1.67372,0.740125
2023-05-03,2022-2023,Man City,West Ham,3,0,HOME_TEAM,0,0,16,6,7,2,6,3,J Brooks,1.2,7.21,13.79,2.99908,0.492075
2023-05-04,2022-2023,Brighton,Man United,1,0,HOME_TEAM,0,0,22,16,6,5,8,6,A Marriner,2.03,3.82,3.5,2.09953,1.32105
2023-05-06,2022-2023,Bournemouth,Chelsea,1,3,AWAY_TEAM,1,1,10,11,4,5,7,7,J Brooks,3.42,3.47,2.17,1.21755,1.76852
2023-05-06,2022-2023,Man City,Leeds,2,1,HOME_TEAM,2,0,18,4,6,2,10,1,A Madley,1.17,8.41,15.94,2.83472,0.140924
2023-05-06,2022-2023,Tottenham,Crystal Palace,1,0,HOME_TEAM,1,0,8,7,3,2,8,4,D England,1.82,3.92,4.21,1.15665,0.306669
2023-05-06,2022-2023,Wolves,Aston Villa,1,0,HOME_TEAM,1,0,6,16,2,3,5,6,S Attwell,2.98,3.26,2.51,0.80605,1.50158
2023-05-06,2022-2023,Liverpool,Brentford,1,0,HOME_TEAM,1,0,15,5,5,1,7,3,A Taylor,1.48,4.91,6.16,1.992,0.183892
2023-05-07,2022-2023,West Ham,Man United,1,0,HOME_TEAM,1,0,15,19,4,4,5,6,P Bankes,3.43,3.74,2.08,1.76618,1.1942
2023-05-07,2022-2023,Newcastle,Arsenal,0,2,AWAY_TEAM,0,1,12,10,5,6,9,4,C Kavanagh,2.49,3.73,2.71,1.37224,1.29061
2023-05-08,2022-2023,Fulham,Leicester,5,3,HOME_TEAM,3,0,17,18,7,9,2,7,R Jones,2.67,3.53,2.6,1.75276,2.92566
2023-05-08,2022-2023,Brighton,Everton,1,5,AWAY_TEAM,0,3,23,10,5,5,15,1,S Hooper,1.35,5.3,8.47,3.23717,2.94223
2023-05-08,2022-2023,Nott'm Forest,Southampton,4,3,HOME_TEAM,3,1,9,19,4,5,2,11,M Oliver,2.13,3.52,3.46,1.91326,3.31096
2023-05-13,2022-2023,Man United,Wolves,2,0,HOME_TEAM,1,0,27,5,9,0,11,7,J Brooks,1.38,5.1,8.37,3.10118,0.268789
2023-05-13,2022-2023,Leeds,Newcastle,2,2,DRAW,1,1,9,18,4,5,2,6,S Hooper,4.62,4.2,1.71,2.01567,2.35118
2023-05-13,2022-2023,Aston Villa,Tottenham,2,1,HOME_TEAM,1,0,8,5,4,2,8,3,P Bankes,2.3,3.6,3.03,1.79987,1.18505
2023-05-13,2022-2023,Chelsea,Nott'm Forest,2,2,DRAW,0,1,14,11,6,2,2,5,P Tierney,1.51,4.4,6.68,0.999181,1.96797
2023-05-13,2022-2023,Crystal Palace,Bournemouth,2,0,HOME_TEAM,1,0,17,5,5,0,11,2,M Salisbury,1.88,3.7,4.18,1.40237,0.262022
2023-05-13,2022-2023,Southampton,Fulham,0,2,AWAY_TEAM,0,0,5,9,1,4,1,8,T Bramall,2.82,3.44,2.51,0.149649,1.27085
2023-05-14,2022-2023,Brentford,West Ham,2,0,HOME_TEAM,2,0,24,4,10,4,7,5,M Oliver,2.05,3.56,3.66,4.42571,0.203312
2023-05-14,2022-2023,Everton,Man City,0,3,AWAY_TEAM,0,2,7,9,3,4,8,6,A Taylor,8.86,5.21,1.36,1.18597,1.04338
2023-05-14,2022-2023,Arsenal,Brighton,0,3,AWAY_TEAM,0,0,14,12,2,6,5,2,A Madley,1.77,4.19,4.21,0.958651,2.21276
2023-05-15,2022-2023,Leicester,Liverpool,0,3,AWAY_TEAM,0,2,4,16,4,5,4,4,C Pawson,5.11,4.59,1.59,0.527496,1.77085
2023-05-18,2022-2023,Newcastle,Brighton,4,1,HOME_TEAM,2,0,22,8,9,2,6,1,R Jones,2.02,3.86,3.49,4.11359,0.593493
2023-05-20,2022-2023,Wolves,Everton,1,1,DRAW,1,0,13,19,5,4,1,7,D Coote,2.77,3.35,2.63,1.28976,2.46976
2023-05-20,2022-2023,Nott'm Forest,Arsenal,1,0,HOME_TEAM,1,0,6,11,2,3,3,6,A Taylor,5.37,4.45,1.59,1.1397,0.4902
2023-05-20,2022-2023,Liverpool,Aston Villa,1,1,DRAW,0,1,10,6,5,3,9,4,J Brooks,1.49,4.86,6.16,0.918508,1.46948
2023-05-20,2022-2023,Bournemouth,Man United,0,1,AWAY_TEAM,0,1,10,20,4,5,3,6,C Kavanagh,6.06,4.77,1.51,0.815723,1.71783
2023-05-20,2022-2023,Tottenham,Brentford,1,3,AWAY_TEAM,1,0,22,11,8,4,8,2,J Gillett,1.85,3.88,4.13,1.61667,1.15344
2023-05-20,2022-2023,Fulham,Crystal Palace,2,2,DRAW,1,1,11,11,4,5,7,4,J Smith,2.45,3.4,2.97,1.95519,1.70785
2023-05-21,2022-2023,West Ham,Leeds,3,1,HOME_TEAM,1,1,19,12,9,3,9,5,P Bankes,2.45,3.56,2.84,2.48001,0.645828
2023-05-21,2022-2023,Brighton,Southampton,3,1,HOME_TEAM,2,0,26,5,8,1,4,3,P Tierney,1.23,6.91,12.43,2.41418,0.863659
2023-05-21,2022-2023,Man City,Chelsea,1,0,HOME_TEAM,1,0,15,13,2,6,5,2,M Oliver,1.26,6.41,11.48,1.20557,1.15648
2023-05-22,2022-2023,Newcastle,Leicester,0,0,DRAW,0,0,23,1,4,1,12,1,A Marriner,1.38,5.39,7.66,2.05089,0.0839072
2023-05-24,2022-2023,Brighton,Man City,1,1,DRAW,1,1,20,13,7,4,5,1,S Hooper,3.97,4.22,1.81,2.11486,1.92973
2023-05-25,2022-2023,Man United,Chelsea,4,1,HOME_TEAM,2,0,18,14,9,5,3,4,S Attwell,1.63,4.35,5.12,4.92231,1.68364
2023-05-28,2022-2023,Leicester,West Ham,2,1,HOME_TEAM,1,0,13,16,4,3,3,5,S Hooper,1.94,3.92,3.65,2.03013,0.970352
2023-05-28,2022-2023,Southampton,Liverpool,4,4,DRAW,2,2,15,30,10,8,2,9,D England,6.74,5.2,1.42,1.33964,4.00345
2023-05-28,2022-2023,Man United,Fulham,2,1,HOME_TEAM,1,1,21,10,8,3,5,4,R Jones,1.53,4.59,5.76,2.74766,1.88167
2023-05-28,2022-2023,Everton,Bournemouth,1,0,HOME_TEAM,0,0,13,7,6,2,9,3,S Attwell,1.49,4.61,6.58,1.12933,0.432084
2023-05-28,2022-2023,Leeds,Tottenham,1,4,AWAY_TEAM,0,1,19,11,2,7,12,3,A Taylor,2.77,3.84,2.37,1.19151,2.03315
2023-05-28,2022-2023,Chelsea,Newcastle,1,1,DRAW,1,1,22,13,5,4,10,3,J Gillett,2.87,3.64,2.38,2.01924,1.51899
2023-05-28,2022-2023,Brentford,Man City,1,0,HOME_TEAM,0,0,11,17,4,3,3,4,J Brooks,3.88,4.01,1.87,1.43893,1.18649
2023-05-28,2022-2023,Aston Villa,Brighton,2,1,HOME_TEAM,2,1,12,8,5,4,4,3,D Coote,2.04,3.88,3.37,2.55845,1.23117
2023-05-28,2022-2023,Arsenal,Wolves,5,0,HOME_TEAM,3,0,14,6,8,0,8,4,A Marriner,1.37,5.33,7.87,3.02466,0.38772
2023-05-28,2022-2023,Crystal Palace,Nott'm Forest,1,1,DRAW,0,1,16,7,4,4,5,4,T Bramall,1.69,4.15,4.77,1.00786,0.436439
2023-08-11,2023-2024,Burnley,Man City,0,3,AWAY_TEAM,0,2,6,17,1,8,6,5,C Pawson,9.02,5.35,1.35,0.311032,2.40074
2023-08-12,2023-2024,Arsenal,Nott'm Forest,2,1,HOME_TEAM,2,0,15,6,7,2,8,3,M Oliver,1.18,7.64,15.67,0.84262,0.966305
2023-08-12,2023-2024,Bournemouth,West Ham,1,1,DRAW,0,0,14,16,5,3,10,4,P Bankes,2.69,3.44,2.64,1.51025,1.4834
2023-08-12,2023-2024,Brighton,Luton,4,1,HOME_TEAM,1,0,27,9,12,3,6,7,D Coote,1.33,5.52,9.61,4.36748,1.88594
2023-08-12,2023-2024,Everton,Fulham,0,1,AWAY_TEAM,0,0,19,9,9,2,10,4,S Attwell,2.24,3.43,3.3,2.59001,1.58144
2023-08-12,2023-2024,Sheffield United,Crystal Palace,0,1,AWAY_TEAM,0,0,8,24,1,8,5,5,J Brooks,3.12,3.24,2.41,0.422704,2.27616
2023-08-12,2023-2024,Newcastle,Aston Villa,5,1,HOME_TEAM,2,1,17,16,13,6,6,5,A Madley,1.76,3.88,4.61,4.32208,1.486
2023-08-13,2023-2024,Brentford,Tottenham,2,2,DRAW,2,2,11,18,6,6,3,6,R Jones,2.73,3.63,2.5,1.90756,1.45316
2023-08-13,2023-2024,Chelsea,Liverpool,1,1,DRAW,1,1,10,13,4,1,4,4,A Taylor,2.87,3.64,2.39,1.93258,1.29994
2023-08-14,2023-2024,Man United,Wolves,1,0,HOME_TEAM,0,0,15,23,3,6,8,7,S Hooper,1.31,5.65,9.85,1.97087,1.72228
2023-08-18,2023-2024,Nott'm Forest,Sheffield United,2,1,HOME_TEAM,1,0,16,7,4,3,6,7,P Bankes,1.95,3.43,4.25,1.37181,0.551038
2023-08-19,2023-2024,Man City,Newcastle,1,0,HOME_TEAM,1,0,14,7,4,1,3,0,R Jones,1.7,4.07,4.83,1.22528,0.257154
2023-08-19,2023-2024,Wolves,Brighton,1,4,AWAY_TEAM,0,1,16,16,5,8,5,3,A Madley,4.0,3.81,1.89,2.68821,3.15562
2023-08-19,2023-2024,Tottenham,Man United,2,0,HOME_TEAM,0,0,17,22,6,6,5,6,M Oliver,2.84,3.75,2.37,2.53904,2.44604
2023-08-19,2023-2024,Liverpool,Bournemouth,3,1,HOME_TEAM,2,1,26,13,10,5,10,2,T Bramall,1.23,6.86,11.82,3.25448,1.3867
2023-08-19,2023-2024,Fulham,Brentford,0,3,AWAY_TEAM,0,1,10,17,2,8,5,5,D Bond,2.72,3.4,2.63,0.399899,3.46888
2023-08-20,2023-2024,Aston Villa,Everton,4,0,HOME_TEAM,2,0,13,9,7,2,7,6,A Taylor,1.7,3.91,5.0,3.24336,0.721465
2023-08-20,2023-2024,West Ham,Chelsea,3,1,HOME_TEAM,1,1,12,17,6,4,3,9,J Brooks,3.66,3.57,2.04,1.71234,1.60916
2023-08-21,2023-2024,Crystal Palace,Arsenal,0,1,AWAY_TEAM,0,0,14,14,2,3,1,8,D Coote,5.79,4.06,1.6,1.06916,2.20593
2023-08-25,2023-2024,Chelsea,Luton,3,0,HOME_TEAM,1,0,19,11,8,1,6,4,R Jones,1.29,5.86,10.78,3.41419,0.465741
2023-08-26,2023-2024,Brighton,West Ham,1,3,AWAY_TEAM,0,1,25,12,10,3,17,4,A Taylor,1.53,4.67,5.73,1.3743,2.9527
2023-08-26,2023-2024,Man United,Nott'm Forest,3,2,HOME_TEAM,1,2,18,9,9,4,11,3,S Attwell,1.31,5.79,9.23,3.02803,0.960354
2023-08-26,2023-2024,Everton,Wolves,0,1,AWAY_TEAM,0,0,15,11,7,2,7,0,C Pawson,2.32,3.31,3.24,1.89792,1.40228
2023-08-26,2023-2024,Arsenal,Fulham,2,2,DRAW,0,1,19,8,11,3,8,3,P Tierney,1.23,6.49,13.35,3.23088,0.849817
2023-08-26,2023-2024,Bournemouth,Tottenham,0,2,AWAY_TEAM,0,1,11,17,3,6,6,2,T Robinson,3.67,3.94,1.95,0.483582,2.26115
2023-08-26,2023-2024,Brentford,Crystal Palace,1,1,DRAW,1,0,12,15,1,5,8,6,P Bankes,2.14,3.41,3.57,0.948011,1.06061
2023-08-27,2023-2024,Burnley,Aston Villa,1,3,AWAY_TEAM,0,2,9,16,2,6,4,6,M Salisbury,3.36,3.55,2.16,0.630605,2.83691
2023-08-27,2023-2024,Sheffield United,Man City,1,2,AWAY_TEAM,0,0,6,30,2,9,1,12,J Gillett,16.67,7.51,1.18,0.762232,3.84804
2023-08-27,2023-2024,Newcastle,Liverpool,1,2,AWAY_TEAM,1,0,23,9,8,4,5,9,J Brooks,2.2,3.9,3.03,1.62037,0.856121
2023-09-01,2023-2024,Luton,West Ham,1,2,AWAY_TEAM,0,1,16,9,1,3,9,6,P Tierney,4.7,3.94,1.74,2.02244,1.22528
2023-09-02,2023-2024,Man City,Fulham,5,1,HOME_TEAM,2,1,7,6,5,4,4,5,M Oliver,1.15,8.46,17.91,2.00152,1.46427
2023-09-02,2023-2024,Brighton,Newcastle,3,1,HOME_TEAM,1,0,15,9,6,2,5,3,S Attwell,2.55,3.87,2.55,1.32258,0.90476
2023-09-02,2023-2024,Chelsea,Nott'm Forest,0,1,AWAY_TEAM,0,0,21,7,2,3,8,0,T Robinson,1.38,5.03,8.27,2.28442,1.1505
2023-09-02,2023-2024,Sheffield United,Everton,2,2,DRAW,2,1,13,16,8,6,4,6,A Madley,3.01,3.23,2.5,1.575,2.73871
2023-09-02,2023-2024,Brentford,Bournemouth,2,2,DRAW,1,1,21,12,7,5,5,2,R Madley,1.72,4.06,4.67,3.07185,2.11013
2023-09-02,2023-2024,Burnley,Tottenham,2,5,AWAY_TEAM,1,2,16,20,4,10,7,4,D England,3.83,3.99,1.88,1.66604,2.39785
2023-09-03,2023-2024,Crystal Palace,Wolves,3,2,HOME_TEAM,0,0,16,12,11,4,4,2,R Jones,1.95,3.45,4.15,2.32935,1.13911
2023-09-03,2023-2024,Liverpool,Aston Villa,3,0,HOME_TEAM,2,0,17,9,4,3,7,3,S Hooper,1.66,4.49,4.57,2.73138,0.615503
2023-09-03,2023-2024,Arsenal,Man United,3,1,HOME_TEAM,1,1,17,10,5,2,12,3,A Taylor,1.77,4.04,4.38,1.90973,0.966109
2023-09-16,2023-2024,Wolves,Liverpool,1,3,AWAY_TEAM,1,0,11,16,2,6,4,4,M Oliver,6.64,4.95,1.45,0.538833,2.82701
2023-09-16,2023-2024,Aston Villa,Crystal Palace,3,1,HOME_TEAM,0,0,16,6,5,3,4,2,D England,1.9,3.7,4.07,2.31518,1.11696
2023-09-16,2023-2024,Fulham,Luton,1,0,HOME_TEAM,0,0,13,7,2,2,6,2,M Salisbury,1.68,3.96,5.18,1.75704,1.45705
2023-09-16,2023-2024,Man United,Brighton,1,3,AWAY_TEAM,0,1,14,10,4,8,8,1,J Gillett,2.21,3.98,2.96,0.719951,1.93908
2023-09-16,2023-2024,Tottenham,Sheffield United,2,1,HOME_TEAM,0,0,28,7,10,5,15,2,P Bankes,1.28,6.1,10.52,2.15909,0.790655
2023-09-16,2023-2024,West Ham,Man City,1,3,AWAY_TEAM,1,0,6,29,3,15,4,11,A Madley,6.57,4.67,1.48,0.895632,4.15046
2023-09-16,2023-2024,Newcastle,Brentford,1,0,HOME_TEAM,0,0,9,11,2,2,8,3,C Pawson,1.53,4.37,6.12,1.50126,0.633678
2023-09-17,2023-2024,Bournemouth,Chelsea,0,0,DRAW,0,0,13,14,4,6,1,7,D Coote,4.34,3.96,1.79,1.32515,1.39677
2023-09-17,2023-2024,Everton,Arsenal,0,1,AWAY_TEAM,0,0,8,13,1,4,1,11,S Hooper,6.07,4.55,1.52,0.28317,0.802605
2023-09-18,2023-2024,Nott'm Forest,Burnley,1,1,DRAW,0,1,14,10,4,3,5,4,R Jones,2.24,3.51,3.22,0.705795,0.807651
2023-09-23,2023-2024,Crystal Palace,Fulham,0,0,DRAW,0,0,7,10,3,5,3,2,P Tierney,1.95,3.51,4.09,0.37236,0.542678
2023-09-23,2023-2024,Luton,Wolves,1,1,DRAW,0,0,20,3,4,3,10,1,J Smith,3.3,3.43,2.23,2.24101,0.762984
2023-09-23,2023-2024,Man City,Nott'm Forest,2,0,HOME_TEAM,2,0,7,10,4,3,6,6,A Taylor,1.15,8.55,18.11,1.33984,0.729109
2023-09-23,2023-2024,Brentford,Everton,1,3,AWAY_TEAM,1,1,12,18,2,6,1,4,M Oliver,1.8,3.78,4.49,1.57402,2.51497
2023-09-23,2023-2024,Burnley,Man United,0,1,AWAY_TEAM,0,1,12,11,4,4,9,5,T Harrington,4.31,4.16,1.75,0.935444,0.840273
2023-09-24,2023-2024,Arsenal,Tottenham,2,2,DRAW,1,1,13,13,6,5,11,4,R Jones,1.7,4.36,4.5,2.3429,2.21166
2023-09-24,2023-2024,Brighton,Bournemouth,3,1,HOME_TEAM,1,1,13,12,4,4,4,4,J Brooks,1.38,5.31,7.58,2.14533,1.58984
2023-09-24,2023-2024,Chelsea,Aston Villa,0,1,AWAY_TEAM,0,0,10,15,4,7,5,11,J Gillett,1.91,3.85,3.87,1.19716,1.13479
2023-09-24,2023-2024,Liverpool,West Ham,3,1,HOME_TEAM,1,1,22,11,7,4,7,4,C Kavanagh,1.39,5.38,7.19,4.14262,1.53878
2023-09-24,2023-2024,Sheffield United,Newcastle,0,8,AWAY_TEAM,0,3,9,22,1,15,2,6,S Attwell,7.01,4.78,1.45,0.579392,5.1082
2023-09-30,2023-2024,Tottenham,Liverpool,2,1,HOME_TEAM,1,1,24,12,8,4,12,5,S Hooper,2.96,4.03,2.21,2.18823,1.12299
2023-09-30,2023-2024,Wolves,Man City,2,1,HOME_TEAM,1,0,3,23,1,8,0,6,C Pawson,9.2,5.65,1.33,0.673985,0.98075
2023-09-30,2023-2024,Newcastle,Burnley,2,0,HOME_TEAM,1,0,20,8,8,2,5,3,T Bramall,1.33,5.62,9.22,3.08516,0.801849
2023-09-30,2023-2024,West Ham,Sheffield United,2,0,HOME_TEAM,2,0,20,16,9,2,7,4,G Scott,1.45,4.79,7.1,3.19753,0.911997
2023-09-30,2023-2024,Everton,Luton,1,2,AWAY_TEAM,1,2,23,9,5,2,3,6,A Taylor,1.61,3.94,6.06,3.65377,1.5102
2023-09-30,2023-2024,Bournemouth,Arsenal,0,4,AWAY_TEAM,0,2,8,15,1,8,6,6,M Salisbury,5.77,4.68,1.53,0.644443,4.0742
2023-09-30,2023-2024,Aston Villa,Brighton,6,1,HOME_TEAM,3,0,19,11,9,3,1,3,A Madley,2.56,3.92,2.55,1.90746,1.72819
2023-09-30,2023-2024,Man United,Crystal Palace,0,1,AWAY_TEAM,0,1,19,8,4,2,10,4,C Kavanagh,1.57,4.3,5.89,1.55408,1.19015
2023-10-01,2023-2024,Nott'm Forest,Brentford,1,1,DRAW,0,0,6,18,1,5,1,11,P Tierney,2.81,3.27,2.65,0.800317,1.75862
2023-10-02,2023-2024,Fulham,Chelsea,0,2,AWAY_TEAM,0,2,10,11,3,4,8,1,T Robinson,3.73,3.49,2.06,0.889383,1.98461
2023-10-03,2023-2024,Luton,Burnley,1,2,AWAY_TEAM,0,1,18,14,3,4,7,6,P Bankes,2.92,3.18,2.63,1.53058,0.920206
2023-10-07,2023-2024,Crystal Palace,Nott'm Forest,0,0,DRAW,0,0,8,16,2,5,3,7,C Pawson,2.24,3.25,3.49,0.982452,1.22105
2023-10-07,2023-2024,Man United,Brentford,2,1,HOME_TEAM,0,1,21,11,8,3,7,5,A Madley,1.69,4.2,4.78,1.29356,1.02509
2023-10-07,2023-2024,Fulham,Sheffield United,3,1,HOME_TEAM,0,0,20,5,6,2,9,4,S Barrott,1.64,3.96,5.69,2.26612,0.251809
2023-10-07,2023-2024,Burnley,Chelsea,1,4,AWAY_TEAM,1,1,10,9,3,5,7,3,S Attwell,4.63,3.92,1.76,0.956642,1.97566
2023-10-07,2023-2024,Luton,Tottenham,0,1,AWAY_TEAM,0,0,12,15,2,4,5,6,J Brooks,6.46,4.79,1.48,0.848118,2.37947
2023-10-07,2023-2024,Everton,Bournemouth,3,0,HOME_TEAM,2,0,25,11,8,4,8,7,D Coote,1.97,3.7,3.81,3.16482,0.981732
2023-10-08,2023-2024,Arsenal,Man City,1,0,HOME_TEAM,0,0,12,4,2,1,5,4,M Oliver,2.92,3.49,2.44,0.386558,0.858071
2023-10-08,2023-2024,Brighton,Liverpool,2,2,DRAW,1,2,14,14,3,4,8,1,A Taylor,3.05,4.01,2.17,2.23187,2.51029
2023-10-08,2023-2024,West Ham,Newcastle,2,2,DRAW,1,0,5,10,3,3,4,2,P Bankes,3.32,3.72,2.13,0.931345,1.97865
2023-10-08,2023-2024,Wolves,Aston Villa,1,1,DRAW,0,0,8,18,3,4,2,10,R Jones,3.4,3.59,2.14,1.76232,1.81618
2023-10-21,2023-2024,Chelsea,Arsenal,2,2,DRAW,1,0,11,13,5,3,2,7,C Kavanagh,3.24,3.47,2.26,1.71838,1.05791
2023-10-21,2023-2024,Nott'm Forest,Luton,2,2,DRAW,0,0,19,13,8,4,4,2,S Barrott,1.69,3.82,5.33,3.27549,1.49555
2023-10-21,2023-2024,Sheffield United,Man United,1,2,AWAY_TEAM,1,1,12,14,6,5,5,4,M Oliver,7.27,5.07,1.42,1.41074,1.46187
2023-10-21,2023-2024,Newcastle,Crystal Palace,4,0,HOME_TEAM,3,0,10,17,7,3,6,8,T Robinson,1.46,4.53,7.44,3.73336,1.08795
2023-10-21,2023-2024,Bournemouth,Wolves,1,2,AWAY_TEAM,1,0,7,20,4,7,3,12,P Tierney,2.41,3.48,2.95,1.01839,2.30454
2023-10-21,2023-2024,Brentford,Burnley,3,0,HOME_TEAM,1,0,23,6,10,1,5,5,J Smith,1.83,3.74,4.4,3.15685,0.693129
2023-10-21,2023-2024,Man City,Brighton,2,1,HOME_TEAM,2,0,10,5,6,3,2,2,R Jones,1.41,5.36,6.83,0.962509,0.963733
2023-10-21,2023-2024,Liverpool,Everton,2,0,HOME_TEAM,0,0,26,6,6,1,12,4,C Pawson,1.36,5.66,8.01,2.28568,0.0937725
2023-10-22,2023-2024,Aston Villa,West Ham,4,1,HOME_TEAM,1,0,15,14,7,4,8,7,D Coote,1.9,3.86,3.88,2.34143,0.659622
2023-10-23,2023-2024,Tottenham,Fulham,2,0,HOME_TEAM,1,0,15,10,5,3,3,5,A Taylor,1.51,4.7,5.99,1.63523,0.745838
2023-10-27,2023-2024,Crystal Palace,Tottenham,1,2,AWAY_TEAM,0,0,13,10,3,1,11,2,A Madley,4.64,3.83,1.79,0.561834,0.989103
2023-10-28,2023-2024,Wolves,Newcastle,2,2,DRAW,1,2,11,13,6,5,8,7,A Taylor,4.26,3.94,1.82,0.863393,2.31987
2023-10-28,2023-2024,Bournemouth,Burnley,2,1,HOME_TEAM,1,1,13,6,6,3,10,5,S Barrott,2.13,3.66,3.38,1.10052,0.90255
2023-10-28,2023-2024,Chelsea,Brentford,0,2,AWAY_TEAM,0,0,17,7,2,5,10,1,S Hooper,1.65,4.1,5.31,1.71801,2.48137
2023-10-28,2023-2024,Arsenal,Sheffield United,5,0,HOME_TEAM,1,0,13,2,8,0,6,1,T Robinson,1.13,9.61,21.6,3.03496,0.0281554
2023-10-29,2023-2024,West Ham,Everton,0,1,AWAY_TEAM,0,0,12,10,2,4,4,3,S Attwell,2.15,3.64,3.32,0.618578,0.733813
2023-10-29,2023-2024,Aston Villa,Luton,3,1,HOME_TEAM,1,0,17,7,6,1,6,4,J Brooks,1.28,6.19,10.79,3.07654,0.453117
2023-10-29,2023-2024,Brighton,Fulham,1,1,DRAW,1,0,18,10,7,5,7,3,M Salisbury,1.56,4.6,5.42,1.31996,0.552523
2023-10-29,2023-2024,Liverpool,Nott'm Forest,3,0,HOME_TEAM,2,0,21,9,8,1,8,3,C Kavanagh,1.27,6.38,10.39,2.70428,0.642014
2023-10-29,2023-2024,Man United,Man City,0,3,AWAY_TEAM,0,1,7,21,3,10,7,12,P Tierney,4.99,4.04,1.69,0.714628,4.54595
2023-11-04,2023-2024,Sheffield United,Wolves,2,1,HOME_TEAM,0,0,11,10,2,3,4,4,R Jones,3.83,3.64,1.98,1.10165,1.14803
2023-11-04,2023-2024,Newcastle,Arsenal,1,0,HOME_TEAM,0,0,9,14,2,1,0,11,S Attwell,2.82,3.39,2.56,1.12355,0.535473
2023-11-04,2023-2024,Man City,Bournemouth,6,1,HOME_TEAM,3,0,21,5,8,1,12,1,C Pawson,1.1,11.39,26.19,2.39949,0.643127
2023-11-04,2023-2024,Fulham,Man United,0,1,AWAY_TEAM,0,0,18,12,3,5,9,4,J Brooks,3.24,3.61,2.2,1.18241,0.697095
2023-11-04,2023-2024,Burnley,Crystal Palace,0,2,AWAY_TEAM,0,1,17,4,5,3,12,1,P Bankes,2.85,3.23,2.63,1.4998,1.43653
2023-11-04,2023-2024,Brentford,West Ham,3,2,HOME_TEAM,1,2,16,12,4,2,4,3,T Bramall,2.08,3.67,3.46,1.82944,1.75505
2023-11-04,2023-2024,Everton,Brighton,1,1,DRAW,1,0,10,7,4,2,3,3,T Robinson,3.09,3.81,2.2,0.617607,0.442489
2023-11-05,2023-2024,Nott'm Forest,Aston Villa,2,0,HOME_TEAM,1,0,5,13,3,3,0,10,J Gillett,4.09,3.77,1.89,0.592447,1.33116
2023-11-05,2023-2024,Luton,Liverpool,1,1,DRAW,0,0,8,24,5,6,4,7,A Madley,11.46,6.8,1.24,1.3411,3.03925
2023-11-06,2023-2024,Tottenham,Chelsea,1,4,AWAY_TEAM,1,1,8,17,5,8,1,6,M Oliver,2.13,3.73,3.29,0.959108,4.05865
2023-11-11,2023-2024,Wolves,Tottenham,2,1,HOME_TEAM,0,1,17,6,4,2,11,3,T Robinson,3.13,3.73,2.21,1.90884,0.432315
2023-11-11,2023-2024,Arsenal,Burnley,3,1,HOME_TEAM,1,0,16,8,6,5,3,3,M Oliver,1.19,7.34,15.07,2.63194,0.327706
2023-11-11,2023-2024,Crystal Palace,Everton,2,3,AWAY_TEAM,1,1,13,8,4,4,9,2,S Barrott,2.44,3.21,3.11,1.89194,1.7904
2023-11-11,2023-2024,Man United,Luton,1,0,HOME_TEAM,0,0,15,10,4,4,11,3,G Scott,1.33,5.6,9.17,2.74105,0.408265
2023-11-11,2023-2024,Bournemouth,Newcastle,2,0,HOME_TEAM,0,0,19,8,10,5,6,5,C Kavanagh,4.67,4.03,1.73,2.78424,0.306141
2023-11-12,2023-2024,Chelsea,Man City,4,4,DRAW,2,2,17,15,9,10,3,3,A Taylor,4.93,3.83,1.74,3.47238,3.19324
2023-11-12,2023-2024,Liverpool,Brentford,3,0,HOME_TEAM,1,0,17,16,10,3,6,8,P Tierney,1.42,5.16,7.05,1.56004,1.44954
2023-11-12,2023-2024,West Ham,Nott'm Forest,3,2,HOME_TEAM,1,1,16,10,6,5,9,4,M Salisbury,1.89,3.77,4.09,2.06402,1.42128
2023-11-12,2023-2024,Aston Villa,Fulham,3,1,HOME_TEAM,2,0,12,9,6,5,2,2,S Hooper,1.59,4.28,5.66,2.86039,0.648745
2023-11-12,2023-2024,Brighton,Sheffield United,1,1,DRAW,1,0,11,9,6,1,6,3,J Brooks,1.24,6.73,11.71,1.08601,0.84434
2023-11-25,2023-2024,Man City,Liverpool,1,1,DRAW,1,0,16,8,5,3,9,6,C Kavanagh,1.75,4.31,4.29,1.79622,0.766278
2023-11-25,2023-2024,Burnley,West Ham,1,2,AWAY_TEAM,0,0,11,11,5,3,4,5,S Barrott,3.47,3.62,2.1,1.44228,1.36963
2023-11-25,2023-2024,Luton,Crystal Palace,2,1,HOME_TEAM,0,0,8,16,3,8,4,5,J Gillett,3.63,3.38,2.13,0.996153,1.83546
2023-11-25,2023-2024,Newcastle,Chelsea,4,1,HOME_TEAM,1,1,14,7,5,4,4,2,S Hooper,2.62,3.5,2.68,2.15227,0.968061
2023-11-25,2023-2024,Nott'm Forest,Brighton,2,3,AWAY_TEAM,1,2,18,11,5,5,6,4,A Taylor,3.22,3.64,2.2,2.22655,1.21792
2023-11-25,2023-2024,Sheffield United,Bournemouth,1,3,AWAY_TEAM,0,2,10,23,2,11,4,7,A Madley,3.29,3.53,2.21,0.816227,3.13975
2023-11-25,2023-2024,Brentford,Arsenal,0,1,AWAY_TEAM,0,0,9,15,3,4,1,8,T Robinson,4.64,3.84,1.77,1.66315,1.82699
2023-11-26,2023-2024,Tottenham,Aston Villa,1,2,AWAY_TEAM,1,1,18,15,8,5,9,3,R Jones,2.35,3.89,2.8,2.22542,2.39755
2023-11-26,2023-2024,Everton,Man United,0,3,AWAY_TEAM,0,1,24,9,6,4,6,5,J Brooks,2.74,3.52,2.56,2.49764,2.07334
2023-11-27,2023-2024,Fulham,Wolves,3,2,HOME_TEAM,1,1,12,10,6,6,6,2,M Salisbury,2.43,3.34,3.02,2.49057,1.57875
2023-12-02,2023-2024,Newcastle,Man United,1,0,HOME_TEAM,0,0,22,8,4,1,7,3,R Jones,1.94,3.84,3.84,2.90191,0.422674
2023-12-02,2023-2024,Burnley,Sheffield United,5,0,HOME_TEAM,2,0,19,6,7,3,6,1,C Kavanagh,1.83,3.68,4.55,2.60469,0.618131
2023-12-02,2023-2024,Nott'm Forest,Everton,0,1,AWAY_TEAM,0,0,13,12,2,3,4,3,P Tierney,2.8,3.35,2.62,0.673085,0.623789
2023-12-02,2023-2024,Arsenal,Wolves,2,1,HOME_TEAM,2,0,19,6,6,3,4,0,P Bankes,1.27,5.95,11.58,3.30368,1.07886
2023-12-02,2023-2024,Brentford,Luton,3,1,HOME_TEAM,0,0,27,7,6,1,7,5,A Taylor,1.48,4.63,6.88,3.25952,0.227176
2023-12-03,2023-2024,Man City,Tottenham,3,3,DRAW,2,1,18,8,4,4,10,8,S Hooper,1.3,6.18,9.27,2.90729,0.433077
2023-12-03,2023-2024,West Ham,Crystal Palace,1,1,DRAW,1,0,9,9,3,2,2,3,M Oliver,2.02,3.53,3.84,1.1466,0.987682
2023-12-03,2023-2024,Bournemouth,Aston Villa,2,2,DRAW,1,1,15,11,7,3,7,7,T Bramall,3.45,4.0,2.01,2.54937,0.89511
2023-12-03,2023-2024,Chelsea,Brighton,3,2,HOME_TEAM,2,1,8,18,5,9,5,8,C Pawson,1.75,4.24,4.37,1.66304,0.855058
2023-12-03,2023-2024,Liverpool,Fulham,4,3,HOME_TEAM,2,2,26,9,12,5,3,4,S Attwell,1.26,6.62,10.56,2.72831,1.51005
2023-12-05,2023-2024,Wolves,Burnley,1,0,HOME_TEAM,1,0,7,12,4,3,6,8,J Gillett,1.89,3.62,4.31,1.11886,0.781542
2023-12-05,2023-2024,Luton,Arsenal,3,4,AWAY_TEAM,1,2,6,23,4,9,3,8,S Barrott,14.98,6.73,1.21,0.526254,2.58815
2023-12-06,2023-2024,Brighton,Brentford,2,1,HOME_TEAM,1,1,18,8,7,2,7,3,P Bankes,1.93,3.91,3.77,1.54099,1.22007
2023-12-06,2023-2024,Crystal Palace,Bournemouth,0,2,AWAY_TEAM,0,1,16,11,3,4,3,9,C Pawson,2.27,3.45,3.25,1.26441,1.79997
2023-12-06,2023-2024,Fulham,Nott'm Forest,5,0,HOME_TEAM,2,0,14,4,6,1,6,1,J Smith,2.05,3.49,3.78,3.09427,0.218659
2023-12-06,2023-2024,Sheffield United,Liverpool,0,2,AWAY_TEAM,0,1,6,15,1,8,2,12,S Hooper,13.54,7.67,1.2,0.834172,1.80116
2023-12-06,2023-2024,Aston Villa,Man City,1,0,HOME_TEAM,0,0,22,2,7,2,6,0,J Brooks,4.45,4.26,1.73,2.1922,1.00198
2023-12-06,2023-2024,Man United,Chelsea,2,1,HOME_TEAM,1,1,28,13,9,3,12,4,C Kavanagh,2.82,3.65,2.43,4.03949,2.3512
2023-12-07,2023-2024,Everton,Newcastle,3,0,HOME_TEAM,0,0,21,13,6,3,5,2,T Robinson,3.13,3.44,2.33,2.95393,1.29564
2023-12-07,2023-2024,Tottenham,West Ham,1,2,AWAY_TEAM,1,0,23,11,7,5,8,4,M Salisbury,1.79,4.22,4.08,1.61268,1.7409
2023-12-09,2023-2024,Wolves,Nott'm Forest,1,1,DRAW,1,1,10,8,4,2,4,3,S Barrott,1.87,3.64,4.34,1.02199,1.21801
2023-12-09,2023-2024,Aston Villa,Arsenal,1,0,HOME_TEAM,1,0,10,12,3,5,3,3,J Gillett,3.41,3.66,2.11,0.628499,1.71667
2023-12-09,2023-2024,Sheffield United,Brentford,1,0,HOME_TEAM,1,0,9,10,4,4,3,4,S Attwell,4.48,3.82,1.8,0.841976,0.644638
2023-12-09,2023-2024,Crystal Palace,Liverpool,1,2,AWAY_TEAM,0,0,8,14,4,2,6,5,A Madley,6.12,4.54,1.52,1.79152,1.3708
2023-12-09,2023-2024,Brighton,Burnley,1,1,DRAW,0,1,29,6,11,3,9,1,S Hooper,1.5,4.69,6.18,2.96247,1.05162
2023-12-09,2023-2024,Man United,Bournemouth,0,3,AWAY_TEAM,0,1,20,10,3,4,10,4,P Bankes,1.55,4.65,5.54,1.11296,1.9742
2023-12-10,2023-2024,Everton,Chelsea,2,0,HOME_TEAM,0,0,9,16,5,4,4,8,M Oliver,3.02,3.59,2.31,1.11437,0.885512
2023-12-10,2023-2024,Fulham,West Ham,5,0,HOME_TEAM,3,0,14,9,8,5,3,6,P Tierney,2.39,3.49,2.95,2.1884,0.983
2023-12-10,2023-2024,Luton,Man City,1,2,AWAY_TEAM,1,0,4,18,2,6,6,3,T Robinson,18.02,8.94,1.15,0.689037,2.23353
2023-12-10,2023-2024,Tottenham,Newcastle,4,1,HOME_TEAM,2,0,23,9,12,3,3,6,C Kavanagh,2.2,3.84,3.05,4.40118,1.61368
2023-12-15,2023-2024,Nott'm Forest,Tottenham,0,2,AWAY_TEAM,0,1,15,12,1,6,6,4,J Gillett,4.52,4.13,1.74,1.70569,1.60738
2023-12-16,2023-2024,Chelsea,Sheffield United,2,0,HOME_TEAM,0,0,15,6,6,1,7,6,A Madley,1.24,6.49,12.28,3.27322,0.44014
2023-12-16,2023-2024,Man City,Crystal Palace,2,2,DRAW,1,0,19,5,9,2,6,1,P Tierney,1.18,7.77,16.06,2.41646,1.64977
2023-12-16,2023-2024,Newcastle,Fulham,3,0,HOME_TEAM,0,0,27,6,10,4,5,1,S Barrott,1.87,3.91,4.03,4.27933,0.471042
2023-12-16,2023-2024,Burnley,Everton,0,2,AWAY_TEAM,0,2,14,9,2,6,8,6,A Taylor,3.55,3.45,2.14,0.811435,2.22305
2023-12-17,2023-2024,West Ham,Wolves,3,0,HOME_TEAM,2,0,13,14,4,3,6,6,C Kavanagh,2.16,3.55,3.4,1.03828,0.556206
2023-12-17,2023-2024,Liverpool,Man United,0,0,DRAW,0,0,34,6,8,1,12,0,M Oliver,1.32,6.09,8.5,1.97111,0.632715
2023-12-17,2023-2024,Arsenal,Brighton,2,0,HOME_TEAM,0,0,26,6,9,1,10,1,T Robinson,1.48,4.73,6.5,2.76976,0.663054
2023-12-17,2023-2024,Brentford,Aston Villa,1,2,AWAY_TEAM,1,0,4,15,3,5,7,12,D Coote,3.26,3.71,2.16,0.796812,1.4664
2023-12-21,2023-2024,Crystal Palace,Brighton,1,1,DRAW,1,0,11,18,3,6,3,1,J Brooks,3.35,3.5,2.18,1.65409,1.33653
2023-12-22,2023-2024,Aston Villa,Sheffield United,1,1,DRAW,0,0,12,5,4,2,9,1,A Taylor,1.24,6.67,11.7,1.21861,0.646159
2023-12-23,2023-2024,Liverpool,Arsenal,1,1,DRAW,1,1,13,13,3,2,4,5,C Kavanagh,2.43,3.63,2.83,0.982901,0.851681
2023-12-23,2023-2024,Nott'm Forest,Bournemouth,2,3,AWAY_TEAM,0,0,11,18,5,7,6,6,R Jones,2.76,3.49,2.54,0.791806,1.89067
2023-12-23,2023-2024,Tottenham,Everton,2,1,HOME_TEAM,2,0,13,18,6,8,3,8,S Attwell,1.8,4.16,4.08,1.57527,1.98385
2023-12-23,2023-2024,Fulham,Burnley,0,2,AWAY_TEAM,0,0,19,7,5,2,8,6,R Welch,1.7,3.94,5.01,1.38096,0.41714
2023-12-23,2023-2024,West Ham,Man United,2,0,HOME_TEAM,0,0,12,11,5,3,4,4,S Hooper,2.61,3.65,2.6,1.51468,0.730496
2023-12-23,2023-2024,Luton,Newcastle,1,0,HOME_TEAM,1,0,16,15,5,2,6,7,D England,5.0,4.23,1.65,1.81844,1.41488
2023-12-24,2023-2024,Wolves,Chelsea,2,1,HOME_TEAM,0,0,14,16,6,5,10,6,D Coote,3.73,3.73,1.98,1.74626,1.75447
2023-12-26,2023-2024,Man United,Aston Villa,3,2,HOME_TEAM,0,2,13,10,7,4,3,6,C Pawson,2.63,3.63,2.61,1.20104,1.83637
2023-12-26,2023-2024,Newcastle,Nott'm Forest,1,3,AWAY_TEAM,1,1,19,15,7,6,10,2,C Kavanagh,1.51,4.41,6.57,2.79106,3.1074
2023-12-26,2023-2024,Bournemouth,Fulham,3,0,HOME_TEAM,1,0,16,8,4,3,6,5,T Robinson,2.22,3.62,3.2,2.07911,0.324365
2023-12-26,2023-2024,Sheffield United,Luton,2,3,AWAY_TEAM,0,1,21,12,6,4,9,4,S Allison,2.41,3.32,3.07,3.61788,0.715575
2023-12-26,2023-2024,Burnley,Liverpool,0,2,AWAY_TEAM,0,1,9,19,0,10,4,4,P Tierney,7.67,5.3,1.39,0.972389,1.68451
2023-12-27,2023-2024,Chelsea,Crystal Palace,2,1,HOME_TEAM,1,1,9,13,4,5,4,3,M Salisbury,1.7,3.91,5.02,2.73005,0.958077
2023-12-27,2023-2024,Everton,Man City,1,3,AWAY_TEAM,1,0,7,23,2,9,8,4,J Brooks,5.84,4.17,1.59,1.23529,2.28321
2023-12-27,2023-2024,Brentford,Wolves,1,4,AWAY_TEAM,1,3,14,11,4,5,8,2,A Madley,1.96,3.59,3.97,2.59347,1.89483
2023-12-28,2023-2024,Brighton,Tottenham,4,2,HOME_TEAM,2,0,15,19,9,3,7,6,J Gillett,2.52,3.9,2.57,3.84702,2.06955
2023-12-28,2023-2024,Arsenal,West Ham,0,2,AWAY_TEAM,0,1,30,6,8,3,10,3,M Oliver,1.35,5.39,8.64,2.7884,1.59711
2023-12-30,2023-2024,Luton,Chelsea,2,3,AWAY_TEAM,0,2,15,12,6,8,7,2,P Tierney,6.04,4.53,1.53,2.64093,1.57463
2023-12-30,2023-2024,Aston Villa,Burnley,3,2,HOME_TEAM,2,1,19,9,7,5,6,2,S Attwell,1.37,5.27,8.15,2.92587,1.11923
2023-12-30,2023-2024,Crystal Palace,Brentford,3,1,HOME_TEAM,2,1,13,9,6,4,7,4,R Jones,2.23,3.33,3.43,1.61057,1.28731
2023-12-30,2023-2024,Man City,Sheffield United,2,0,HOME_TEAM,1,0,18,4,4,2,12,2,D Coote,1.08,12.85,29.4,2.24229,0.263211
2023-12-30,2023-2024,Wolves,Everton,3,0,HOME_TEAM,1,0,12,10,6,0,5,2,T Bramall,2.64,3.38,2.74,2.64477,0.519641
2023-12-30,2023-2024,Nott'm Forest,Man United,2,1,HOME_TEAM,0,0,8,10,2,5,4,5,T Robinson,3.27,3.68,2.16,0.744348,0.651905
2023-12-31,2023-2024,Fulham,Arsenal,2,1,HOME_TEAM,1,1,15,13,4,3,5,4,J Smith,5.74,4.29,1.57,1.52829,1.6591
2023-12-31,2023-2024,Tottenham,Bournemouth,3,1,HOME_TEAM,1,0,12,24,6,4,4,13,S Hooper,1.78,4.33,4.04,2.15027,1.58229
2024-01-01,2023-2024,Liverpool,Newcastle,4,2,HOME_TEAM,0,0,34,5,15,3,7,3,A Taylor,1.46,4.88,6.56,6.67151,0.910974
2024-01-02,2023-2024,West Ham,Brighton,0,0,DRAW,0,0,6,22,2,8,2,0,S Barrott,2.47,3.7,2.73,0.9831,2.1552
2024-01-12,2023-2024,Burnley,Luton,1,1,DRAW,1,0,13,14,7,5,2,8,T Harrington,2.03,3.58,3.74,1.52023,0.965167
2024-01-13,2023-2024,Newcastle,Man City,2,3,AWAY_TEAM,2,1,12,27,5,11,3,13,C Kavanagh,5.5,4.47,1.57,1.23638,2.55452
2024-01-13,2023-2024,Chelsea,Fulham,1,0,HOME_TEAM,1,0,17,14,3,4,6,4,A Taylor,1.64,4.24,5.19,2.0456,0.697847
2024-01-14,2023-2024,Everton,Aston Villa,0,0,DRAW,0,0,10,16,2,5,4,5,D Coote,2.79,3.62,2.45,1.03664,1.3435
2024-01-14,2023-2024,Man United,Tottenham,2,2,DRAW,2,1,9,16,2,6,8,13,J Brooks,2.2,3.93,3.0,0.923233,1.31224
2024-01-20,2023-2024,Arsenal,Crystal Palace,5,0,HOME_TEAM,2,0,21,12,6,5,6,7,P Tierney,1.29,5.74,11.19,3.52167,0.288083
2024-01-20,2023-2024,Brentford,Nott'm Forest,3,2,HOME_TEAM,1,1,11,12,5,3,6,4,D England,1.9,3.72,4.06,1.94219,1.22251
2024-01-21,2023-2024,Sheffield United,West Ham,2,2,DRAW,1,1,21,16,6,5,4,1,M Salisbury,3.43,3.43,2.18,2.61362,2.4241
2024-01-21,2023-2024,Bournemouth,Liverpool,0,4,AWAY_TEAM,0,0,11,14,1,7,8,5,A Madley,4.38,4.37,1.71,0.834585,1.53344
2024-01-22,2023-2024,Brighton,Wolves,0,0,DRAW,0,0,11,8,4,3,8,2,C Pawson,1.65,4.29,4.95,1.3701,1.14116
2024-01-30,2023-2024,Nott'm Forest,Arsenal,1,2,AWAY_TEAM,0,0,9,19,3,3,2,11,S Hooper,8.12,5.09,1.39,0.631618,1.39143
2024-01-30,2023-2024,Fulham,Everton,0,0,DRAW,0,0,25,21,6,4,15,6,T Bramall,2.45,3.33,3.01,2.37499,2.83317
2024-01-30,2023-2024,Luton,Brighton,4,0,HOME_TEAM,3,0,18,9,8,2,7,4,R Jones,4.34,4.09,1.78,3.63312,1.01366
2024-01-30,2023-2024,Crystal Palace,Sheffield United,3,2,HOME_TEAM,2,2,12,9,4,5,11,1,T Harrington,1.64,3.87,5.92,1.1601,0.768467
2024-01-30,2023-2024,Aston Villa,Newcastle,1,3,AWAY_TEAM,0,2,12,14,6,5,8,7,J Brooks,1.86,4.07,3.92,1.44485,3.3224
2024-01-31,2023-2024,Tottenham,Brentford,3,2,HOME_TEAM,0,1,19,9,5,5,5,3,D Coote,1.67,4.34,4.75,3.36194,1.59637
2024-01-31,2023-2024,Liverpool,Chelsea,4,1,HOME_TEAM,2,0,28,4,13,3,8,1,P Tierney,1.58,4.61,5.15,3.6627,0.477972
2024-01-31,2023-2024,Man City,Burnley,3,1,HOME_TEAM,2,0,14,8,4,3,7,3,S Barrott,1.1,11.19,24.13,1.84756,1.49114
2024-02-01,2023-2024,Wolves,Man United,3,4,AWAY_TEAM,0,2,16,21,7,8,4,5,J Gillett,2.7,3.58,2.54,2.27609,3.22698
2024-02-01,2023-2024,West Ham,Bournemouth,1,1,DRAW,0,1,9,9,3,4,1,5,T Robinson,2.43,3.73,2.75,1.3128,1.13487
2024-02-03,2023-2024,Everton,Tottenham,2,2,DRAW,1,2,14,9,5,6,9,5,M Oliver,2.94,3.69,2.34,3.25881,0.922371
2024-02-03,2023-2024,Brighton,Crystal Palace,4,1,HOME_TEAM,3,0,13,7,6,5,3,2,S Hooper,1.7,4.07,4.82,1.92591,0.241137
2024-02-03,2023-2024,Burnley,Fulham,2,2,DRAW,0,2,12,15,4,7,2,13,D Bond,2.94,3.45,2.43,1.00428,1.28806
2024-02-03,2023-2024,Newcastle,Luton,4,4,DRAW,2,2,19,11,6,8,8,2,T Bramall,1.43,4.97,7.02,2.37353,2.67463
2024-02-03,2023-2024,Sheffield United,Aston Villa,0,5,AWAY_TEAM,0,4,10,14,5,10,3,4,P Tierney,5.1,4.29,1.63,1.52784,2.99015
2024-02-04,2023-2024,Man United,West Ham,3,0,HOME_TEAM,1,0,12,22,5,3,5,8,A Madley,1.66,4.23,4.93,0.96721,1.1807
2024-02-04,2023-2024,Arsenal,Liverpool,3,1,HOME_TEAM,1,1,15,10,7,1,2,4,A Taylor,2.25,3.67,3.07,2.8526,0.542052
2024-02-04,2023-2024,Bournemouth,Nott'm Forest,1,1,DRAW,1,1,9,8,2,6,11,6,R Welch,1.7,4.15,4.65,1.1895,0.456548
2024-02-04,2023-2024,Chelsea,Wolves,2,4,AWAY_TEAM,1,2,15,14,6,7,10,1,T Robinson,1.63,4.22,5.24,2.35967,2.48996
2024-02-05,2023-2024,Brentford,Man City,1,3,AWAY_TEAM,1,1,9,25,3,15,8,13,J Gillett,7.17,4.99,1.42,0.865741,2.10785
2024-02-10,2023-2024,Nott'm Forest,Newcastle,2,3,AWAY_TEAM,2,2,13,7,3,5,4,4,A Taylor,3.3,3.71,2.13,0.968075,0.511375
2024-02-10,2023-2024,Man City,Everton,2,0,HOME_TEAM,0,0,19,5,3,1,9,0,J Brooks,1.2,7.36,13.47,1.58971,0.192072
2024-02-10,2023-2024,Fulham,Bournemouth,3,1,HOME_TEAM,2,0,7,25,6,4,1,14,D England,2.4,3.58,2.88,1.7456,2.60612
2024-02-10,2023-2024,Liverpool,Burnley,3,1,HOME_TEAM,1,1,25,9,10,4,9,3,T Robinson,1.16,8.4,15.8,3.14734,1.11123
2024-02-10,2023-2024,Luton,Sheffield United,1,3,AWAY_TEAM,0,2,20,7,5,3,13,1,C Kavanagh,1.77,3.88,4.59,1.76215,1.98283
2024-02-10,2023-2024,Tottenham,Brighton,2,1,HOME_TEAM,0,1,16,6,6,3,9,6,S Barrott,1.82,4.31,3.84,2.10928,1.49285
2024-02-10,2023-2024,Wolves,Brentford,0,2,AWAY_TEAM,0,1,17,9,5,6,7,4,S Hooper,2.12,3.66,3.38,1.05781,1.84908
2024-02-11,2023-2024,Aston Villa,Man United,1,2,AWAY_TEAM,0,1,23,17,10,5,10,8,R Jones,2.17,3.83,3.11,2.64675,2.44591
2024-02-11,2023-2024,West Ham,Arsenal,0,6,AWAY_TEAM,0,4,5,25,1,12,2,6,C Pawson,5.81,4.38,1.55,0.191065,3.99893
2024-02-12,2023-2024,Crystal Palace,Chelsea,1,3,AWAY_TEAM,1,0,13,14,4,5,1,7,M Oliver,4.2,3.8,1.84,0.719516,1.26948
2024-02-17,2023-2024,Brentford,Liverpool,1,4,AWAY_TEAM,0,1,15,15,6,8,1,6,M Oliver,5.24,4.52,1.59,1.69518,3.08952
2024-02-17,2023-2024,Burnley,Arsenal,0,5,AWAY_TEAM,0,2,8,16,0,7,4,6,J Gillett,9.94,5.73,1.31,0.335143,2.20575
2024-02-17,2023-2024,Fulham,Aston Villa,1,2,AWAY_TEAM,0,1,15,12,4,3,4,4,L Smith,2.94,3.77,2.29,1.41796,1.57297
2024-02-17,2023-2024,Newcastle,Bournemouth,2,2,DRAW,0,0,17,12,5,7,4,2,M Salisbury,1.85,4.16,3.83,2.38425,2.08098
2024-02-17,2023-2024,Nott'm Forest,West Ham,2,0,HOME_TEAM,1,0,19,10,8,3,5,3,T Bramall,2.43,3.51,2.9,2.66942,0.520016
2024-02-17,2023-2024,Tottenham,Wolves,1,2,AWAY_TEAM,0,1,15,12,4,7,10,4,A Taylor,1.55,4.75,5.37,1.59768,1.77591
2024-02-17,2023-2024,Man City,Chelsea,1,1,DRAW,0,1,31,9,5,6,12,1,A Madley,1.35,5.64,8.22,2.77713,1.82903
2024-02-18,2023-2024,Sheffield United,Brighton,0,5,AWAY_TEAM,0,2,6,24,1,10,5,10,S Attwell,4.92,4.3,1.65,0.586214,3.35549
2024-02-18,2023-2024,Luton,Man United,1,2,AWAY_TEAM,1,2,22,21,4,9,8,6,D Coote,4.07,4.09,1.81,1.57234,3.58973
2024-02-19,2023-2024,Everton,Crystal Palace,1,1,DRAW,0,0,19,10,4,4,3,6,P Tierney,1.73,3.68,5.12,2.44588,0.734685
2024-02-20,2023-2024,Man City,Brentford,1,0,HOME_TEAM,0,0,25,6,11,2,10,1,D England,1.18,8.12,15.16,2.53766,0.503799
2024-02-21,2023-2024,Liverpool,Luton,4,1,HOME_TEAM,0,1,29,12,13,3,13,4,A Madley,1.2,7.72,13.14,3.70302,0.956512
2024-02-24,2023-2024,Arsenal,Newcastle,4,1,HOME_TEAM,2,0,18,3,8,2,9,0,P Tierney,1.38,5.34,7.53,2.59336,0.217373
2024-02-24,2023-2024,Bournemouth,Man City,0,1,AWAY_TEAM,0,1,13,15,4,6,3,8,J Gillett,6.96,5.16,1.42,0.925889,1.79636
2024-02-24,2023-2024,Man United,Fulham,1,2,AWAY_TEAM,0,0,21,17,9,5,10,9,M Oliver,1.58,4.47,5.33,1.96036,1.1385
2024-02-24,2023-2024,Crystal Palace,Burnley,3,0,HOME_TEAM,0,0,15,2,6,0,12,3,L Smith,2.01,3.46,3.92,2.41612,0.0760216
2024-02-24,2023-2024,Brighton,Everton,1,1,DRAW,0,0,23,6,7,3,11,3,T Harrington,1.84,3.93,4.1,1.6538,0.286655
2024-02-24,2023-2024,Aston Villa,Nott'm Forest,4,2,HOME_TEAM,3,1,16,10,6,3,7,2,S Barrott,1.55,4.54,5.63,3.48861,2.25569
2024-02-25,2023-2024,Wolves,Sheffield United,1,0,HOME_TEAM,1,0,13,12,2,4,5,6,D Bond,1.46,4.69,6.86,1.21618,0.654342
2024-02-26,2023-2024,West Ham,Brentford,4,2,HOME_TEAM,2,1,17,14,6,8,1,7,S Hooper,2.5,3.6,2.73,2.06873,1.33683
2024-03-02,2023-2024,Brentford,Chelsea,2,2,DRAW,0,1,14,17,5,6,0,6,J Gillett,3.07,3.86,2.19,2.4732,2.1523
2024-03-02,2023-2024,Everton,West Ham,1,3,AWAY_TEAM,0,0,22,12,11,5,4,5,C Pawson,2.09,3.57,3.52,3.12075,2.17948
2024-03-02,2023-2024,Fulham,Brighton,3,0,HOME_TEAM,2,0,12,15,5,5,2,6,S Hooper,2.59,3.64,2.62,1.37604,1.15198
2024-03-02,2023-2024,Newcastle,Wolves,3,0,HOME_TEAM,2,0,14,12,7,3,3,5,T Robinson,1.9,3.95,3.8,3.33495,0.507769
2024-03-02,2023-2024,Nott'm Forest,Liverpool,0,1,AWAY_TEAM,0,0,8,22,2,2,3,12,P Tierney,5.63,4.67,1.54,0.971466,1.32259
2024-03-02,2023-2024,Tottenham,Crystal Palace,3,1,HOME_TEAM,0,0,14,4,6,1,11,1,J Brooks,1.49,4.66,6.26,2.6625,0.277887
2024-03-02,2023-2024,Luton,Aston Villa,2,3,AWAY_TEAM,0,2,13,12,5,8,8,6,M Oliver,4.29,4.3,1.74,2.43312,2.08586
2024-03-03,2023-2024,Burnley,Bournemouth,0,2,AWAY_TEAM,0,1,20,10,6,3,7,2,D Coote,3.72,3.78,1.96,1.60461,1.43616
2024-03-03,2023-2024,Man City,Man United,3,1,HOME_TEAM,0,1,27,3,8,1,15,2,A Madley,1.27,6.33,10.06,2.64173,0.153764
2024-03-04,2023-2024,Sheffield United,Arsenal,0,6,AWAY_TEAM,0,5,4,22,0,10,0,7,S Barrott,16.28,7.82,1.17,0.201374,2.47294
2024-03-09,2023-2024,Arsenal,Brentford,2,1,HOME_TEAM,1,1,17,9,6,4,10,4,R Jones,1.23,6.84,12.02,1.59369,0.733239
2024-03-09,2023-2024,Wolves,Fulham,2,1,HOME_TEAM,0,0,8,23,3,6,3,4,T Harrington,2.54,3.45,2.79,1.29589,2.94155
2024-03-09,2023-2024,Crystal Palace,Luton,1,1,DRAW,1,0,21,8,4,2,8,6,S Singh,1.78,3.89,4.49,3.25103,1.08531
2024-03-09,2023-2024,Bournemouth,Sheffield United,2,2,DRAW,0,1,32,13,12,9,10,3,A Taylor,1.34,5.51,8.58,3.92657,1.91752
2024-03-09,2023-2024,Man United,Everton,2,0,HOME_TEAM,2,0,15,23,8,6,5,8,S Hooper,1.85,3.89,4.09,2.9016,1.8214
2024-03-10,2023-2024,Aston Villa,Tottenham,0,4,AWAY_TEAM,0,0,10,9,1,5,6,4,C Kavanagh,2.42,4.08,2.62,1.23267,2.25381
2024-03-10,2023-2024,Brighton,Nott'm Forest,1,0,HOME_TEAM,1,0,10,9,3,4,6,3,M Salisbury,1.78,4.04,4.25,0.534518,0.687034
2024-03-10,2023-2024,West Ham,Burnley,2,2,DRAW,0,2,22,11,4,4,4,4,D England,1.67,4.08,4.97,1.87414,0.88131
2024-03-10,2023-2024,Liverpool,Man City,1,1,DRAW,0,1,19,10,6,6,7,4,M Oliver,2.95,3.83,2.25,2.25492,1.37289
2024-03-11,2023-2024,Chelsea,Newcastle,3,2,HOME_TEAM,1,1,12,11,8,3,0,4,J Brooks,1.94,4.08,3.54,1.78315,0.568435
2024-03-13,2023-2024,Bournemouth,Luton,4,3,HOME_TEAM,0,3,24,8,10,4,11,3,S Allison,1.5,4.77,6.0,2.84403,2.79419
2024-03-16,2023-2024,Burnley,Brentford,2,1,HOME_TEAM,1,0,17,9,6,5,5,4,D Bond,3.27,3.66,2.16,2.69776,1.25123
2024-03-16,2023-2024,Luton,Nott'm Forest,1,1,DRAW,0,1,10,16,4,6,6,7,D England,2.81,3.63,2.42,0.853782,1.95268
2024-03-16,2023-2024,Fulham,Tottenham,3,0,HOME_TEAM,1,0,16,14,7,5,4,5,R Jones,3.4,3.93,2.01,2.47234,2.14564
2024-03-17,2023-2024,West Ham,Aston Villa,1,1,DRAW,1,0,13,13,5,5,7,11,J Gillett,2.65,3.73,2.51,1.32829,0.911274
2024-03-30,2023-2024,Brentford,Man United,1,1,DRAW,0,0,31,11,5,5,14,4,S Hooper,3.06,3.83,2.2,3.16487,0.989565
2024-03-30,2023-2024,Aston Villa,Wolves,2,0,HOME_TEAM,1,0,11,13,5,3,5,4,P Tierney,1.64,4.38,4.86,1.28271,1.66232
2024-03-30,2023-2024,Tottenham,Luton,2,1,HOME_TEAM,0,1,17,7,4,3,3,6,J Gillett,1.22,7.47,11.31,2.46523,0.402402
2024-03-30,2023-2024,Sheffield United,Fulham,3,3,DRAW,0,0,8,24,4,9,2,15,T Robinson,4.64,4.03,1.73,1.78824,1.10254
2024-03-30,2023-2024,Newcastle,West Ham,4,3,HOME_TEAM,1,2,24,10,9,4,3,4,R Jones,1.84,4.16,3.87,3.80922,0.994584
2024-03-30,2023-2024,Chelsea,Burnley,2,2,DRAW,1,0,33,18,13,7,12,4,D England,1.3,5.96,9.44,4.46643,2.10422
2024-03-30,2023-2024,Bournemouth,Everton,2,1,HOME_TEAM,0,0,11,7,4,3,9,8,S Barrott,2.2,3.61,3.23,1.39268,0.93378
2024-03-30,2023-2024,Nott'm Forest,Crystal Palace,1,1,DRAW,0,1,12,10,5,3,4,6,C Kavanagh,2.26,3.36,3.31,0.784652,0.900972
2024-03-31,2023-2024,Liverpool,Brighton,2,1,HOME_TEAM,1,1,30,9,8,3,8,4,D Coote,1.37,5.63,7.37,3.21149,0.43922
2024-03-31,2023-2024,Man City,Arsenal,0,0,DRAW,0,0,12,6,1,2,7,4,A Taylor,1.92,3.8,3.86,1.22009,0.511402
2024-04-02,2023-2024,Newcastle,Everton,1,1,DRAW,1,0,18,10,6,3,7,3,T Harrington,2.01,3.82,3.55,2.65009,1.69834
2024-04-02,2023-2024,Nott'm Forest,Fulham,3,1,HOME_TEAM,3,0,16,18,4,3,3,8,M Oliver,2.71,3.49,2.62,1.94619,1.04304
2024-04-02,2023-2024,Bournemouth,Crystal Palace,1,0,HOME_TEAM,0,0,11,3,6,2,9,2,G Scott,1.99,3.76,3.69,1.30969,0.174389
2024-04-02,2023-2024,Burnley,Wolves,1,1,DRAW,1,1,13,8,6,2,7,4,T Bramall,2.53,3.49,2.8,1.12581,1.01021
2024-04-02,2023-2024,West Ham,Tottenham,1,1,DRAW,1,1,11,13,4,4,9,5,J Brooks,3.3,4.16,2.01,1.47017,1.39423
2024-04-03,2023-2024,Arsenal,Luton,2,0,HOME_TEAM,2,0,13,5,4,1,3,1,C Pawson,1.1,11.25,22.73,1.14384,0.292082
2024-04-03,2023-2024,Brentford,Brighton,0,0,DRAW,0,0,5,24,2,6,1,5,A Madley,2.39,3.79,2.78,0.423299,1.22404
2024-04-03,2023-2024,Man City,Aston Villa,4,1,HOME_TEAM,2,1,25,8,11,3,2,3,D England,1.3,6.08,9.06,3.87704,1.18643
2024-04-04,2023-2024,Chelsea,Man United,4,3,HOME_TEAM,2,2,28,19,10,5,12,3,J Gillett,2.02,4.05,3.31,3.48048,1.56686
2024-04-04,2023-2024,Liverpool,Sheffield United,3,1,HOME_TEAM,1,0,29,8,9,3,13,1,S Attwell,1.08,12.59,25.43,2.51772,0.720948
2024-04-06,2023-2024,Crystal Palace,Man City,2,4,AWAY_TEAM,1,1,7,18,4,8,2,9,P Tierney,10.3,5.59,1.31,1.49472,2.26381
2024-04-06,2023-2024,Aston Villa,Brentford,3,3,DRAW,1,0,11,8,3,3,11,3,M Salisbury,1.7,4.2,4.68,1.16333,1.42064
2024-04-06,2023-2024,Everton,Burnley,1,0,HOME_TEAM,1,0,12,6,3,1,3,5,M Oliver,1.67,4.07,5.04,0.659844,0.34699
2024-04-06,2023-2024,Fulham,Newcastle,0,1,AWAY_TEAM,0,0,14,12,4,5,14,3,S Allison,2.37,3.82,2.81,0.834564,1.18012
2024-04-06,2023-2024,Luton,Bournemouth,2,1,HOME_TEAM,0,0,19,8,9,1,7,2,A Madley,3.68,4.04,1.91,1.30478,0.616108
2024-04-06,2023-2024,Wolves,West Ham,1,2,AWAY_TEAM,1,0,14,11,7,4,4,4,T Harrington,2.51,3.58,2.75,1.78341,1.14133
2024-04-06,2023-2024,Brighton,Arsenal,0,3,AWAY_TEAM,0,1,10,20,2,7,8,7,J Brooks,5.15,4.25,1.64,0.428514,4.16518
2024-04-07,2023-2024,Man United,Liverpool,2,2,DRAW,0,1,9,28,5,7,6,11,A Taylor,4.69,4.65,1.63,0.814509,4.43457
2024-04-07,2023-2024,Sheffield United,Chelsea,2,2,DRAW,1,1,11,6,6,3,7,6,R Jones,6.88,5.28,1.41,1.74265,0.521789
2024-04-07,2023-2024,Tottenham,Nott'm Forest,3,1,HOME_TEAM,1,1,17,13,7,6,12,2,S Hooper,1.4,5.3,7.23,1.61978,2.00122
2024-04-13,2023-2024,Nott'm Forest,Wolves,2,2,DRAW,1,1,18,11,9,4,10,1,C Pawson,2.16,3.55,3.37,1.76244,1.45688
2024-04-13,2023-2024,Man City,Luton,5,1,HOME_TEAM,1,0,33,4,13,2,12,1,J Brooks,1.1,11.66,23.86,4.64245,0.809775
2024-04-13,2023-2024,Bournemouth,Man United,2,2,DRAW,2,1,20,8,5,2,7,2,T Harrington,2.42,3.91,2.68,2.38519,1.52274
2024-04-13,2023-2024,Brentford,Sheffield United,2,0,HOME_TEAM,0,0,9,8,5,2,3,6,S Barrott,1.43,5.09,6.86,1.09071,0.834498
2024-04-13,2023-2024,Burnley,Brighton,1,1,DRAW,0,0,11,20,3,8,4,5,S Hooper,3.5,3.8,2.02,1.8522,0.889445
2024-04-13,2023-2024,Newcastle,Tottenham,4,0,HOME_TEAM,2,0,18,11,5,2,16,3,T Robinson,2.75,4.02,2.34,3.1483,0.737596
2024-04-14,2023-2024,Liverpool,Crystal Palace,0,1,AWAY_TEAM,0,1,21,8,6,5,11,1,C Kavanagh,1.21,7.37,13.35,3.04497,2.12879
2024-04-14,2023-2024,West Ham,Fulham,0,2,AWAY_TEAM,0,1,15,18,4,10,8,3,S Attwell,2.38,3.65,2.88,1.45307,3.61413
2024-04-14,2023-2024,Arsenal,Aston Villa,0,2,AWAY_TEAM,0,0,18,11,4,2,4,6,D Coote,1.28,6.1,9.89,1.89003,0.929049
2024-04-15,2023-2024,Chelsea,Everton,6,0,HOME_TEAM,4,0,14,10,10,2,4,8,P Tierney,1.71,4.2,4.53,3.37093,1.21791
2024-04-20,2023-2024,Luton,Brentford,1,5,AWAY_TEAM,0,2,6,21,3,9,4,9,J Gillett,3.18,3.75,2.17,0.497799,3.7809
2024-04-20,2023-2024,Wolves,Arsenal,0,2,AWAY_TEAM,0,1,5,24,3,9,1,2,P Tierney,8.05,5.05,1.39,0.164516,1.66179
2024-04-20,2023-2024,Sheffield United,Burnley,1,4,AWAY_TEAM,0,2,18,16,11,9,11,2,A Madley,2.76,3.63,2.47,1.97816,2.42338
2024-04-21,2023-2024,Everton,Nott'm Forest,2,0,HOME_TEAM,1,0,7,8,4,3,6,4,A Taylor,2.07,3.52,3.63,0.473233,1.18916
2024-04-21,2023-2024,Aston Villa,Bournemouth,3,1,HOME_TEAM,1,1,14,14,4,6,8,4,T Robinson,1.87,4.11,3.76,2.62687,2.05211
2024-04-21,2023-2024,Crystal Palace,West Ham,5,2,HOME_TEAM,4,1,18,4,7,1,4,0,G Scott,2.15,3.59,3.34,3.7185,1.34536
2024-04-21,2023-2024,Fulham,Liverpool,1,3,AWAY_TEAM,1,1,12,14,5,7,1,4,C Pawson,5.19,4.67,1.57,0.83885,1.02445
2024-04-23,2023-2024,Arsenal,Chelsea,5,0,HOME_TEAM,1,0,27,7,10,1,4,2,S Hooper,1.45,4.93,6.78,3.45858,1.60343
2024-04-24,2023-2024,Man United,Sheffield United,4,2,HOME_TEAM,1,1,25,10,13,4,9,4,M Salisbury,1.31,6.11,8.44,3.51311,1.20517
2024-04-24,2023-2024,Everton,Liverpool,2,0,HOME_TEAM,1,0,16,23,6,7,4,13,A Madley,7.11,4.98,1.42,1.89111,1.87155
2024-04-24,2023-2024,Crystal Palace,Newcastle,2,0,HOME_TEAM,0,0,20,7,7,2,7,2,T Bramall,2.76,3.68,2.43,1.43661,0.55129
2024-04-24,2023-2024,Wolves,Bournemouth,0,1,AWAY_TEAM,0,1,15,21,4,6,8,12,S Attwell,2.72,3.6,2.52,0.484454,2.40311
2024-04-25,2023-2024,Brighton,Man City,0,4,AWAY_TEAM,0,3,7,14,3,6,4,4,J Gillett,6.65,4.95,1.44,0.572021,1.90507
2024-04-27,2023-2024,West Ham,Liverpool,2,2,DRAW,1,0,11,28,8,8,5,8,A Taylor,5.63,4.89,1.51,0.794025,2.29298
2024-04-27,2023-2024,Fulham,Crystal Palace,1,1,DRAW,0,0,9,14,2,4,5,9,S Attwell,2.11,3.6,3.42,1.39418,1.05387
2024-04-27,2023-2024,Man United,Burnley,1,1,DRAW,0,0,27,16,10,7,6,5,J Brooks,1.52,4.9,5.44,3.06197,1.89591
2024-04-27,2023-2024,Newcastle,Sheffield United,5,1,HOME_TEAM,1,1,20,15,7,5,4,5,T Harrington,1.23,7.04,11.1,2.93477,1.82408
2024-04-27,2023-2024,Wolves,Luton,2,1,HOME_TEAM,1,0,13,9,5,6,4,4,D Coote,1.98,3.83,3.58,1.49011,0.90435
2024-04-27,2023-2024,Everton,Brentford,1,0,HOME_TEAM,0,0,18,10,1,4,6,6,D England,2.36,3.5,2.97,1.21399,0.956356
2024-04-27,2023-2024,Aston Villa,Chelsea,2,2,DRAW,2,0,9,21,4,5,2,4,C Pawson,2.17,3.9,3.06,0.612257,1.56401
2024-04-28,2023-2024,Bournemouth,Brighton,3,0,HOME_TEAM,1,0,15,13,6,1,8,2,P Tierney,2.26,3.8,2.94,2.48132,1.35682
2024-04-28,2023-2024,Tottenham,Arsenal,2,3,AWAY_TEAM,0,3,14,9,2,3,8,6,M Oliver,4.12,4.07,1.8,2.60458,1.51469
2024-04-28,2023-2024,Nott'm Forest,Man City,0,2,AWAY_TEAM,0,1,14,11,2,5,4,5,S Hooper,9.5,5.72,1.31,2.17312,0.932063
2024-05-02,2023-2024,Chelsea,Tottenham,2,0,HOME_TEAM,1,0,16,19,5,3,4,9,R Jones,2.2,4.05,2.91,2.22432,1.27064
2024-05-03,2023-2024,Luton,Everton,1,1,DRAW,1,1,18,10,5,3,8,7,T Robinson,2.66,3.58,2.62,0.950391,1.22959
2024-05-04,2023-2024,Sheffield United,Nott'm Forest,1,3,AWAY_TEAM,1,1,17,15,5,4,5,3,C Kavanagh,4.68,4.25,1.69,2.48986,1.93818
2024-05-04,2023-2024,Burnley,Newcastle,1,4,AWAY_TEAM,0,3,17,23,5,11,4,11,A Taylor,3.38,3.98,2.02,1.28632,4.25643
2024-05-04,2023-2024,Man City,Wolves,5,1,HOME_TEAM,3,0,20,2,12,1,6,0,C Pawson,1.09,11.51,25.33,4.52542,0.396887
2024-05-04,2023-2024,Arsenal,Bournemouth,3,0,HOME_TEAM,1,0,25,7,9,2,6,1,D Coote,1.2,7.59,12.74,3.91372,0.4687
2024-05-04,2023-2024,Brentford,Fulham,0,0,DRAW,0,0,7,15,3,3,7,6,G Scott,2.12,3.8,3.25,0.809379,1.45579
2024-05-05,2023-2024,Brighton,Aston Villa,1,0,HOME_TEAM,0,0,15,2,8,1,7,3,R Jones,2.72,3.77,2.43,2.63566,0.0644055
2024-05-05,2023-2024,Chelsea,West Ham,5,0,HOME_TEAM,3,0,25,13,14,2,8,6,A Madley,1.65,4.55,4.58,4.21838,0.893899
2024-05-05,2023-2024,Liverpool,Tottenham,4,2,HOME_TEAM,2,0,25,11,13,6,8,3,P Tierney,1.48,5.26,5.61,3.26222,1.17205
2024-05-06,2023-2024,Crystal Palace,Man United,4,0,HOME_TEAM,2,0,18,7,10,2,6,3,J Gillett ,2.38,3.76,2.79,2.0656,0.341417
2024-05-11,2023-2024,Fulham,Man City,0,4,AWAY_TEAM,0,1,1,16,1,9,1,7,A Taylor,12.3,7.05,1.22,0.0886245,3.15218
2024-05-11,2023-2024,Bournemouth,Brentford,1,2,AWAY_TEAM,0,0,13,11,4,5,3,8,M Donohue,1.98,3.99,3.5,1.07237,1.92722
2024-05-11,2023-2024,Everton,Sheffield United,1,0,HOME_TEAM,1,0,15,13,6,1,3,6,S Attwell,1.4,5.13,7.46,1.82411,0.465523
2024-05-11,2023-2024,Newcastle,Brighton,1,1,DRAW,1,1,18,15,7,4,8,4,D England,1.59,4.81,4.84,2.45163,1.91556
2024-05-11,2023-2024,Tottenham,Burnley,2,1,HOME_TEAM,1,1,21,7,9,3,9,3,J Gillett,1.35,6.01,7.33,3.00238,0.950331
2024-05-11,2023-2024,West Ham,Luton,3,1,HOME_TEAM,0,1,24,4,8,1,7,6,M Oliver,1.82,4.33,3.83,3.71009,0.640456
2024-05-11,2023-2024,Wolves,Crystal Palace,1,3,AWAY_TEAM,0,2,13,13,7,3,8,3,T Bramall,2.86,3.51,2.47,1.1561,2.51452
2024-05-11,2023-2024,Nott'm Forest,Chelsea,2,3,AWAY_TEAM,1,1,20,12,4,5,5,6,T Harrington,3.39,3.94,2.03,2.44569,2.41068
2024-05-12,2023-2024,Man United,Arsenal,0,1,AWAY_TEAM,0,1,14,11,2,5,4,7,P Tierney,7.08,5.5,1.39,0.551669,1.73104
2024-05-13,2023-2024,Aston Villa,Liverpool,3,3,DRAW,1,2,19,14,5,7,5,4,S Hooper,4.15,4.55,1.71,2.71655,1.89968
2024-05-14,2023-2024,Tottenham,Man City,0,2,AWAY_TEAM,0,0,10,8,5,5,7,4,C Kavanagh,6.94,5.91,1.38,1.84285,2.70331
2024-05-15,2023-2024,Brighton,Chelsea,1,2,AWAY_TEAM,0,1,12,13,2,6,4,6,M Salisbury,3.37,3.99,2.02,1.32423,1.544
2024-05-15,2023-2024,Man United,Newcastle,3,2,HOME_TEAM,1,0,17,21,8,8,9,9,R Jones,2.73,4.04,2.34,1.49706,2.27657
2024-05-19,2023-2024,Arsenal,Everton,2,1,HOME_TEAM,1,1,26,5,5,2,8,1,M Oliver,1.17,8.04,15.37,3.2117,0.664904
2024-05-19,2023-2024,Brentford,Newcastle,2,4,AWAY_TEAM,0,3,10,12,5,7,3,0,S Hooper,2.94,3.96,2.22,1.70157,3.65044
2024-05-19,2023-2024,Brighton,Man United,0,2,AWAY_TEAM,0,0,17,11,3,4,7,5,C Pawson,2.17,4.11,2.95,1.9717,1.00404
2024-05-19,2023-2024,Burnley,Nott'm Forest,1,2,AWAY_TEAM,0,2,20,12,3,6,4,3,G Scott,2.9,3.74,2.32,1.08222,1.57962
2024-05-19,2023-2024,Chelsea,Bournemouth,2,1,HOME_TEAM,1,0,16,22,6,5,6,5,A Taylor,1.45,5.32,5.99,1.59771,2.002
2024-05-19,2023-2024,Crystal Palace,Aston Villa,5,0,HOME_TEAM,2,0,15,8,9,2,2,4,D Bond,1.87,4.28,3.67,2.23189,0.598846
2024-05-19,2023-2024,Liverpool,Wolves,2,0,HOME_TEAM,2,0,36,4,14,3,10,2,C Kavanagh,1.16,8.71,14.55,5.65937,0.731254
2024-05-19,2023-2024,Luton,Fulham,2,4,AWAY_TEAM,1,2,15,15,6,7,4,4,M Donohue,2.92,3.95,2.23,2.06743,1.11598
2024-05-19,2023-2024,Man City,West Ham,3,1,HOME_TEAM,2,1,28,3,12,2,11,2,J Brooks,1.1,11.72,21.81,2.31504,0.240159
2024-05-19,2023-2024,Sheffield United,Tottenham,0,3,AWAY_TEAM,0,1,6,18,1,9,2,6,A Madley,7.32,6.04,1.35,0.697312,3.19675
2024-08-16,2024-2025,Man United,Fulham,1,0,HOME_TEAM,0,0,14,10,5,2,7,8,R Jones,1.62,4.36,5.15,2.04268,0.418711
2024-08-17,2024-2025,West Ham,Aston Villa,1,2,AWAY_TEAM,1,1,14,15,3,3,5,3,T Harrington,2.44,3.69,2.79,2.8047,2.6703
2024-08-17,2024-2025,Everton,Brighton,0,3,AWAY_TEAM,0,1,9,10,1,5,1,5,S Hooper,2.67,3.41,2.68,0.405325,1.79083
2024-08-17,2024-2025,Nott'm Forest,Bournemouth,1,1,DRAW,1,0,14,13,8,4,2,6,M Oliver,2.45,3.49,2.89,1.24405,1.90915
2024-08-17,2024-2025,Newcastle,Southampton,1,0,HOME_TEAM,1,0,3,19,1,4,3,12,C Pawson,1.35,5.62,8.1,0.433489,1.95483
2024-08-17,2024-2025,Ipswich,Liverpool,0,2,AWAY_TEAM,0,0,7,18,2,5,2,10,T Robinson,8.28,5.76,1.34,0.342601,3.92906
2024-08-17,2024-2025,Arsenal,Wolves,2,0,HOME_TEAM,1,0,18,9,6,3,8,2,J Gillett,1.18,7.86,15.87,1.6283,0.575835
2024-08-18,2024-2025,Brentford,Crystal Palace,2,1,HOME_TEAM,1,0,9,14,5,6,4,7,S Barrott,2.46,3.44,2.9,1.38064,1.14757
2024-08-18,2024-2025,Chelsea,Man City,0,2,AWAY_TEAM,0,1,10,11,3,5,4,3,A Taylor,4.05,4.0,1.83,1.06123,1.18038
2024-08-19,2024-2025,Leicester,Tottenham,1,1,DRAW,0,1,7,15,3,7,2,13,C Kavanagh,5.01,4.37,1.63,1.02614,1.40775
2024-08-24,2024-2025,Aston Villa,Arsenal,0,2,AWAY_TEAM,0,0,11,9,3,4,4,1,M Oliver,4.41,3.92,1.78,1.31664,1.41399
2024-08-24,2024-2025,Tottenham,Everton,4,0,HOME_TEAM,2,0,13,10,7,1,12,5,A Taylor,1.44,4.95,6.75,2.61143,0.648869
2024-08-24,2024-2025,Southampton,Nott'm Forest,0,1,AWAY_TEAM,0,0,5,23,1,8,4,10,S Barrott,2.57,3.32,2.84,0.214952,2.86475
2024-08-24,2024-2025,Man City,Ipswich,4,1,HOME_TEAM,3,1,14,1,5,1,10,1,M Salisbury,1.09,12.17,26.97,3.07818,0.479999
2024-08-24,2024-2025,Crystal Palace,West Ham,0,2,AWAY_TEAM,0,0,14,18,2,3,3,3,R Jones,2.17,3.63,3.25,1.3761,1.53421
2024-08-24,2024-2025,Brighton,Man United,2,1,HOME_TEAM,1,0,14,11,5,4,4,4,C Pawson,2.5,3.72,2.69,2.14153,1.28556
2024-08-24,2024-2025,Fulham,Leicester,2,1,HOME_TEAM,1,1,18,10,6,4,7,5,D Bond,1.83,3.73,4.38,1.96218,0.857005
2024-08-25,2024-2025,Bournemouth,Newcastle,1,1,DRAW,1,0,16,14,4,5,8,9,D Coote,2.99,3.8,2.25,2.53513,1.89287
2024-08-25,2024-2025,Wolves,Chelsea,2,6,AWAY_TEAM,2,2,12,14,4,8,5,5,D England,4.37,4.0,1.77,2.4181,2.02935
2024-08-25,2024-2025,Liverpool,Brentford,2,0,HOME_TEAM,1,0,19,8,8,2,9,4,S Attwell,1.25,6.78,10.37,2.71877,0.457239
2024-08-31,2024-2025,West Ham,Man City,1,3,AWAY_TEAM,1,2,10,23,2,8,3,11,M Oliver,7.57,5.49,1.38,0.947201,3.19297
2024-08-31,2024-2025,Nott'm Forest,Wolves,1,1,DRAW,1,1,16,11,5,3,7,3,S Hooper,2.03,3.66,3.65,1.41069,0.937632
2024-08-31,2024-2025,Leicester,Aston Villa,1,2,AWAY_TEAM,0,1,9,10,3,5,1,4,D Coote,4.62,4.02,1.74,0.774741,2.16385
2024-08-31,2024-2025,Brentford,Southampton,3,1,HOME_TEAM,1,0,20,18,7,6,2,8,J Smith,1.77,3.97,4.46,3.86281,1.64713
2024-08-31,2024-2025,Everton,Bournemouth,2,3,AWAY_TEAM,0,0,18,17,8,7,8,4,S Attwell,2.78,3.4,2.59,2.55629,2.95688
2024-08-31,2024-2025,Arsenal,Brighton,1,1,DRAW,1,0,11,22,7,4,3,7,C Kavanagh,1.35,5.66,8.11,2.41798,1.81748
2024-08-31,2024-2025,Ipswich,Fulham,1,1,DRAW,1,1,11,9,4,4,8,6,L Smith,3.1,3.5,2.31,0.707048,1.18883
2024-09-01,2024-2025,Chelsea,Crystal Palace,1,1,DRAW,1,0,13,9,7,3,4,5,J Gillett,1.63,4.4,5.01,2.97743,0.459708
2024-09-01,2024-2025,Newcastle,Tottenham,2,1,HOME_TEAM,1,0,9,20,3,6,7,12,R Jones,2.51,3.97,2.56,1.58694,1.63304
2024-09-01,2024-2025,Man United,Liverpool,0,3,AWAY_TEAM,0,2,8,11,3,3,5,2,A Taylor,3.82,4.2,1.85,1.50087,2.10397
2024-09-14,2024-2025,Southampton,Man United,0,3,AWAY_TEAM,0,2,6,20,4,10,0,7,S Attwell,4.56,4.04,1.74,1.35593,3.02693
2024-09-14,2024-2025,Brighton,Ipswich,0,0,DRAW,0,0,21,6,6,1,9,2,S Barrott,1.38,5.16,7.89,1.75696,0.721323
2024-09-14,2024-2025,Crystal Palace,Leicester,2,2,DRAW,0,1,20,9,4,4,5,2,T Harrington,1.63,4.14,5.38,2.88716,1.65187
2024-09-14,2024-2025,Fulham,West Ham,1,1,DRAW,1,0,21,11,5,3,3,2,T Robinson,2.42,3.48,2.92,2.88601,0.682719
2024-09-14,2024-2025,Liverpool,Nott'm Forest,0,1,AWAY_TEAM,0,0,14,5,5,3,7,2,M Oliver,1.22,7.03,12.4,1.17044,0.589532
2024-09-14,2024-2025,Man City,Brentford,2,1,HOME_TEAM,2,1,18,8,7,5,12,3,D Bond,1.17,8.2,14.79,1.55279,1.05094
2024-09-14,2024-2025,Aston Villa,Everton,3,2,HOME_TEAM,1,2,17,6,8,2,6,2,C Pawson,1.51,4.48,6.34,3.15876,0.852158
2024-09-14,2024-2025,Bournemouth,Chelsea,0,1,AWAY_TEAM,0,0,19,10,7,3,6,3,A Taylor,3.33,3.96,2.05,1.53731,0.932726
2024-09-15,2024-2025,Wolves,Newcastle,1,2,AWAY_TEAM,1,0,12,14,5,6,4,7,C Kavanagh,3.36,3.69,2.11,1.46969,1.48343
2024-09-15,2024-2025,Tottenham,Arsenal,0,1,AWAY_TEAM,0,0,15,7,5,4,7,6,J Gillett,2.99,3.59,2.33,0.792595,1.1209
2024-09-21,2024-2025,West Ham,Chelsea,0,3,AWAY_TEAM,0,2,15,12,7,5,6,5,S Barrott,3.49,3.89,2.01,0.758267,2.39727
2024-09-21,2024-2025,Aston Villa,Wolves,3,1,HOME_TEAM,0,1,9,10,4,4,6,5,T Robinson,1.59,4.39,5.35,2.37351,0.520117
2024-09-21,2024-2025,Fulham,Newcastle,3,1,HOME_TEAM,2,0,22,15,11,4,6,0,P Bankes,2.86,3.51,2.45,3.21141,1.09768
2024-09-21,2024-2025,Leicester,Everton,1,1,DRAW,0,1,12,16,2,5,6,1,D England,2.52,3.44,2.82,1.33793,1.82377
2024-09-21,2024-2025,Liverpool,Bournemouth,3,0,HOME_TEAM,3,0,19,19,13,6,3,9,T Harrington,1.29,6.31,9.35,2.43731,1.46979
2024-09-21,2024-2025,Southampton,Ipswich,1,1,DRAW,1,0,11,13,3,6,2,10,S Allison,2.25,3.52,3.17,2.89813,1.645
2024-09-21,2024-2025,Tottenham,Brentford,3,1,HOME_TEAM,2,1,23,6,10,6,9,4,J Brooks,1.55,4.72,5.41,3.89481,0.893565
2024-09-21,2024-2025,Crystal Palace,Man United,0,0,DRAW,0,0,9,15,4,6,4,11,D Coote,2.85,3.72,2.36,1.66928,2.35056
2024-09-22,2024-2025,Brighton,Nott'm Forest,2,2,DRAW,2,1,14,4,3,3,9,1,R Jones,1.86,3.83,4.21,1.56836,1.36923
2024-09-22,2024-2025,Man City,Arsenal,2,2,DRAW,1,2,33,5,11,3,8,2,M Oliver,1.83,3.62,4.52,2.75588,1.28411
2024-09-28,2024-2025,Nott'm Forest,Fulham,0,1,AWAY_TEAM,0,0,11,14,1,2,6,5,J Smith,2.4,3.34,3.07,0.614351,1.43592
2024-09-28,2024-2025,Everton,Crystal Palace,2,1,HOME_TEAM,0,1,8,17,2,5,5,8,A Madley,2.73,3.39,2.63,1.10959,1.12358
2024-09-28,2024-2025,Chelsea,Brighton,4,2,HOME_TEAM,4,2,15,15,7,5,8,2,P Bankes,1.74,4.23,4.35,3.65839,1.20712
2024-09-28,2024-2025,Wolves,Liverpool,1,2,AWAY_TEAM,0,1,8,10,3,6,2,10,A Taylor,8.05,5.55,1.35,0.748925,2.11724
2024-09-28,2024-2025,Arsenal,Leicester,4,2,HOME_TEAM,2,0,36,5,16,3,17,0,S Barrott,1.18,7.82,15.12,6.05305,0.337909
2024-09-28,2024-2025,Newcastle,Man City,1,1,DRAW,0,1,11,16,4,6,5,6,J Gillett,5.09,4.47,1.61,1.34344,1.26516
2024-09-28,2024-2025,Brentford,West Ham,1,1,DRAW,1,0,8,19,3,3,7,7,S Hooper,2.23,3.62,3.16,0.370222,0.878617
2024-09-29,2024-2025,Ipswich,Aston Villa,2,2,DRAW,1,2,15,7,5,3,10,0,S Attwell,4.15,3.77,1.87,1.84608,1.14494
2024-09-29,2024-2025,Man United,Tottenham,0,3,AWAY_TEAM,0,1,11,24,2,10,5,3,C Kavanagh,2.36,3.89,2.77,0.600721,5.4072
2024-09-30,2024-2025,Bournemouth,Southampton,3,1,HOME_TEAM,3,0,14,9,6,3,7,4,M Oliver,1.65,4.29,4.91,1.44215,0.696068
2024-10-05,2024-2025,Everton,Newcastle,0,0,DRAW,0,0,8,14,2,3,0,10,C Pawson,3.15,3.62,2.23,0.692214,1.79048
2024-10-05,2024-2025,West Ham,Ipswich,4,1,HOME_TEAM,2,1,23,9,13,2,5,5,A Taylor,1.8,3.96,4.25,4.39402,1.18463
2024-10-05,2024-2025,Man City,Fulham,3,2,HOME_TEAM,1,1,20,11,7,4,8,3,P Bankes,1.24,6.85,11.11,1.36684,2.75846
2024-10-05,2024-2025,Leicester,Bournemouth,1,0,HOME_TEAM,1,0,6,17,2,2,0,9,D Bond,3.24,3.66,2.17,0.912063,1.94963
2024-10-05,2024-2025,Arsenal,Southampton,3,1,HOME_TEAM,0,0,29,8,6,2,13,1,T Harrington,1.14,9.2,18.63,3.25165,1.27313
2024-10-05,2024-2025,Crystal Palace,Liverpool,0,1,AWAY_TEAM,0,1,9,16,5,4,3,8,S Hooper,6.36,4.65,1.49,0.609481,2.07332
2024-10-05,2024-2025,Brentford,Wolves,5,3,HOME_TEAM,4,2,19,17,12,6,10,3,A Madley,2.09,3.64,3.47,4.13513,0.696254
2024-10-06,2024-2025,Aston Villa,Man United,0,0,DRAW,0,0,11,10,1,4,6,3,R Jones,2.21,3.82,3.06,0.532809,0.448537
2024-10-06,2024-2025,Chelsea,Nott'm Forest,1,1,DRAW,0,0,22,16,8,9,11,3,C Kavanagh,1.48,4.73,6.32,2.27752,1.66654
2024-10-06,2024-2025,Brighton,Tottenham,3,2,HOME_TEAM,0,2,11,13,4,3,4,7,D Coote,2.9,4.01,2.23,1.97217,1.09279
2024-10-19,2024-2025,Southampton,Leicester,2,3,AWAY_TEAM,2,0,14,18,7,4,10,6,A Taylor,2.33,3.54,3.03,2.42776,2.83826
2024-10-19,2024-2025,Bournemouth,Arsenal,2,0,HOME_TEAM,0,0,13,6,4,1,7,4,R Jones,4.94,4.09,1.68,2.18419,0.740758
2024-10-19,2024-2025,Newcastle,Brighton,0,1,AWAY_TEAM,0,1,21,10,6,5,9,4,P Bankes,2.01,3.88,3.51,1.93657,1.6779
2024-10-19,2024-2025,Man United,Brentford,2,1,HOME_TEAM,0,1,23,8,11,2,9,2,S Barrott,1.71,4.28,4.48,1.76555,0.892843
2024-10-19,2024-2025,Ipswich,Everton,0,2,AWAY_TEAM,0,2,13,11,2,8,5,8,M Oliver,2.4,3.42,3.01,1.174,1.60804
2024-10-19,2024-2025,Fulham,Aston Villa,1,3,AWAY_TEAM,1,1,10,14,4,5,6,11,D England,2.44,3.5,2.89,2.63074,1.43595
2024-10-19,2024-2025,Tottenham,West Ham,4,1,HOME_TEAM,1,1,22,11,7,4,13,5,A Madley,1.5,4.91,5.73,1.44052,0.858803
2024-10-20,2024-2025,Wolves,Man City,1,2,AWAY_TEAM,1,1,3,22,2,7,1,18,C Kavanagh,8.88,5.85,1.31,0.761217,1.36569
2024-10-20,2024-2025,Liverpool,Chelsea,2,1,HOME_TEAM,1,0,9,12,5,2,1,6,J Brooks,1.63,4.39,4.89,2.22517,1.33904
2024-10-21,2024-2025,Nott'm Forest,Crystal Palace,1,0,HOME_TEAM,0,0,20,20,6,7,6,6,T Robinson,2.36,3.31,3.11,1.88573,0.835001
2024-10-25,2024-2025,Leicester,Nott'm Forest,1,3,AWAY_TEAM,1,1,11,20,1,5,6,7,C Pawson,3.09,3.32,2.41,0.832415,2.54488
2024-10-26,2024-2025,Everton,Fulham,1,1,DRAW,0,0,10,14,5,3,4,2,J Brooks,2.76,3.37,2.6,0.884845,1.49531
2024-10-26,2024-2025,Man City,Southampton,1,0,HOME_TEAM,1,0,22,5,8,2,12,1,T Harrington,1.11,10.94,21.04,3.16286,0.369989
2024-10-26,2024-2025,Brighton,Wolves,2,2,DRAW,1,0,19,14,6,7,9,6,M Oliver,1.64,4.32,4.94,1.51347,1.11074
2024-10-26,2024-2025,Brentford,Ipswich,4,3,HOME_TEAM,2,2,20,11,9,5,5,5,L Smith,1.67,4.27,4.86,4.09663,1.65698
2024-10-26,2024-2025,Aston Villa,Bournemouth,1,1,DRAW,0,0,18,11,8,3,9,7,A Madley,1.86,3.97,3.97,1.974,0.328651
2024-10-27,2024-2025,Chelsea,Newcastle,2,1,HOME_TEAM,1,1,17,11,7,3,7,4,S Hooper,1.76,4.26,4.15,1.61794,1.74225
2024-10-27,2024-2025,Crystal Palace,Tottenham,1,0,HOME_TEAM,1,0,14,11,6,3,8,8,D Bond,3.97,3.97,1.85,0.978611,1.0192
2024-10-27,2024-2025,West Ham,Man United,2,1,HOME_TEAM,0,0,12,18,3,5,6,5,D Coote,2.89,3.71,2.33,2.99312,2.62598
2024-10-27,2024-2025,Arsenal,Liverpool,2,2,DRAW,2,1,9,9,3,4,1,3,A Taylor,2.49,3.37,2.89,1.0883,1.35346
2024-11-02,2024-2025,Wolves,Crystal Palace,2,2,DRAW,0,0,11,19,6,7,3,6,A Taylor,2.53,3.4,2.85,1.65018,2.64849
2024-11-02,2024-2025,Southampton,Everton,1,0,HOME_TEAM,0,0,9,16,2,5,3,6,A Madley,2.65,3.48,2.66,0.540345,1.78581
2024-11-02,2024-2025,Nott'm Forest,West Ham,3,0,HOME_TEAM,1,0,19,4,6,2,11,6,P Bankes,2.15,3.52,3.43,2.35011,0.132317
2024-11-02,2024-2025,Newcastle,Arsenal,1,0,HOME_TEAM,1,0,9,10,4,1,4,6,J Brooks,3.77,3.69,1.98,0.859715,0.911305
2024-11-02,2024-2025,Ipswich,Leicester,1,1,DRAW,0,0,14,20,2,6,4,6,T Robinson,2.27,3.61,3.09,1.33617,2.33858
2024-11-02,2024-2025,Bournemouth,Man City,2,1,HOME_TEAM,1,0,12,18,6,4,3,10,M Oliver,5.32,4.44,1.59,2.4493,2.3527
2024-11-02,2024-2025,Liverpool,Brighton,2,1,HOME_TEAM,0,1,16,13,8,5,10,7,T Harrington,1.39,5.4,7.12,1.81037,1.01568
2024-11-03,2024-2025,Tottenham,Aston Villa,4,1,HOME_TEAM,0,1,16,12,6,1,6,4,C Pawson,1.93,4.07,3.55,2.09751,2.48749
2024-11-03,2024-2025,Man United,Chelsea,1,1,DRAW,0,0,11,12,4,3,4,8,R Jones,2.58,3.78,2.56,2.1605,1.21071
2024-11-04,2024-2025,Fulham,Brentford,2,1,HOME_TEAM,0,1,26,5,12,2,11,3,S Attwell,2.03,3.73,3.52,1.43017,0.739231
2024-11-09,2024-2025,Liverpool,Aston Villa,2,0,HOME_TEAM,1,0,14,12,5,2,2,9,D Coote,1.42,5.26,6.7,2.68196,1.66337
2024-11-09,2024-2025,Brentford,Bournemouth,3,2,HOME_TEAM,1,1,12,15,6,3,6,4,D Bond,2.53,3.59,2.72,1.56474,2.49234
2024-11-09,2024-2025,Crystal Palace,Fulham,0,2,AWAY_TEAM,0,1,13,17,5,7,1,8,M Salisbury,2.7,3.48,2.61,1.96037,2.25331
2024-11-09,2024-2025,West Ham,Everton,0,0,DRAW,0,0,11,18,6,4,7,6,S Attwell,2.18,3.47,3.38,1.1237,0.865983
2024-11-09,2024-2025,Wolves,Southampton,2,0,HOME_TEAM,1,0,8,9,4,0,1,9,T Bramall,1.96,3.84,3.67,0.912781,0.792655
2024-11-09,2024-2025,Brighton,Man City,2,1,HOME_TEAM,0,1,10,15,4,6,0,4,S Barrott,4.34,4.17,1.75,2.87116,2.60334
2024-11-10,2024-2025,Chelsea,Arsenal,1,1,DRAW,0,0,17,13,3,3,4,3,M Oliver,2.75,3.49,2.53,1.24067,1.9605
2024-11-10,2024-2025,Tottenham,Ipswich,1,2,AWAY_TEAM,0,2,17,8,5,3,12,2,D England,1.26,6.76,9.98,1.75088,2.18392
2024-11-10,2024-2025,Nott'm Forest,Newcastle,1,3,AWAY_TEAM,1,0,9,17,3,6,4,5,A Taylor,2.69,3.31,2.72,1.17852,1.86904
2024-11-10,2024-2025,Man United,Leicester,3,0,HOME_TEAM,2,0,13,6,3,5,1,5,P Bankes,1.39,5.35,7.46,1.2369,0.417295
2024-11-23,2024-2025,Leicester,Chelsea,1,2,AWAY_TEAM,0,1,4,16,1,7,2,9,A Madley,6.75,4.81,1.46,0.967987,2.81658
2024-11-23,2024-2025,Arsenal,Nott'm Forest,3,0,HOME_TEAM,1,0,19,7,7,0,8,1,S Hooper,1.37,4.97,8.9,1.66016,0.403136
2024-11-23,2024-2025,Aston Villa,Crystal Palace,2,2,DRAW,1,2,17,13,5,6,10,1,T Robinson,1.63,4.11,5.45,3.04455,1.61437
2024-11-23,2024-2025,Bournemouth,Brighton,1,2,AWAY_TEAM,0,1,19,6,5,4,7,0,S Attwell,2.41,3.62,2.86,1.91157,1.23059
2024-11-23,2024-2025,Everton,Brentford,0,0,DRAW,0,0,27,9,5,2,10,4,C Kavanagh,2.46,3.41,2.94,1.5951,1.34314
2024-11-23,2024-2025,Fulham,Wolves,1,4,AWAY_TEAM,1,1,10,10,3,5,7,2,R Jones,1.65,4.09,5.23,0.717158,1.33903
2024-11-23,2024-2025,Man City,Tottenham,0,4,AWAY_TEAM,0,2,23,9,5,7,9,3,J Brooks,1.49,5.01,5.92,2.15899,3.30449
2024-11-24,2024-2025,Southampton,Liverpool,2,3,AWAY_TEAM,1,1,7,27,5,11,3,10,S Barrott,10.4,5.96,1.28,1.53985,3.18835
2024-11-24,2024-2025,Ipswich,Man United,1,1,DRAW,1,1,11,11,6,4,4,3,A Taylor,5.06,4.22,1.63,1.98714,1.26912
2024-11-25,2024-2025,Newcastle,West Ham,0,2,AWAY_TEAM,0,1,18,15,2,6,8,3,C Pawson,1.5,4.57,6.21,1.49781,0.942824
2024-11-29,2024-2025,Brighton,Southampton,1,1,DRAW,1,0,22,10,5,2,7,6,R Jones,1.39,5.29,7.57,1.86986,0.934969
2024-11-30,2024-2025,West Ham,Arsenal,2,5,AWAY_TEAM,2,5,12,16,5,7,2,10,A Taylor,7.09,4.68,1.46,1.23539,3.99935
2024-11-30,2024-2025,Wolves,Bournemouth,2,4,AWAY_TEAM,1,3,10,12,3,8,3,4,P Bankes,2.81,3.61,2.44,0.866034,3.07901
2024-11-30,2024-2025,Crystal Palace,Newcastle,1,1,DRAW,0,0,16,1,4,0,8,9,D England,3.04,3.56,2.3,2.29595,0.020989
2024-11-30,2024-2025,Brentford,Leicester,4,1,HOME_TEAM,3,1,13,7,6,3,5,4,M Oliver,1.66,4.24,4.87,2.21885,0.907555
2024-11-30,2024-2025,Nott'm Forest,Ipswich,1,0,HOME_TEAM,0,0,12,7,5,3,8,7,T Harrington,1.75,3.82,4.79,1.76587,0.462771
2024-12-01,2024-2025,Chelsea,Aston Villa,3,0,HOME_TEAM,2,0,17,10,8,4,3,4,S Attwell,1.71,4.21,4.51,1.94939,0.875443
2024-12-01,2024-2025,Man United,Everton,4,0,HOME_TEAM,2,0,11,8,5,2,2,2,J Brooks,1.54,4.33,6.08,1.76161,0.766749
2024-12-01,2024-2025,Tottenham,Fulham,1,1,DRAW,0,0,8,14,3,6,7,11,D Bond,1.72,4.35,4.24,1.01086,1.57274
2024-12-01,2024-2025,Liverpool,Man City,2,0,HOME_TEAM,1,0,18,8,7,2,7,4,C Kavanagh,2.09,3.7,3.37,3.70054,0.745015
2024-12-03,2024-2025,Ipswich,Crystal Palace,0,1,AWAY_TEAM,0,0,9,13,2,3,4,7,C Pawson,3.09,3.37,2.38,0.471708,1.65422
2024-12-03,2024-2025,Leicester,West Ham,3,1,HOME_TEAM,1,0,8,31,6,10,3,9,J Smith,2.9,3.44,2.47,2.78061,2.87716
2024-12-04,2024-2025,Arsenal,Man United,2,0,HOME_TEAM,0,0,14,5,6,2,13,0,S Barrott,1.46,4.73,6.92,2.96684,0.256083
2024-12-04,2024-2025,Everton,Wolves,4,0,HOME_TEAM,2,0,13,6,4,2,3,4,M Salisbury,2.14,3.46,3.51,1.49904,0.847724
2024-12-04,2024-2025,Man City,Nott'm Forest,3,0,HOME_TEAM,2,0,17,12,7,3,8,2,M Oliver,1.37,5.21,8.25,3.20169,0.802155
2024-12-04,2024-2025,Newcastle,Liverpool,3,3,DRAW,1,0,17,16,6,5,5,6,A Madley,4.27,4.04,1.78,1.52057,2.22766
2024-12-04,2024-2025,Southampton,Chelsea,1,5,AWAY_TEAM,1,3,6,26,4,13,5,7,T Harrington,8.39,5.64,1.34,1.91014,5.8331
2024-12-04,2024-2025,Aston Villa,Brentford,3,1,HOME_TEAM,3,0,20,9,10,1,10,5,L Smith,1.8,4.01,4.24,3.21673,1.13266
2024-12-05,2024-2025,Bournemouth,Tottenham,1,0,HOME_TEAM,1,0,21,12,8,4,5,9,S Hooper,2.65,3.92,2.42,3.27716,0.623934
2024-12-05,2024-2025,Fulham,Brighton,3,1,HOME_TEAM,1,0,6,13,2,3,5,6,P Bankes,2.33,3.65,2.92,0.666644,1.09939
2024-12-07,2024-2025,Aston Villa,Southampton,1,0,HOME_TEAM,1,0,18,4,5,0,14,1,D Bond,1.37,5.41,7.78,2.51338,0.385832
2024-12-07,2024-2025,Brentford,Newcastle,4,2,HOME_TEAM,2,2,11,16,8,3,3,4,T Robinson,2.86,3.74,2.36,1.746,1.95645
2024-12-07,2024-2025,Crystal Palace,Man City,2,2,DRAW,1,1,12,12,3,4,6,8,R Jones,5.39,4.33,1.6,1.21476,1.5846
2024-12-07,2024-2025,Man United,Nott'm Forest,2,3,AWAY_TEAM,1,1,17,11,7,3,5,3,D England,1.67,4.05,5.12,1.4697,0.651217
2024-12-08,2024-2025,Leicester,Brighton,2,2,DRAW,0,1,10,16,3,7,5,5,S Attwell,4.48,4.02,1.75,1.42438,1.12184
2024-12-08,2024-2025,Tottenham,Chelsea,3,4,AWAY_TEAM,2,1,13,17,5,8,5,10,A Taylor,3.21,4.04,2.07,3.25488,2.57326
2024-12-08,2024-2025,Fulham,Arsenal,1,1,DRAW,1,0,2,12,2,4,0,6,C Kavanagh,5.4,4.24,1.61,0.150988,2.4333
2024-12-08,2024-2025,Ipswich,Bournemouth,1,2,AWAY_TEAM,1,0,18,22,5,6,6,13,M Salisbury,3.57,3.73,2.02,1.5668,3.49127
2024-12-09,2024-2025,West Ham,Wolves,2,1,HOME_TEAM,0,0,19,19,4,5,11,0,J Brooks,1.91,3.85,3.81,1.19808,1.47567
2024-12-14,2024-2025,Arsenal,Everton,0,0,DRAW,0,0,13,2,5,0,8,2,C Pawson,1.23,6.33,13.36,1.30865,0.132166
2024-12-14,2024-2025,Liverpool,Fulham,2,2,DRAW,0,1,16,12,4,3,5,4,T Harrington,1.32,5.75,8.89,2.09698,1.2862
2024-12-14,2024-2025,Newcastle,Leicester,4,0,HOME_TEAM,1,0,27,4,11,1,5,2,T Bramall,1.31,5.83,9.08,3.95461,0.186759
2024-12-14,2024-2025,Wolves,Ipswich,1,2,AWAY_TEAM,0,1,16,10,6,5,7,3,S Hooper,1.9,3.83,3.85,1.23748,1.73349
2024-12-14,2024-2025,Nott'm Forest,Aston Villa,2,1,HOME_TEAM,0,0,17,8,6,2,4,3,S Barrott,2.64,3.39,2.68,2.2861,0.389423
2024-12-15,2024-2025,Chelsea,Brentford,2,1,HOME_TEAM,1,0,26,9,8,4,8,5,P Bankes,1.33,5.89,8.08,2.59146,1.65861
2024-12-15,2024-2025,Southampton,Tottenham,0,5,AWAY_TEAM,0,5,9,18,3,9,2,5,D England,4.29,4.47,1.69,1.27356,3.89322
2024-12-15,2024-2025,Man City,Man United,1,2,AWAY_TEAM,1,0,10,10,3,3,8,2,A Taylor,1.58,4.59,5.04,0.638103,2.04662
2024-12-15,2024-2025,Brighton,Crystal Palace,1,3,AWAY_TEAM,0,2,17,13,5,5,8,5,M Oliver,1.89,3.82,3.9,1.32323,3.00618
2024-12-16,2024-2025,Bournemouth,West Ham,1,1,DRAW,0,0,29,16,9,3,12,6,C Kavanagh,1.71,4.19,4.43,2.04842,1.81827
2024-12-21,2024-2025,Aston Villa,Man City,2,1,HOME_TEAM,1,0,11,12,6,6,5,4,P Bankes,3.29,3.71,2.12,2.05988,1.09627
2024-12-21,2024-2025,Brentford,Nott'm Forest,0,2,AWAY_TEAM,0,1,7,10,3,6,9,5,M Oliver,2.35,3.52,2.99,0.769004,0.964897
2024-12-21,2024-2025,Ipswich,Newcastle,0,4,AWAY_TEAM,0,3,10,15,2,7,2,1,S Attwell,4.61,3.95,1.74,1.06427,3.23386
2024-12-21,2024-2025,West Ham,Brighton,1,1,DRAW,0,0,11,12,4,6,8,4,R Jones,2.8,3.75,2.38,1.22937,1.34379
2024-12-21,2024-2025,Crystal Palace,Arsenal,1,5,AWAY_TEAM,1,3,15,14,6,6,3,3,S Hooper,6.08,4.11,1.57,1.6052,3.05434
2024-12-22,2024-2025,Man United,Bournemouth,0,3,AWAY_TEAM,0,1,23,10,7,5,13,1,C Pawson,1.85,3.88,4.07,2.28533,1.82831
2024-12-22,2024-2025,Everton,Chelsea,0,0,DRAW,0,0,5,12,4,5,2,5,C Kavanagh,5.18,4.13,1.63,1.07081,1.51591
2024-12-22,2024-2025,Fulham,Southampton,0,0,DRAW,0,0,16,5,5,1,6,5,T Robinson,1.42,4.96,7.21,1.25255,0.280031
2024-12-22,2024-2025,Leicester,Wolves,0,3,AWAY_TEAM,0,3,9,8,5,4,6,1,A Taylor,2.55,3.56,2.69,0.78868,1.13531
2024-12-22,2024-2025,Tottenham,Liverpool,3,6,AWAY_TEAM,1,3,9,24,5,12,7,5,S Barrott,4.29,4.33,1.72,1.20245,5.20214
2024-12-26,2024-2025,Wolves,Man United,2,0,HOME_TEAM,0,0,7,11,4,4,4,4,T Harrington,3.8,3.7,1.94,0.826489,0.358876
2024-12-26,2024-2025,Liverpool,Leicester,3,1,HOME_TEAM,1,1,19,4,7,1,14,1,D Bond,1.08,12.4,25.35,1.89935,0.22097
2024-12-26,2024-2025,Southampton,West Ham,0,1,AWAY_TEAM,0,0,18,16,5,2,2,2,L Smith,3.24,3.56,2.18,2.19833,1.90111
2024-12-26,2024-2025,Nott'm Forest,Tottenham,1,0,HOME_TEAM,1,0,10,13,3,4,2,7,C Pawson,2.35,3.74,2.82,1.30018,1.05758
2024-12-26,2024-2025,Newcastle,Aston Villa,3,0,HOME_TEAM,1,0,22,4,8,1,9,6,A Taylor,1.93,3.91,3.66,2.82867,0.225522
2024-12-26,2024-2025,Chelsea,Fulham,1,2,AWAY_TEAM,1,0,12,14,8,7,3,1,S Barrott,1.47,4.88,6.15,1.55626,1.77929
2024-12-26,2024-2025,Bournemouth,Crystal Palace,0,0,DRAW,0,0,18,10,4,4,5,2,T Bramall,1.9,3.77,3.87,1.20189,0.500066
2024-12-26,2024-2025,Man City,Everton,1,1,DRAW,1,1,24,8,5,3,8,5,S Hooper,1.34,5.46,8.59,2.51965,0.653289
2024-12-27,2024-2025,Brighton,Brentford,0,0,DRAW,0,0,24,8,7,3,5,3,A Madley,1.64,4.44,4.89,1.33538,0.961233
2024-12-27,2024-2025,Arsenal,Ipswich,1,0,HOME_TEAM,1,0,13,3,5,0,5,1,D England,1.16,8.37,17.31,2.16462,0.0783327
2024-12-29,2024-2025,Leicester,Man City,0,2,AWAY_TEAM,0,1,11,14,4,5,4,4,M Oliver,7.92,5.62,1.34,1.84208,1.58002
2024-12-29,2024-2025,Crystal Palace,Southampton,2,1,HOME_TEAM,1,1,19,7,10,3,8,7,M Salisbury,1.61,4.11,5.42,3.05417,1.21853
2024-12-29,2024-2025,Everton,Nott'm Forest,0,2,AWAY_TEAM,0,1,13,11,2,7,5,4,T Harrington,2.64,3.16,2.83,0.615191,2.02753
2024-12-29,2024-2025,Fulham,Bournemouth,2,2,DRAW,1,0,11,16,6,9,1,7,R Jones,2.35,3.58,2.91,0.961566,1.70692
2024-12-29,2024-2025,Tottenham,Wolves,2,2,DRAW,2,1,13,11,3,3,5,5,C Kavanagh,1.61,4.77,4.56,2.28433,0.640697
2024-12-29,2024-2025,West Ham,Liverpool,0,5,AWAY_TEAM,0,3,7,22,0,13,3,6,A Taylor,7.04,5.21,1.4,0.518279,3.29868
2024-12-30,2024-2025,Aston Villa,Brighton,2,2,DRAW,1,1,20,13,4,4,12,3,C Pawson,1.94,3.86,3.61,1.87997,0.938042
2024-12-30,2024-2025,Ipswich,Chelsea,2,0,HOME_TEAM,1,0,9,20,6,5,4,7,J Brooks,6.87,5.02,1.41,1.50093,1.60622
2024-12-30,2024-2025,Man United,Newcastle,0,2,AWAY_TEAM,0,2,10,12,0,4,2,3,S Hooper,2.7,3.61,2.49,1.00073,2.2424
2025-01-01,2024-2025,Brentford,Arsenal,1,3,AWAY_TEAM,1,1,5,14,2,5,4,3,P Bankes,6.67,4.8,1.44,0.272604,1.99848
2025-01-04,2024-2025,Tottenham,Newcastle,1,2,AWAY_TEAM,1,2,13,14,4,4,9,10,A Madley,2.88,3.94,2.24,1.00333,2.42963
2025-01-04,2024-2025,Aston Villa,Leicester,2,1,HOME_TEAM,0,0,13,4,5,2,7,2,J Gillett,1.32,5.51,9.16,2.3456,0.81548
2025-01-04,2024-2025,Bournemouth,Everton,1,0,HOME_TEAM,0,0,19,9,8,0,9,3,J Brooks,1.75,3.82,4.71,2.61852,0.561015
2025-01-04,2024-2025,Crystal Palace,Chelsea,1,1,DRAW,0,1,13,15,6,1,6,6,T Robinson,3.65,3.88,1.95,1.2766,1.51541
2025-01-04,2024-2025,Man City,West Ham,4,1,HOME_TEAM,2,0,10,17,7,4,7,1,M Salisbury,1.31,6.09,8.3,1.97986,1.53286
2025-01-04,2024-2025,Southampton,Brentford,0,5,AWAY_TEAM,0,1,8,20,1,11,2,2,S Attwell,2.78,3.54,2.48,0.249614,5.54874
2025-01-04,2024-2025,Brighton,Arsenal,1,1,DRAW,0,1,11,9,4,3,2,5,A Taylor,4.36,3.83,1.8,1.76513,1.81142
2025-01-05,2024-2025,Fulham,Ipswich,2,2,DRAW,0,1,15,7,4,3,9,2,D Bond,1.56,4.34,5.68,2.65469,1.4434
2025-01-05,2024-2025,Liverpool,Man United,2,2,DRAW,0,0,19,13,6,4,6,9,M Oliver,1.29,6.05,9.49,2.862,1.67469
2025-01-06,2024-2025,Wolves,Nott'm Forest,0,3,AWAY_TEAM,0,2,13,11,6,3,5,3,P Bankes,3.22,3.22,2.33,1.90463,2.57227
2025-01-14,2024-2025,Brentford,Man City,2,2,DRAW,0,0,18,21,6,8,4,5,A Taylor,4.76,4.47,1.64,2.39088,2.65315
2025-01-14,2024-2025,Chelsea,Bournemouth,2,2,DRAW,1,0,26,7,10,3,9,3,R Jones,1.5,4.81,5.92,2.53808,1.14845
2025-01-14,2024-2025,West Ham,Fulham,3,2,HOME_TEAM,2,0,4,21,3,5,0,3,C Pawson,2.97,3.43,2.41,0.937322,2.83581
2025-01-14,2024-2025,Nott'm Forest,Liverpool,1,1,DRAW,1,0,6,23,3,7,0,9,C Kavanagh,5.14,4.16,1.64,0.5292,2.72291
2025-01-15,2024-2025,Arsenal,Tottenham,2,1,HOME_TEAM,2,1,14,10,4,2,10,4,S Hooper,1.4,5.29,6.86,2.25501,0.777071
2025-01-15,2024-2025,Newcastle,Wolves,3,0,HOME_TEAM,1,0,17,13,5,7,4,2,D England,1.35,5.54,8.08,2.13327,1.47433
2025-01-15,2024-2025,Leicester,Crystal Palace,0,2,AWAY_TEAM,0,0,21,9,4,4,4,3,A Madley,3.88,3.73,1.92,2.09904,2.2647
2025-01-15,2024-2025,Everton,Aston Villa,0,1,AWAY_TEAM,0,0,10,11,3,3,8,5,S Barrott,3.2,3.24,2.35,1.23126,1.28522
2025-01-16,2024-2025,Ipswich,Brighton,0,2,AWAY_TEAM,0,0,5,11,3,5,1,9,T Harrington,3.8,3.73,1.94,0.268127,1.06343
2025-01-16,2024-2025,Man United,Southampton,3,1,HOME_TEAM,0,1,23,13,9,5,5,4,J Brooks,1.3,5.79,9.4,3.10847,1.36705
2025-01-18,2024-2025,Newcastle,Bournemouth,1,4,AWAY_TEAM,1,2,13,19,5,10,7,6,S Attwell,1.64,4.3,4.93,0.837801,2.70174
2025-01-18,2024-2025,Brentford,Liverpool,0,2,AWAY_TEAM,0,0,11,37,6,8,2,15,A Madley,6.43,5.15,1.43,1.20021,4.16249
2025-01-18,2024-2025,Leicester,Fulham,0,2,AWAY_TEAM,0,0,8,17,4,2,5,2,M Salisbury,4.17,3.81,1.84,0.676934,2.36823
2025-01-18,2024-2025,West Ham,Crystal Palace,0,2,AWAY_TEAM,0,0,7,12,0,7,2,4,T Bramall,2.62,3.41,2.69,0.221062,1.62561
2025-01-18,2024-2025,Arsenal,Aston Villa,2,2,DRAW,1,0,18,8,6,4,10,1,C Kavanagh,1.51,4.35,6.45,1.64458,1.20602
2025-01-19,2024-2025,Everton,Tottenham,3,2,HOME_TEAM,3,0,12,11,6,6,3,8,D England,2.91,3.51,2.41,2.56089,1.35719
2025-01-19,2024-2025,Man United,Brighton,1,3,AWAY_TEAM,1,1,10,6,1,3,4,2,P Bankes,2.09,3.71,3.36,1.31823,2.17172
2025-01-19,2024-2025,Nott'm Forest,Southampton,3,2,HOME_TEAM,3,0,14,10,5,4,2,8,A Taylor,1.39,4.86,8.03,2.36419,1.25922
2025-01-19,2024-2025,Ipswich,Man City,0,6,AWAY_TEAM,0,3,8,17,4,9,4,7,S Barrott,7.72,5.36,1.36,0.795637,3.20228
2025-01-20,2024-2025,Chelsea,Wolves,3,1,HOME_TEAM,1,1,19,9,7,4,3,6,S Hooper,1.37,5.51,7.3,3.14882,1.06726
2025-01-25,2024-2025,Man City,Chelsea,3,1,HOME_TEAM,1,1,15,10,6,4,2,4,J Brooks,2.03,4.03,3.29,2.23213,1.49843
2025-01-25,2024-2025,Wolves,Arsenal,0,1,AWAY_TEAM,0,0,9,9,4,3,1,5,M Oliver,6.85,4.65,1.46,0.514724,0.887358
2025-01-25,2024-2025,Southampton,Newcastle,1,3,AWAY_TEAM,1,2,12,17,5,9,3,8,S Barrott,6.82,5.09,1.42,0.825621,3.08319
2025-01-25,2024-2025,Brighton,Everton,0,1,AWAY_TEAM,0,1,16,3,1,1,9,1,T Robinson,1.67,3.86,5.39,0.64378,0.870883
2025-01-25,2024-2025,Bournemouth,Nott'm Forest,5,0,HOME_TEAM,1,0,16,18,10,4,3,9,C Pawson,2.09,3.64,3.42,2.8254,0.996166
2025-01-25,2024-2025,Liverpool,Ipswich,4,1,HOME_TEAM,3,0,16,3,6,3,3,4,M Salisbury,1.1,11.04,20.87,2.16809,0.804707
2025-01-26,2024-2025,Crystal Palace,Brentford,1,2,AWAY_TEAM,0,0,16,13,5,6,4,7,T Harrington,2.06,3.68,3.47,1.23177,1.92037
2025-01-26,2024-2025,Tottenham,Leicester,1,2,AWAY_TEAM,1,0,15,12,6,3,6,4,R Jones,1.46,5.21,5.89,1.27483,1.40469
2025-01-26,2024-2025,Aston Villa,West Ham,1,1,DRAW,1,0,14,14,4,4,4,3,P Bankes,1.55,4.39,5.81,0.907851,1.67886
2025-01-26,2024-2025,Fulham,Man United,0,1,AWAY_TEAM,0,0,9,4,3,1,3,0,A Taylor,2.31,3.44,3.1,0.560571,0.201988
2025-02-01,2024-2025,Wolves,Aston Villa,2,0,HOME_TEAM,1,0,8,10,5,3,5,8,A Madley,3.36,3.58,2.14,2.00146,0.742809
2025-02-01,2024-2025,Nott'm Forest,Brighton,7,0,HOME_TEAM,3,0,14,10,9,5,4,6,S Hooper,2.44,3.46,2.89,4.0677,0.756296
2025-02-01,2024-2025,Bournemouth,Liverpool,0,2,AWAY_TEAM,0,1,14,19,3,7,3,3,D England,4.56,4.32,1.68,1.65273,2.7219
2025-02-01,2024-2025,Everton,Leicester,4,0,HOME_TEAM,3,0,13,9,7,1,5,6,D Bond,1.79,3.67,4.67,3.11261,0.447136
2025-02-01,2024-2025,Ipswich,Southampton,1,2,AWAY_TEAM,1,1,15,9,6,4,1,2,M Oliver,1.98,3.67,3.74,1.94845,1.17566
2025-02-01,2024-2025,Newcastle,Fulham,1,2,AWAY_TEAM,1,0,11,15,4,4,4,7,C Kavanagh,1.71,4.07,4.66,1.22716,1.60881
2025-02-02,2024-2025,Man United,Crystal Palace,0,2,AWAY_TEAM,0,0,17,11,2,3,11,0,J Brooks,2.04,3.48,3.71,1.50706,2.44633
2025-02-02,2024-2025,Arsenal,Man City,5,1,HOME_TEAM,1,0,12,7,7,4,5,2,P Bankes,1.97,3.58,3.83,1.53202,0.743191
2025-02-02,2024-2025,Brentford,Tottenham,0,2,AWAY_TEAM,0,1,20,13,4,2,10,3,J Gillett,2.11,3.97,3.1,1.66475,0.945355
2025-02-03,2024-2025,Chelsea,West Ham,2,1,HOME_TEAM,0,1,22,14,3,5,4,3,S Attwell,1.36,5.54,7.58,1.39066,1.1868
2025-02-12,2024-2025,Everton,Liverpool,2,2,DRAW,1,1,10,6,3,4,2,3,M Oliver,7.36,4.71,1.44,0.910523,0.929103
2025-02-14,2024-2025,Brighton,Chelsea,3,0,HOME_TEAM,2,0,13,8,5,0,2,9,K Kavanagh,2.85,3.6,2.43,2.06892,0.649788
2025-02-15,2024-2025,Leicester,Arsenal,0,2,AWAY_TEAM,0,0,6,11,2,5,3,7,S Barrott,9.45,5.29,1.34,0.233209,1.75
2025-02-15,2024-2025,Aston Villa,Ipswich,1,1,DRAW,0,0,25,4,6,3,16,1,R Jones,1.41,4.96,7.45,2.89841,0.332864
2025-02-15,2024-2025,Fulham,Nott'm Forest,2,1,HOME_TEAM,1,1,24,8,10,2,8,4,T Bramall,2.22,3.35,3.39,2.20993,0.331301
2025-02-15,2024-2025,Man City,Newcastle,4,0,HOME_TEAM,3,0,11,3,7,1,7,4,A Madley,1.97,4.07,3.44,2.12004,0.157211
2025-02-15,2024-2025,Southampton,Bournemouth,1,3,AWAY_TEAM,0,2,11,14,4,7,4,6,J Gillett,5.83,4.64,1.52,0.974418,2.08722
2025-02-15,2024-2025,West Ham,Brentford,0,1,AWAY_TEAM,0,1,13,14,3,5,9,2,D England,2.41,3.64,2.82,0.673466,1.96499
2025-02-15,2024-2025,Crystal Palace,Everton,1,2,AWAY_TEAM,0,1,17,11,6,6,6,2,A Taylor,1.81,3.45,4.94,2.30646,1.01565
2025-02-16,2024-2025,Liverpool,Wolves,2,1,HOME_TEAM,2,0,10,16,3,4,4,3,S Hooper,1.19,7.85,12.84,1.86758,1.05329
2025-02-16,2024-2025,Tottenham,Man United,1,0,HOME_TEAM,1,0,22,16,7,6,10,5,P Bankes,2.45,3.73,2.69,1.97109,1.42652
2025-02-19,2024-2025,Aston Villa,Liverpool,2,2,DRAW,2,1,9,17,4,3,6,8,C Pawson,3.93,4.0,1.85,1.02269,2.04279
2025-02-21,2024-2025,Leicester,Brentford,0,4,AWAY_TEAM,0,3,8,14,3,6,5,6,T Harrington,3.7,3.86,1.96,0.727901,2.03465
2025-02-22,2024-2025,Aston Villa,Chelsea,2,1,HOME_TEAM,0,1,12,15,6,7,2,3,M Oliver,2.62,3.7,2.56,2.69413,2.17418
2025-02-22,2024-2025,Southampton,Brighton,0,4,AWAY_TEAM,0,1,6,18,1,12,5,6,D Bond,5.52,4.38,1.57,0.154147,5.12018
2025-02-22,2024-2025,Fulham,Crystal Palace,0,2,AWAY_TEAM,0,1,10,10,0,5,7,7,R Jones,2.05,3.48,3.74,0.23426,1.46203
2025-02-22,2024-2025,Ipswich,Tottenham,1,4,AWAY_TEAM,1,2,17,10,5,6,4,4,T Robinson,3.87,3.89,1.89,1.15389,1.58741
2025-02-22,2024-2025,Arsenal,West Ham,0,1,AWAY_TEAM,0,1,20,5,2,2,2,0,C Pawson,1.25,6.2,11.63,1.37264,1.02684
2025-02-22,2024-2025,Everton,Man United,2,2,DRAW,2,0,9,9,8,3,7,9,A Madley,2.55,3.2,2.96,2.10444,0.645685
2025-02-22,2024-2025,Bournemouth,Wolves,0,1,AWAY_TEAM,0,1,8,13,3,5,6,7,M Salisbury,1.56,4.45,5.5,0.629691,2.10124
2025-02-23,2024-2025,Newcastle,Nott'm Forest,4,3,HOME_TEAM,4,1,13,17,5,5,7,6,J Gillett,1.81,3.96,4.11,3.45858,2.38603
2025-02-23,2024-2025,Man City,Liverpool,0,2,AWAY_TEAM,0,2,16,8,5,4,7,5,A Taylor,2.9,3.86,2.26,0.58248,0.807058
2025-02-25,2024-2025,Chelsea,Southampton,4,0,HOME_TEAM,3,0,19,7,10,2,4,2,T Bramall,1.17,8.55,14.69,2.98234,0.845039
2025-02-25,2024-2025,Brighton,Bournemouth,2,1,HOME_TEAM,1,0,11,19,4,5,1,9,M Oliver,2.06,3.81,3.43,2.57927,1.70169
2025-02-25,2024-2025,Crystal Palace,Aston Villa,4,1,HOME_TEAM,1,0,19,6,6,2,3,8,S Barrott,2.55,3.38,2.83,4.02522,0.667217
2025-02-25,2024-2025,Wolves,Fulham,1,2,AWAY_TEAM,1,1,18,11,5,5,7,5,P Bankes,2.71,3.34,2.69,0.928973,1.43473
2025-02-26,2024-2025,Brentford,Everton,1,1,DRAW,1,0,12,14,3,4,2,5,S Hooper,2.02,3.68,3.59,1.34009,1.44955
2025-02-26,2024-2025,Man United,Ipswich,3,2,HOME_TEAM,2,2,10,12,6,3,5,6,D England,1.52,4.55,5.83,1.40202,1.04498
2025-02-26,2024-2025,Nott'm Forest,Arsenal,0,0,DRAW,0,0,6,13,2,1,3,11,A Madley,3.94,3.48,1.98,0.508611,1.31766
2025-02-26,2024-2025,Tottenham,Man City,0,1,AWAY_TEAM,0,1,11,12,6,5,8,3,J Gillett,3.22,4.09,2.04,1.28426,2.38641
2025-02-26,2024-2025,Liverpool,Newcastle,2,0,HOME_TEAM,1,0,12,3,3,0,4,2,C Kavanagh,1.52,4.77,5.64,1.40027,0.45882
2025-02-27,2024-2025,West Ham,Leicester,2,0,HOME_TEAM,2,0,8,10,2,2,3,3,S Attwell,1.63,4.15,5.17,1.70437,0.289578
2025-03-08,2024-2025,Brentford,Aston Villa,0,1,AWAY_TEAM,0,0,13,12,3,4,6,5,J Gillett,2.26,3.8,2.95,0.637743,1.29638
2025-03-08,2024-2025,Wolves,Everton,1,1,DRAW,1,1,11,12,3,4,5,5,S Attwell,2.63,3.14,2.87,0.812432,1.3672
2025-03-08,2024-2025,Liverpool,Southampton,3,1,HOME_TEAM,0,1,28,6,7,4,6,4,L Smith,1.12,9.97,19.5,4.98996,0.511566
2025-03-08,2024-2025,Brighton,Fulham,2,1,HOME_TEAM,1,1,9,6,4,1,3,7,S Barrott,1.99,3.62,3.77,1.94417,0.708227
2025-03-08,2024-2025,Nott'm Forest,Man City,1,0,HOME_TEAM,0,0,9,14,4,3,3,2,C Kavanagh,3.88,3.89,1.89,0.501476,0.721234
2025-03-08,2024-2025,Crystal Palace,Ipswich,1,0,HOME_TEAM,0,0,19,15,4,8,5,4,S Hooper,1.48,4.55,6.74,3.13879,1.63282
2025-03-09,2024-2025,Chelsea,Leicester,1,0,HOME_TEAM,0,0,20,3,7,3,12,2,T Robinson,1.2,7.67,12.34,1.76844,0.108487
2025-03-09,2024-2025,Tottenham,Bournemouth,2,2,DRAW,0,1,12,17,4,8,3,6,J Brooks,2.71,3.88,2.4,1.35053,2.22536
2025-03-09,2024-2025,Man United,Arsenal,1,1,DRAW,1,0,10,17,6,6,2,9,A Taylor,5.41,3.58,1.72,1.31107,1.82996
2025-03-10,2024-2025,West Ham,Newcastle,0,1,AWAY_TEAM,0,0,9,9,2,3,3,4,M Salisbury,3.21,3.57,2.19,0.823986,1.62976
2025-03-15,2024-2025,Everton,West Ham,1,1,DRAW,0,0,13,10,5,5,6,5,D Bond,2.11,3.27,3.81,1.189,0.516029
2025-03-15,2024-2025,Ipswich,Nott'm Forest,2,4,AWAY_TEAM,0,3,11,11,4,6,6,3,M Salisbury,3.8,3.59,1.99,0.520839,1.30722
2025-03-15,2024-2025,Man City,Brighton,2,2,DRAW,2,1,11,15,3,3,4,5,S Hooper,1.66,4.45,4.63,2.02642,2.11119
2025-03-15,2024-2025,Southampton,Wolves,1,2,AWAY_TEAM,0,1,10,5,3,3,5,1,R Jones,3.63,3.51,2.06,1.2821,0.540718
2025-03-15,2024-2025,Bournemouth,Brentford,1,2,AWAY_TEAM,1,1,17,10,5,4,4,3,C Pawson,1.76,4.16,4.25,2.02714,1.60321
2025-03-16,2024-2025,Arsenal,Chelsea,1,0,HOME_TEAM,1,0,12,8,4,2,5,4,C Kavanagh,1.81,3.74,4.44,0.695725,0.286036
2025-03-16,2024-2025,Fulham,Tottenham,2,0,HOME_TEAM,0,0,13,12,4,4,6,5,A Madley,2.01,3.84,3.48,1.03966,1.40865
2025-03-16,2024-2025,Leicester,Man United,0,3,AWAY_TEAM,0,1,11,18,3,5,6,4,T Bramall,4.21,3.76,1.84,1.30455,1.13892
2025-04-01,2024-2025,Wolves,West Ham,1,0,HOME_TEAM,1,0,9,10,2,1,1,2,T Harrington,2.57,3.2,2.92,1.10359,1.73057
2025-04-01,2024-2025,Nott'm Forest,Man United,1,0,HOME_TEAM,1,0,8,23,2,6,3,10,J Gillett,2.32,3.42,3.13,0.512063,1.86688
2025-04-01,2024-2025,Arsenal,Fulham,2,1,HOME_TEAM,1,0,17,9,4,3,5,4,J Brooks,1.48,4.2,7.73,2.30189,1.44206
2025-04-02,2024-2025,Bournemouth,Ipswich,1,2,AWAY_TEAM,0,1,24,10,7,2,8,3,R Jones,1.38,5.23,7.72,1.99637,1.41263
2025-04-02,2024-2025,Brighton,Aston Villa,0,3,AWAY_TEAM,0,0,11,8,4,5,4,0,S Attwell,2.09,3.81,3.27,0.558009,1.20715
2025-04-02,2024-2025,Man City,Leicester,2,0,HOME_TEAM,2,0,18,2,5,0,5,0,D England,1.2,7.61,12.4,2.07165,0.104741
2025-04-02,2024-2025,Newcastle,Brentford,2,1,HOME_TEAM,1,0,21,12,4,3,4,5,P Bankes,1.73,4.31,4.21,2.26584,1.53201
2025-04-02,2024-2025,Southampton,Crystal Palace,1,1,DRAW,1,0,8,9,2,3,2,2,A Madley,5.5,4.01,1.62,0.687304,0.93776
2025-04-02,2024-2025,Liverpool,Everton,1,0,HOME_TEAM,0,0,17,5,3,0,11,5,S Barrott,1.36,5.02,8.78,1.29718,0.823136
2025-04-03,2024-2025,Chelsea,Tottenham,1,0,HOME_TEAM,0,0,11,8,5,2,4,6,C Pawson,1.64,4.5,4.57,1.30443,1.40274
2025-04-05,2024-2025,Everton,Arsenal,1,1,DRAW,0,1,5,14,2,5,3,8,D England,5.15,3.44,1.78,1.22875,1.4031
2025-04-05,2024-2025,Crystal Palace,Brighton,2,1,HOME_TEAM,1,1,8,11,3,5,2,4,A Taylor,2.43,3.46,2.87,0.443965,1.27226
2025-04-05,2024-2025,Ipswich,Wolves,1,2,AWAY_TEAM,1,0,6,22,2,7,4,8,P Bankes,2.74,3.28,2.65,0.872356,2.8096
2025-04-05,2024-2025,West Ham,Bournemouth,2,2,DRAW,0,1,9,11,3,4,4,7,T Robinson,3.04,3.47,2.34,0.907832,1.94869
2025-04-05,2024-2025,Aston Villa,Nott'm Forest,2,1,HOME_TEAM,2,0,17,19,8,3,4,4,S Hooper,1.99,3.63,3.72,2.63349,0.96769
2025-04-06,2024-2025,Man United,Man City,0,0,DRAW,0,0,13,9,2,5,5,3,J Brooks,3.33,3.61,2.13,1.23317,0.687894
2025-04-06,2024-2025,Tottenham,Southampton,3,1,HOME_TEAM,2,0,13,12,8,4,4,1,M Salisbury,1.39,5.32,7.12,2.648,0.780439
2025-04-06,2024-2025,Fulham,Liverpool,3,2,HOME_TEAM,3,1,12,14,6,6,4,4,C Kavanagh,4.24,3.7,1.86,1.72764,1.40638
2025-04-06,2024-2025,Brentford,Chelsea,0,0,DRAW,0,0,9,21,2,5,3,6,M Oliver,3.2,3.73,2.15,1.36123,1.47829
2025-04-07,2024-2025,Leicester,Newcastle,0,3,AWAY_TEAM,0,3,7,16,2,5,12,2,R Jones,6.4,4.44,1.5,0.354575,3.44111
2025-04-12,2024-2025,Man City,Crystal Palace,5,2,HOME_TEAM,2,2,21,8,9,3,1,4,J Gillett,1.5,4.7,5.95,4.59724,1.33808
2025-04-12,2024-2025,Brighton,Leicester,2,2,DRAW,1,1,21,15,7,6,3,6,D Bond,1.27,5.89,10.98,3.6978,1.98444
2025-04-12,2024-2025,Nott'm Forest,Everton,0,1,AWAY_TEAM,0,0,10,13,5,5,1,7,C Pawson,2.11,3.33,3.67,0.423949,1.26036
2025-04-12,2024-2025,Southampton,Aston Villa,0,3,AWAY_TEAM,0,0,7,25,2,10,2,14,T Bramall,5.65,4.42,1.55,0.412256,2.99927
2025-04-12,2024-2025,Arsenal,Brentford,1,1,DRAW,0,0,14,3,3,2,13,5,S Hooper,1.61,4.16,5.35,0.767369,0.588583
2025-04-13,2024-2025,Chelsea,Ipswich,2,2,DRAW,0,2,34,13,9,4,15,4,S Attwell,1.25,6.57,9.7,2.90758,1.60301
2025-04-13,2024-2025,Liverpool,West Ham,2,1,HOME_TEAM,1,0,15,11,6,4,10,3,A Madley,1.3,5.89,9.45,1.42902,1.46598
2025-04-13,2024-2025,Wolves,Tottenham,4,2,HOME_TEAM,2,0,13,11,5,4,1,4,A Taylor,2.23,3.55,3.14,2.22977,1.62887
2025-04-13,2024-2025,Newcastle,Man United,4,1,HOME_TEAM,1,1,13,9,6,5,7,2,C Kavanagh,1.65,4.21,4.73,2.6383,0.786568
2025-04-14,2024-2025,Bournemouth,Fulham,1,0,HOME_TEAM,1,0,12,12,3,7,6,9,O Oliver,2.15,3.58,3.3,1.8577,1.07203
2025-04-16,2024-2025,Newcastle,Crystal Palace,5,0,HOME_TEAM,4,0,14,11,7,4,5,4,D England,1.71,3.96,4.75,2.32947,2.37548
2025-04-19,2024-2025,Aston Villa,Newcastle,4,1,HOME_TEAM,1,1,23,10,9,3,7,7,J Gillett,2.36,3.63,2.85,3.05371,1.27176
2025-04-19,2024-2025,West Ham,Southampton,1,1,DRAW,0,0,12,15,4,4,2,5,A Kitchen,1.49,4.49,6.44,0.98423,0.922877
2025-04-19,2024-2025,Crystal Palace,Bournemouth,0,0,DRAW,0,0,5,15,0,4,5,4,S Barrott,2.54,3.54,2.69,0.337818,0.664093
2025-04-19,2024-2025,Brentford,Brighton,4,2,HOME_TEAM,1,1,16,12,8,3,4,8,T Robinson,2.5,3.61,2.7,2.95516,1.24107
2025-04-19,2024-2025,Everton,Man City,0,2,AWAY_TEAM,0,0,8,12,3,7,2,5,S Hooper,3.8,3.65,1.96,0.81683,1.87989
2025-04-20,2024-2025,Fulham,Chelsea,1,2,AWAY_TEAM,1,0,6,13,1,8,6,4,A Taylor,2.82,3.52,2.43,0.306122,0.75172
2025-04-20,2024-2025,Ipswich,Arsenal,0,4,AWAY_TEAM,0,2,4,24,0,7,0,12,C Kavanagh,7.83,4.81,1.4,0.192879,2.81362
2025-04-20,2024-2025,Man United,Wolves,0,1,AWAY_TEAM,0,0,12,4,2,2,9,2,R Jones,2.0,3.58,3.72,1.13966,0.187814
2025-04-20,2024-2025,Leicester,Liverpool,0,1,AWAY_TEAM,0,0,5,28,0,10,1,13,S Attwell,11.76,6.63,1.23,0.232205,4.52706
2025-04-21,2024-2025,Tottenham,Nott'm Forest,1,2,AWAY_TEAM,0,2,22,4,6,3,7,1,P Bankes,2.47,3.71,2.66,2.4024,0.557682
2025-04-22,2024-2025,Man City,Aston Villa,2,1,HOME_TEAM,1,1,14,7,6,3,10,2,C Pawson,1.85,4.06,3.93,1.36232,1.85906
2025-04-23,2024-2025,Arsenal,Crystal Palace,2,2,DRAW,2,1,12,15,6,4,3,6,M Salisbury,1.41,4.66,8.13,1.92149,2.50515
2025-04-26,2024-2025,Southampton,Fulham,1,2,AWAY_TEAM,1,0,7,26,3,5,0,13,T Harrington,5.17,4.11,1.64,0.935581,1.9956
2025-04-26,2024-2025,Chelsea,Everton,1,0,HOME_TEAM,1,0,10,6,7,3,10,2,C Kavanagh,1.58,4.08,5.91,0.768313,0.916838
2025-04-26,2024-2025,Brighton,West Ham,3,2,HOME_TEAM,1,0,16,12,9,4,8,1,D England,1.67,4.14,4.76,1.29433,1.24134
2025-04-26,2024-2025,Newcastle,Ipswich,3,0,HOME_TEAM,1,0,25,4,5,0,11,2,M Salisbury,1.18,7.72,14.89,4.11539,0.127203
2025-04-26,2024-2025,Wolves,Leicester,3,0,HOME_TEAM,1,0,20,8,6,2,4,2,S Barrott,1.51,4.38,6.24,2.57666,1.04978
2025-04-27,2024-2025,Liverpool,Tottenham,5,1,HOME_TEAM,3,1,25,8,8,3,8,2,T Bramall,1.25,6.57,9.98,2.51104,0.512812
2025-04-27,2024-2025,Bournemouth,Man United,1,1,DRAW,1,0,8,25,1,6,5,10,P Bankes,1.67,4.13,4.77,0.60995,1.91039
2025-05-01,2024-2025,Nott'm Forest,Brentford,0,2,AWAY_TEAM,0,1,14,11,5,3,4,5,D England,2.17,3.55,3.27,0.670607,1.52054
2025-05-02,2024-2025,Man City,Wolves,1,0,HOME_TEAM,1,0,9,6,2,1,4,5,P Bankes,1.4,5.14,7.49,0.859463,0.622455
2025-05-03,2024-2025,Aston Villa,Fulham,1,0,HOME_TEAM,1,0,10,11,3,3,5,3,R Jones,1.79,3.88,4.32,1.29013,0.702787
2025-05-03,2024-2025,Everton,Ipswich,2,2,DRAW,2,1,8,12,3,5,3,3,L Smith,1.47,4.4,7.07,0.808481,1.14351
2025-05-03,2024-2025,Leicester,Southampton,2,0,HOME_TEAM,2,0,14,8,4,2,7,7,D Webb,2.33,3.62,2.93,1.60739,0.550774
2025-05-03,2024-2025,Arsenal,Bournemouth,1,2,AWAY_TEAM,1,0,13,9,4,2,2,3,J Gillett,2.08,3.6,3.47,2.05484,1.41783
2025-05-04,2024-2025,Brentford,Man United,4,3,HOME_TEAM,2,1,12,14,6,5,7,4,A Taylor,1.67,4.14,4.74,3.58737,1.13404
2025-05-04,2024-2025,Brighton,Newcastle,1,1,DRAW,1,0,5,13,2,5,1,4,C Pawson,2.86,3.77,2.31,0.687863,1.63777
2025-05-04,2024-2025,West Ham,Tottenham,1,1,DRAW,1,1,11,7,2,2,1,3,M Oliver,2.1,3.73,3.31,1.15166,0.847022
2025-05-04,2024-2025,Chelsea,Liverpool,3,1,HOME_TEAM,1,0,17,11,7,2,3,6,S Hooper,2.18,3.71,3.14,3.51944,1.4267
2025-05-05,2024-2025,Crystal Palace,Nott'm Forest,1,1,DRAW,0,0,20,12,3,4,7,4,A Madley,2.29,3.38,3.15,2.34037,0.63684
2025-05-10,2024-2025,Bournemouth,Aston Villa,0,1,AWAY_TEAM,0,1,10,6,4,3,10,0,S Attwell,2.45,3.68,2.71,1.02272,1.12376
2025-05-10,2024-2025,Wolves,Brighton,0,2,AWAY_TEAM,0,1,10,7,3,2,7,4,M Oliver,2.73,3.47,2.54,0.73395,1.41254
2025-05-10,2024-2025,Southampton,Man City,0,0,DRAW,0,0,2,26,0,5,1,15,T Robinson,13.37,7.58,1.19,0.136995,1.58463
2025-05-10,2024-2025,Ipswich,Brentford,0,1,AWAY_TEAM,0,1,11,15,4,5,5,6,S Barrott,4.94,4.2,1.65,0.717433,1.32077
2025-05-10,2024-2025,Fulham,Everton,1,3,AWAY_TEAM,1,1,18,11,6,7,5,5,M Salisbury,1.87,3.55,4.32,1.20869,1.32604
2025-05-11,2024-2025,Newcastle,Chelsea,2,0,HOME_TEAM,1,0,15,10,6,3,2,8,J Brooks,2.13,3.76,3.18,1.6703,0.646426
2025-05-11,2024-2025,Man United,West Ham,0,2,AWAY_TEAM,0,1,20,9,5,4,8,5,J Gillett,1.92,3.72,3.83,2.31287,2.15985
2025-05-11,2024-2025,Nott'm Forest,Leicester,2,2,DRAW,1,1,15,10,4,6,4,4,T Harrington,1.33,5.34,8.83,1.76909,1.22949
2025-05-11,2024-2025,Tottenham,Crystal Palace,0,2,AWAY_TEAM,0,1,8,23,1,10,4,8,C Kavanagh,2.65,3.68,2.5,0.806792,3.98546
2025-05-11,2024-2025,Liverpool,Arsenal,2,2,DRAW,2,0,14,15,5,7,3,1,A Taylor,2.06,3.54,3.57,2.74682,2.18795
2025-05-16,2024-2025,Aston Villa,Tottenham,2,0,HOME_TEAM,0,0,18,3,7,1,9,1,P Bankes,1.32,5.95,8.45,1.69061,0.523016
2025-05-16,2024-2025,Chelsea,Man United,1,0,HOME_TEAM,0,0,11,4,3,1,7,2,C Kavanagh,1.46,4.9,6.51,1.29571,0.337632
2025-05-18,2024-2025,Everton,Southampton,2,0,HOME_TEAM,2,0,13,6,5,2,4,5,M Oliver,1.4,4.79,7.93,2.67793,1.05025
2025-05-18,2024-2025,West Ham,Nott'm Forest,1,2,AWAY_TEAM,0,1,16,10,5,5,8,7,S Barrott,2.8,3.4,2.53,0.850457,2.14756
2025-05-18,2024-2025,Brentford,Fulham,2,3,AWAY_TEAM,2,1,11,16,6,7,5,3,J Gillett,1.93,3.9,3.64,2.43045,1.61741
2025-05-18,2024-2025,Leicester,Ipswich,2,0,HOME_TEAM,1,0,9,20,3,2,2,2,A Kitchen,2.33,3.59,2.94,0.788544,1.36957
2025-05-18,2024-2025,Arsenal,Newcastle,1,0,HOME_TEAM,0,0,12,14,4,5,10,7,S Hooper,2.01,3.59,3.7,1.15958,2.24634
2025-05-19,2024-2025,Brighton,Liverpool,3,2,HOME_TEAM,1,2,25,18,12,5,3,3,J Brooks,2.63,3.82,2.46,2.17789,3.065
2025-05-20,2024-2025,Man City,Bournemouth,3,1,HOME_TEAM,2,0,12,8,5,2,3,1,T Bramall,1.55,4.51,5.49,1.59779,0.962014
2025-05-20,2024-2025,Crystal Palace,Wolves,4,2,HOME_TEAM,2,1,14,12,10,3,0,10,D Webb,2.27,3.32,3.26,1.68451,1.42886
2025-05-25,2024-2025,Tottenham,Brighton,1,4,AWAY_TEAM,1,0,4,23,2,8,2,11,R Jones,4.23,4.43,1.71,1.85265,3.11624
2025-05-25,2024-2025,Wolves,Brentford,1,1,DRAW,0,1,18,13,6,7,8,3,C Pawson,2.71,3.76,2.43,1.10889,1.97196
2025-05-25,2024-2025,Nott'm Forest,Chelsea,0,1,AWAY_TEAM,0,0,10,6,2,2,7,4,A Taylor,3.09,3.72,2.2,1.58014,1.30874
2025-05-25,2024-2025,Newcastle,Everton,0,1,AWAY_TEAM,0,0,17,14,6,6,12,3,T Harrington,1.32,5.6,8.77,1.1591,1.07279
2025-05-25,2024-2025,Southampton,Arsenal,1,2,AWAY_TEAM,0,1,7,23,2,8,5,8,D Bond,9.45,5.83,1.29,0.598144,2.40711
2025-05-25,2024-2025,Liverpool,Crystal Palace,1,1,DRAW,0,1,14,8,3,5,11,0,D England,1.4,5.65,6.27,1.92122,1.4144
2025-05-25,2024-2025,Bournemouth,Leicester,2,0,HOME_TEAM,0,0,20,3,7,0,6,1,L Smith,1.33,5.61,8.35,2.72449,0.156702
2025-05-25,2024-2025,Fulham,Man City,0,2,AWAY_TEAM,0,1,13,20,3,5,1,6,A Madley,5.15,4.28,1.61,2.21797,2.45923
2025-05-25,2024-2025,Man United,Aston Villa,2,0,HOME_TEAM,0,0,25,6,10,1,4,3,T Bramall,4.37,4.16,1.73,2.96259,0.335222
2025-05-25,2024-2025,Ipswich,West Ham,1,3,AWAY_TEAM,0,1,14,10,4,6,4,0,T Robinson,2.99,3.85,2.21,0.893095,0.967379
2025-08-15,2025-2026,Liverpool,Bournemouth,4,2,HOME_TEAM,1,0,19,10,10,3,6,7,A Taylor,1.31,5.96,8.31,2.33007,1.57303
2025-08-16,2025-2026,Aston Villa,Newcastle,0,0,DRAW,0,0,3,16,3,3,3,6,C Pawson,2.3,3.56,2.94,0.318601,1.40098
2025-08-16,2025-2026,Brighton,Fulham,1,1,DRAW,0,0,10,7,4,2,4,3,S Barrott,1.92,3.62,3.91,1.44008,0.902883
2025-08-16,2025-2026,Sunderland,West Ham,3,0,HOME_TEAM,0,0,10,12,5,4,5,7,R Jones,3.17,3.38,2.26,0.724368,0.558948
2025-08-16,2025-2026,Tottenham,Burnley,3,0,HOME_TEAM,1,0,16,14,6,4,6,5,M Oliver,1.37,4.8,8.3,1.97858,0.734138
2025-08-16,2025-2026,Wolves,Man City,0,4,AWAY_TEAM,0,2,9,15,3,4,4,6,J Gillett,6.73,4.73,1.44,0.519436,2.29903
2025-08-17,2025-2026,Man United,Arsenal,0,1,AWAY_TEAM,0,1,22,9,7,3,3,4,S Hooper,3.57,3.56,2.01,1.37653,1.3304
2025-08-17,2025-2026,Nott'm Forest,Brentford,3,1,HOME_TEAM,3,0,11,10,5,3,5,5,P Bankes,2.15,3.36,3.43,1.7555,1.32516
2025-08-17,2025-2026,Chelsea,Crystal Palace,0,0,DRAW,0,0,19,12,3,4,11,2,D England,1.61,4.21,5.08,1.36793,1.03414
2025-08-18,2025-2026,Leeds,Everton,1,0,HOME_TEAM,0,0,21,7,3,1,7,2,C Kavanagh,2.39,3.29,2.96,2.3812,0.674338
2025-08-22,2025-2026,West Ham,Chelsea,1,5,AWAY_TEAM,1,3,12,12,4,7,7,5,M Oliver,4.68,3.88,1.71,0.978572,3.94997
2025-08-23,2025-2026,Man City,Tottenham,0,2,AWAY_TEAM,0,2,10,12,4,5,7,2,P Bankes,1.48,4.7,6.08,1.2475,1.28015
2025-08-23,2025-2026,Bournemouth,Wolves,1,0,HOME_TEAM,1,0,14,6,4,1,8,3,T Bramall,1.79,3.88,4.24,1.78462,0.373367
2025-08-23,2025-2026,Brentford,Aston Villa,1,0,HOME_TEAM,1,0,9,17,2,2,2,9,T Harrington,3.11,3.53,2.21,1.12964,0.976852
2025-08-23,2025-2026,Burnley,Sunderland,2,0,HOME_TEAM,0,0,7,9,2,1,4,3,M Salisbury,2.25,3.16,3.42,1.00381,1.12127
2025-08-23,2025-2026,Arsenal,Leeds,5,0,HOME_TEAM,2,0,18,3,5,1,2,2,J Gillett,1.27,5.93,10.61,2.73761,0.156761
2025-08-24,2025-2026,Fulham,Man United,1,1,DRAW,0,0,13,10,4,3,9,6,C Kavanagh,3.27,3.53,2.13,1.65333,1.54603
2025-08-24,2025-2026,Crystal Palace,Nott'm Forest,1,1,DRAW,1,0,8,9,4,1,1,3,A Taylor,2.35,3.26,3.07,1.10188,1.32987
2025-08-24,2025-2026,Everton,Brighton,2,0,HOME_TEAM,1,0,11,13,3,4,2,2,S Attwell,3.08,3.3,2.32,1.80116,2.08487
2025-08-25,2025-2026,Newcastle,Liverpool,2,3,AWAY_TEAM,0,1,10,5,3,4,7,1,S Hooper,3.3,3.83,2.02,1.96342,0.646559
2025-08-30,2025-2026,Chelsea,Fulham,2,0,HOME_TEAM,1,0,13,11,6,3,6,4,R Jones,1.55,4.35,5.6,2.4324,0.736228
2025-08-30,2025-2026,Man United,Burnley,3,2,HOME_TEAM,1,0,26,6,6,3,7,1,S Barrott,1.35,5.15,8.28,4.02237,1.32618
2025-08-30,2025-2026,Sunderland,Brentford,2,1,HOME_TEAM,0,0,12,7,3,4,3,4,A Taylor,2.92,3.27,2.46,1.57127,1.44604
2025-08-30,2025-2026,Tottenham,Bournemouth,0,1,AWAY_TEAM,0,1,5,20,1,6,0,8,S Hooper,1.73,4.06,4.29,0.17067,2.1201
2025-08-30,2025-2026,Wolves,Everton,2,3,AWAY_TEAM,1,2,12,10,4,4,2,2,M Oliver,2.66,3.19,2.74,0.943257,2.03791
2025-08-30,2025-2026,Leeds,Newcastle,0,0,DRAW,0,0,10,8,1,2,5,5,P Bankes,3.37,3.49,2.12,0.6773,0.303635
2025-08-31,2025-2026,Brighton,Man City,2,1,HOME_TEAM,0,1,12,12,7,3,3,2,D England,3.78,3.84,1.85,2.20864,2.13418
2025-08-31,2025-2026,Nott'm Forest,West Ham,0,3,AWAY_TEAM,0,0,11,12,3,8,9,7,C Pawson,1.69,3.74,5.03,0.716018,2.236
2025-08-31,2025-2026,Liverpool,Arsenal,1,0,HOME_TEAM,0,0,9,11,3,1,3,8,C Kavanagh,2.2,3.49,3.17,0.481404,0.485679
2025-08-31,2025-2026,Aston Villa,Crystal Palace,0,3,AWAY_TEAM,0,1,13,6,4,4,10,1,S Attwell,1.88,3.56,4.07,1.20586,2.59713
2025-09-13,2025-2026,Newcastle,Wolves,1,0,HOME_TEAM,1,0,16,8,4,3,10,4,C Kavanagh,1.43,4.62,7.45,1.19186,0.375942
2025-09-13,2025-2026,Brentford,Chelsea,2,2,DRAW,1,0,7,16,4,6,5,6,S Attwell,4.54,3.92,1.73,1.17533,0.755999
2025-09-13,2025-2026,West Ham,Tottenham,0,3,AWAY_TEAM,0,0,7,14,4,5,2,13,J Gillett,3.36,3.56,2.1,0.793248,1.51402
2025-09-13,2025-2026,Fulham,Leeds,1,0,HOME_TEAM,0,0,5,10,3,3,3,3,C Pawson,1.96,3.51,3.89,1.13979,0.830398
2025-09-13,2025-2026,Arsenal,Nott'm Forest,3,0,HOME_TEAM,1,0,16,5,5,1,8,4,D England,1.38,4.85,8.16,2.8817,0.293681
2025-09-13,2025-2026,Crystal Palace,Sunderland,0,0,DRAW,0,0,14,6,6,0,5,3,T Bramall,1.66,3.76,5.42,1.75805,0.354129
2025-09-13,2025-2026,Bournemouth,Brighton,2,1,HOME_TEAM,1,0,13,6,5,2,4,4,P Bankes,2.38,3.5,2.87,1.44187,0.624923
2025-09-13,2025-2026,Everton,Aston Villa,0,0,DRAW,0,0,20,7,2,1,10,3,S Hooper,2.44,3.27,2.95,1.8927,0.354327
2025-09-14,2025-2026,Burnley,Liverpool,0,1,AWAY_TEAM,0,0,3,27,0,4,1,13,M Oliver,8.6,5.43,1.33,0.168041,2.79492
2025-09-14,2025-2026,Man City,Man United,3,0,HOME_TEAM,1,0,13,12,6,2,2,4,A Taylor,1.76,3.99,4.19,1.99725,1.51915
2025-09-20,2025-2026,Liverpool,Everton,2,1,HOME_TEAM,2,0,11,9,3,2,5,4,D England,1.45,4.65,6.7,1.06166,0.721371
2025-09-20,2025-2026,Brighton,Tottenham,2,2,DRAW,2,1,12,11,4,3,2,10,C Kavanagh,2.25,3.61,3.0,1.40466,1.19181
2025-09-20,2025-2026,Burnley,Nott'm Forest,1,1,DRAW,1,1,12,17,5,8,4,5,T Bramall,3.36,3.37,2.18,1.14159,0.830779
2025-09-20,2025-2026,West Ham,Crystal Palace,1,2,AWAY_TEAM,0,1,8,18,3,3,8,8,T Harrington,2.98,3.36,2.37,0.466365,2.33565
2025-09-20,2025-2026,Wolves,Leeds,1,3,AWAY_TEAM,1,3,16,6,6,4,4,0,A Taylor,2.67,3.16,2.74,1.5661,0.456988
2025-09-20,2025-2026,Man United,Chelsea,2,1,HOME_TEAM,2,0,11,5,4,1,5,5,P Bankes,2.68,3.69,2.44,1.34458,0.469843
2025-09-20,2025-2026,Fulham,Brentford,3,1,HOME_TEAM,2,1,14,8,3,3,2,10,M Oliver,2.02,3.48,3.69,1.52431,0.826556
2025-09-21,2025-2026,Arsenal,Man City,1,1,DRAW,0,1,12,5,3,3,11,2,S Attwell,1.9,3.7,3.85,0.718575,1.1227
2025-09-21,2025-2026,Sunderland,Aston Villa,1,1,DRAW,0,0,14,12,4,2,6,5,S Barrott,3.56,3.34,2.1,0.938312,0.939354
2025-09-21,2025-2026,Bournemouth,Newcastle,0,0,DRAW,0,0,11,4,2,1,5,2,R Jones,2.44,3.45,2.78,0.55066,0.153629
2025-09-27,2025-2026,Brentford,Man United,3,1,HOME_TEAM,2,1,10,14,8,6,4,2,C Pawson,3.4,3.77,2.02,2.78726,2.23609
2025-09-27,2025-2026,Chelsea,Brighton,1,3,AWAY_TEAM,1,0,13,12,3,3,5,7,S Hooper,1.86,3.86,3.86,2.02653,2.4751
2025-09-27,2025-2026,Crystal Palace,Liverpool,2,1,HOME_TEAM,1,0,16,20,7,4,2,6,C Kavanagh,3.82,3.72,1.91,3.53323,3.10176
2025-09-27,2025-2026,Leeds,Bournemouth,2,2,DRAW,1,1,19,12,8,5,7,4,M Oliver,2.98,3.29,2.41,2.04728,1.06033
2025-09-27,2025-2026,Man City,Burnley,5,1,HOME_TEAM,1,1,21,9,8,2,10,2,R Jones,1.17,7.48,15.54,3.22133,0.509491
2025-09-27,2025-2026,Nott'm Forest,Sunderland,0,1,AWAY_TEAM,0,1,22,11,6,3,7,4,T Harrington,1.77,3.67,4.64,1.4203,1.94154
2025-09-27,2025-2026,Tottenham,Wolves,1,1,DRAW,0,0,10,9,3,3,10,9,M Salisbury,1.47,4.57,6.38,0.818711,1.15951
2025-09-28,2025-2026,Aston Villa,Fulham,3,1,HOME_TEAM,1,1,9,11,4,4,2,8,A Madley,2.29,3.19,3.3,1.36575,0.952612
2025-09-28,2025-2026,Newcastle,Arsenal,1,2,AWAY_TEAM,1,0,8,20,3,7,7,12,J Gillett,3.51,3.32,2.12,0.739851,2.07048
2025-09-29,2025-2026,Everton,West Ham,1,1,DRAW,1,0,12,14,6,3,3,5,S Barrott,1.72,3.69,4.83,0.909703,0.775766
2025-10-03,2025-2026,Bournemouth,Fulham,3,1,HOME_TEAM,0,0,11,12,6,4,4,3,S Hooper,1.97,3.5,3.85,1.33458,0.84335
2025-10-04,2025-2026,Man United,Sunderland,2,0,HOME_TEAM,2,0,15,8,6,3,2,3,S Attwell,1.5,4.55,5.98,1.9298,0.807119
2025-10-04,2025-2026,Chelsea,Liverpool,2,1,HOME_TEAM,1,0,12,12,6,2,7,2,A Taylor,2.87,3.7,2.28,1.23721,2.05981
2025-10-04,2025-2026,Leeds,Tottenham,1,2,AWAY_TEAM,1,1,16,9,4,3,4,1,T Bramall,2.75,3.46,2.49,1.48051,0.688198
2025-10-04,2025-2026,Arsenal,West Ham,2,0,HOME_TEAM,1,0,21,4,5,0,8,3,J Brooks,1.19,6.83,15.25,3.0585,0.864549
2025-10-05,2025-2026,Aston Villa,Burnley,2,1,HOME_TEAM,1,0,15,5,7,2,6,4,A Kitchen,1.59,4.0,5.76,1.73572,0.502292
2025-10-05,2025-2026,Everton,Crystal Palace,2,1,HOME_TEAM,0,1,14,15,7,8,2,4,M Salisbury,2.53,3.21,2.89,2.13876,2.17789
2025-10-05,2025-2026,Newcastle,Nott'm Forest,2,0,HOME_TEAM,0,0,18,5,9,4,8,1,P Bankes,1.58,4.21,5.46,3.81662,0.337689
2025-10-05,2025-2026,Wolves,Brighton,1,1,DRAW,1,0,6,17,3,6,2,8,J Gillett,3.67,3.6,1.99,0.369404,1.39158
2025-10-05,2025-2026,Brentford,Man City,0,1,AWAY_TEAM,0,1,6,10,1,4,3,2,D England,4.73,4.27,1.64,0.693758,1.09647
2025-10-18,2025-2026,Nott'm Forest,Chelsea,0,3,AWAY_TEAM,0,0,12,17,2,6,5,2,C Kavanagh,3.75,3.74,1.93,2.0555,2.5583
2025-10-18,2025-2026,Brighton,Newcastle,2,1,HOME_TEAM,1,0,13,16,5,3,8,4,C Pawson,2.61,3.48,2.62,0.857104,1.28313
2025-10-18,2025-2026,Burnley,Leeds,2,0,HOME_TEAM,1,0,4,19,3,4,1,5,T Robinson,3.3,3.25,2.26,0.509647,2.33152
2025-10-18,2025-2026,Crystal Palace,Bournemouth,3,3,DRAW,0,2,20,8,7,5,6,5,J Gillett,2.25,3.35,3.22,4.56284,2.0471
2025-10-18,2025-2026,Man City,Everton,2,0,HOME_TEAM,0,0,19,5,7,1,11,3,T Harrington,1.38,4.92,7.91,2.4799,0.794622
2025-10-18,2025-2026,Sunderland,Wolves,2,0,HOME_TEAM,1,0,8,16,2,3,3,2,R Jones,2.46,3.07,3.13,1.02481,0.676323
2025-10-18,2025-2026,Fulham,Arsenal,0,1,AWAY_TEAM,0,0,9,16,0,5,6,10,A Taylor,6.14,4.13,1.54,0.502332,2.07823
2025-10-19,2025-2026,Liverpool,Man United,1,2,AWAY_TEAM,0,1,19,12,6,4,9,4,M Oliver,1.6,4.4,4.89,2.60972,2.53117
2025-10-19,2025-2026,Tottenham,Aston Villa,1,2,AWAY_TEAM,1,1,9,8,3,2,6,6,S Hooper,2.06,3.56,3.42,1.51461,0.352231
2025-10-20,2025-2026,West Ham,Brentford,0,2,AWAY_TEAM,0,1,7,22,1,7,6,10,A Madley,2.46,3.37,2.82,0.260251,3.46635
2025-10-24,2025-2026,Leeds,West Ham,2,1,HOME_TEAM,2,0,13,9,5,3,3,4,S Attwell,1.81,3.57,4.59,2.2214,0.498653
2025-10-25,2025-2026,Chelsea,Sunderland,1,2,AWAY_TEAM,1,1,16,10,7,4,9,1,A Madley,1.37,4.99,8.31,1.21332,1.5506
2025-10-25,2025-2026,Newcastle,Fulham,2,1,HOME_TEAM,1,0,18,12,7,5,4,3,P Bankes,1.62,3.97,5.44,2.76806,1.52001
2025-10-25,2025-2026,Man United,Brighton,4,2,HOME_TEAM,2,0,13,17,9,5,1,6,A Taylor,2.0,3.83,3.45,1.96231,0.947154
2025-10-25,2025-2026,Brentford,Liverpool,3,2,HOME_TEAM,2,1,17,18,8,5,5,4,S Hooper,4.28,4.13,1.73,3.27126,2.11838
2025-10-26,2025-2026,Arsenal,Crystal Palace,1,0,HOME_TEAM,1,0,10,7,3,1,4,3,T Bramall,1.41,4.6,7.76,0.856175,0.350534
2025-10-26,2025-2026,Aston Villa,Man City,1,0,HOME_TEAM,1,0,9,18,3,4,5,6,M Oliver,4.08,3.8,1.83,0.843906,1.36914
2025-10-26,2025-2026,Bournemouth,Nott'm Forest,2,0,HOME_TEAM,2,0,13,8,5,4,6,4,S Barrott,1.79,3.79,4.29,0.656601,0.305493
2025-10-26,2025-2026,Wolves,Burnley,2,3,AWAY_TEAM,2,2,15,11,7,7,5,3,T Harrington,1.97,3.3,4.06,2.58132,1.54544
2025-10-26,2025-2026,Everton,Tottenham,0,3,AWAY_TEAM,0,2,12,7,2,4,9,8,C Pawson,2.35,3.38,2.99,1.4032,2.09327
2025-11-01,2025-2026,Nott'm Forest,Man United,2,2,DRAW,0,1,17,18,3,7,8,5,D England,3.41,3.67,2.05,1.55066,0.91622
2025-11-01,2025-2026,Tottenham,Chelsea,0,1,AWAY_TEAM,0,1,3,15,1,9,6,5,J Gillett,2.71,3.52,2.5,0.146954,3.34251
2025-11-01,2025-2026,Fulham,Wolves,3,0,HOME_TEAM,1,0,19,5,6,2,10,1,J Brooks,1.84,3.46,4.51,1.91207,0.209934
2025-11-01,2025-2026,Liverpool,Aston Villa,2,0,HOME_TEAM,1,0,16,10,4,3,1,4,S Attwell,1.63,4.32,4.81,1.47021,0.43502
2025-11-01,2025-2026,Burnley,Arsenal,0,2,AWAY_TEAM,0,2,3,12,0,8,1,6,C Kavanagh,10.97,5.65,1.28,0.679177,2.51649
2025-11-01,2025-2026,Brighton,Leeds,3,0,HOME_TEAM,1,0,14,5,7,2,4,7,M Oliver,1.85,3.74,4.11,2.64127,0.35919
2025-11-01,2025-2026,Crystal Palace,Brentford,2,0,HOME_TEAM,1,0,9,6,2,2,6,5,P Bankes,1.92,3.65,3.85,0.734558,0.820498
2025-11-02,2025-2026,Man City,Bournemouth,3,1,HOME_TEAM,2,1,15,8,8,5,10,4,A Taylor,1.49,4.64,5.9,2.48999,0.899846
2025-11-02,2025-2026,West Ham,Newcastle,3,1,HOME_TEAM,2,1,15,12,9,4,7,6,R Jones,4.99,4.08,1.64,1.41383,0.523615
2025-11-03,2025-2026,Sunderland,Everton,1,1,DRAW,0,1,17,8,3,2,4,1,T Bramall,2.74,3.12,2.67,1.18068,1.00741
2025-11-08,2025-2026,Tottenham,Man United,2,2,DRAW,0,1,10,5,4,2,5,3,S Barrott,2.65,3.58,2.52,1.35532,0.820256
2025-11-08,2025-2026,Everton,Fulham,2,0,HOME_TEAM,1,0,14,8,5,4,7,5,A Madley,2.2,3.28,3.4,2.30607,0.424478
2025-11-08,2025-2026,West Ham,Burnley,3,2,HOME_TEAM,1,1,15,16,6,7,7,4,M Salisbury,1.94,3.5,3.98,2.96728,1.87478
2025-11-08,2025-2026,Sunderland,Arsenal,2,2,DRAW,1,0,6,17,2,7,2,2,C Pawson,8.39,4.67,1.39,1.20495,2.32943
2025-11-08,2025-2026,Chelsea,Wolves,3,0,HOME_TEAM,0,0,20,3,8,0,10,1,A Kitchen,1.36,5.06,8.27,3.98342,0.111462
2025-11-09,2025-2026,Aston Villa,Bournemouth,4,0,HOME_TEAM,2,0,16,13,8,4,6,9,J Brooks,2.19,3.45,3.25,1.88282,2.00992
2025-11-09,2025-2026,Brentford,Newcastle,3,1,HOME_TEAM,0,1,15,5,7,1,6,2,S Attwell,2.84,3.4,2.45,2.73729,0.432277
2025-11-09,2025-2026,Crystal Palace,Brighton,0,0,DRAW,0,0,10,7,2,3,4,8,T Robinson,2.27,3.52,3.04,0.839547,0.637037
2025-11-09,2025-2026,Nott'm Forest,Leeds,3,1,HOME_TEAM,1,1,14,10,6,3,6,4,J Gillett,2.22,3.32,3.29,2.49097,0.419461
2025-11-09,2025-2026,Man City,Liverpool,3,0,HOME_TEAM,2,0,14,7,6,1,7,7,C Kavanagh,1.88,3.92,3.72,1.59542,1.0281
2025-11-22,2025-2026,Newcastle,Man City,2,1,HOME_TEAM,0,0,9,17,5,4,5,9,S Barrott,3.54,3.75,1.98,2.40555,2.45648
2025-11-22,2025-2026,Wolves,Crystal Palace,0,2,AWAY_TEAM,0,0,8,10,1,4,1,4,A Taylor,3.86,3.5,1.97,1.66409,1.44933
2025-11-22,2025-2026,Fulham,Sunderland,1,0,HOME_TEAM,0,0,24,4,6,2,7,4,D England,2.1,3.24,3.74,2.83729,0.222768
2025-11-22,2025-2026,Liverpool,Nott'm Forest,0,3,AWAY_TEAM,0,1,21,15,4,7,8,6,A Madley,1.42,4.86,6.97,1.79273,1.19459
2025-11-22,2025-2026,Brighton,Brentford,2,1,HOME_TEAM,0,1,14,10,5,4,7,4,C Kavanagh,1.93,3.66,3.82,0.977488,2.19979
2025-11-22,2025-2026,Bournemouth,West Ham,2,2,DRAW,0,2,28,5,10,2,9,2,T Bramall,1.62,4.09,5.14,3.48299,0.390782
2025-11-22,2025-2026,Burnley,Chelsea,0,2,AWAY_TEAM,0,1,8,15,2,5,1,9,P Bankes,6.56,4.45,1.48,0.660943,1.72093
2025-11-23,2025-2026,Leeds,Aston Villa,1,2,AWAY_TEAM,1,0,14,14,5,3,3,3,R Jones,3.04,3.25,2.37,1.84668,1.35978
2025-11-23,2025-2026,Arsenal,Tottenham,4,1,HOME_TEAM,2,0,17,3,8,2,4,1,M Oliver,1.39,4.66,8.03,2.27827,0.0300672
2025-11-24,2025-2026,Man United,Everton,0,1,AWAY_TEAM,0,1,25,3,6,1,9,1,T Harrington,1.74,3.83,4.49,2.2737,0.155063
2025-11-29,2025-2026,Tottenham,Fulham,1,2,AWAY_TEAM,0,2,14,7,2,3,8,2,S Attwell,2.18,3.39,3.33,1.04396,0.494736
2025-11-29,2025-2026,Everton,Newcastle,1,4,AWAY_TEAM,0,3,10,13,2,8,8,7,C Pawson,2.79,3.31,2.55,1.01125,2.45882
2025-11-29,2025-2026,Sunderland,Bournemouth,3,2,HOME_TEAM,1,2,12,18,6,6,6,3,T Robinson,3.04,3.3,2.35,1.16955,1.79274
2025-11-29,2025-2026,Man City,Leeds,3,2,HOME_TEAM,2,0,18,9,9,4,8,1,P Bankes,1.23,6.42,11.78,2.85292,1.75142
2025-11-29,2025-2026,Brentford,Burnley,3,1,HOME_TEAM,0,0,14,6,4,2,5,6,S Barrott,1.45,4.54,6.96,3.72106,0.874025
2025-11-30,2025-2026,Crystal Palace,Man United,1,2,AWAY_TEAM,1,0,14,14,3,6,4,4,R Jones,2.32,3.51,2.93,2.13561,1.47768
2025-11-30,2025-2026,Aston Villa,Wolves,1,0,HOME_TEAM,0,0,16,9,6,4,7,3,C Kavanagh,1.48,4.39,6.57,1.15486,0.692588
2025-11-30,2025-2026,Nott'm Forest,Brighton,0,2,AWAY_TEAM,0,1,19,17,3,6,9,2,M Oliver,2.72,3.36,2.54,0.960325,2.0572
2025-11-30,2025-2026,West Ham,Liverpool,0,2,AWAY_TEAM,0,0,7,9,0,5,7,2,D England,4.28,4.06,1.74,0.364152,1.56793
2025-11-30,2025-2026,Chelsea,Arsenal,1,1,DRAW,0,0,11,8,4,4,3,3,A Taylor,3.33,3.35,2.18,0.791914,1.22828
2025-12-02,2025-2026,Newcastle,Tottenham,2,2,DRAW,0,0,19,8,7,2,11,8,T Bramall,1.8,3.78,4.24,1.88558,1.05205
2025-12-02,2025-2026,Bournemouth,Everton,0,1,AWAY_TEAM,0,0,5,13,2,3,1,6,M Salisbury,2.2,3.29,3.38,0.635415,1.19573
2025-12-02,2025-2026,Fulham,Man City,4,5,AWAY_TEAM,1,3,12,11,6,4,7,2,C Pawson,4.66,4.04,1.69,0.972635,1.96225
2025-12-03,2025-2026,Arsenal,Brentford,2,0,HOME_TEAM,1,0,15,6,7,1,4,8,T Harrington,1.35,4.97,8.94,2.63126,0.588716
2025-12-03,2025-2026,Brighton,Aston Villa,3,4,AWAY_TEAM,2,2,16,14,7,10,5,6,A Madley,2.15,3.48,3.33,1.96298,3.15745
2025-12-03,2025-2026,Burnley,Crystal Palace,0,1,AWAY_TEAM,0,1,11,3,4,3,3,4,T Kirk,4.57,3.71,1.77,1.16852,0.987797
2025-12-03,2025-2026,Wolves,Nott'm Forest,0,1,AWAY_TEAM,0,0,5,10,1,3,3,9,T Robinson,3.28,3.3,2.24,1.02461,1.12389
2025-12-03,2025-2026,Leeds,Chelsea,3,1,HOME_TEAM,2,0,17,14,5,2,4,2,D England,4.31,3.87,1.78,2.2047,0.964018
2025-12-03,2025-2026,Liverpool,Sunderland,1,1,DRAW,0,0,23,9,4,6,7,3,S Attwell,1.35,5.29,8.05,1.37633,0.712662
2025-12-04,2025-2026,Man United,West Ham,1,1,DRAW,0,0,17,11,4,3,6,6,A Kitchen,1.43,4.81,6.59,2.27674,1.36584
2025-12-06,2025-2026,Aston Villa,Arsenal,2,1,HOME_TEAM,1,0,15,15,6,9,3,3,P Bankes,4.13,3.45,1.91,2.71986,1.85965
2025-12-06,2025-2026,Bournemouth,Chelsea,0,0,DRAW,0,0,13,11,5,4,5,0,M Oliver,3.14,3.67,2.16,1.41931,0.672602
2025-12-06,2025-2026,Everton,Nott'm Forest,3,0,HOME_TEAM,2,0,11,7,5,3,6,3,C Kavanagh,2.17,3.25,3.52,1.25348,0.31234
2025-12-06,2025-2026,Man City,Sunderland,3,0,HOME_TEAM,2,0,18,8,6,1,6,5,A Madley,1.24,6.22,11.38,2.41605,0.626486
2025-12-06,2025-2026,Newcastle,Burnley,2,1,HOME_TEAM,2,0,17,9,7,3,9,9,S Attwell,1.28,5.72,10.39,1.80708,1.58375
2025-12-06,2025-2026,Tottenham,Brentford,2,0,HOME_TEAM,2,0,15,4,7,1,7,6,R Jones,2.31,3.44,3.03,2.42388,0.470563
2025-12-06,2025-2026,Leeds,Liverpool,3,3,DRAW,0,0,12,16,5,7,5,4,A Taylor,3.95,3.9,1.84,1.79333,2.04805
2025-12-07,2025-2026,Fulham,Crystal Palace,1,2,AWAY_TEAM,1,1,12,11,4,5,6,4,S Barrott,2.57,3.27,2.77,0.766771,1.71109
2025-12-07,2025-2026,Brighton,West Ham,1,1,DRAW,0,0,22,14,4,5,10,6,S Hooper,1.55,4.32,5.63,2.10077,1.7064
2025-12-08,2025-2026,Wolves,Man United,1,4,AWAY_TEAM,1,1,8,27,2,10,1,9,M Salisbury,4.22,3.9,1.77,0.262147,4.04708
2025-12-13,2025-2026,Chelsea,Everton,2,0,HOME_TEAM,2,0,17,11,5,2,4,7,T Bramall,1.66,3.9,5.09,2.64457,1.34
2025-12-13,2025-2026,Liverpool,Brighton,2,0,HOME_TEAM,1,0,18,14,4,1,2,2,C Pawson,1.67,4.17,4.62,2.4127,1.69004
2025-12-13,2025-2026,Burnley,Fulham,2,3,AWAY_TEAM,1,2,16,6,8,4,10,4,M Oliver,3.93,3.48,1.95,2.05486,1.65053
2025-12-13,2025-2026,Arsenal,Wolves,2,1,HOME_TEAM,0,0,16,3,2,2,8,0,R Jones,1.12,8.62,22.31,1.61796,0.61997
2025-12-14,2025-2026,Crystal Palace,Man City,0,3,AWAY_TEAM,0,1,16,7,4,6,2,2,D England,3.98,3.81,1.83,1.30092,1.35317
2025-12-14,2025-2026,Nott'm Forest,Tottenham,3,0,HOME_TEAM,1,0,15,6,6,1,3,3,S Barrott,2.55,3.28,2.76,2.32658,0.380246
2025-12-14,2025-2026,Sunderland,Newcastle,1,0,HOME_TEAM,0,0,5,6,1,2,3,6,P Bankes,3.26,3.33,2.22,0.630045,0.169329
2025-12-14,2025-2026,West Ham,Aston Villa,2,3,AWAY_TEAM,2,1,10,7,3,4,5,3,A Taylor,3.63,3.51,2.0,1.27701,0.595093
2025-12-14,2025-2026,Brentford,Leeds,1,1,DRAW,0,0,7,18,2,4,0,3,J Brooks,1.94,3.54,3.85,0.697006,1.63409
2025-12-15,2025-2026,Man United,Bournemouth,4,4,DRAW,2,1,25,14,9,9,5,4,S Hooper,1.82,3.98,3.84,3.21204,2.35196
2025-12-20,2025-2026,Leeds,Crystal Palace,4,1,HOME_TEAM,2,0,20,9,8,3,9,5,T Bramall,2.6,3.25,2.76,2.90786,1.53058
2025-12-20,2025-2026,Everton,Arsenal,0,1,AWAY_TEAM,0,1,5,13,1,2,2,3,S Barrott,6.03,3.89,1.57,0.213273,1.84723
2025-12-20,2025-2026,Tottenham,Liverpool,1,2,AWAY_TEAM,0,0,15,8,4,4,2,6,J Brooks,3.36,3.71,2.02,1.34905,1.23164
2025-12-20,2025-2026,Man City,West Ham,3,0,HOME_TEAM,2,0,17,7,8,3,6,0,P Tierney,1.2,7.36,11.88,3.58188,1.02143
2025-12-20,2025-2026,Brighton,Sunderland,0,0,DRAW,0,0,16,14,4,6,3,4,D England,1.65,3.95,5.16,0.919272,1.31044
2025-12-20,2025-2026,Bournemouth,Burnley,1,1,DRAW,0,0,16,4,1,1,5,3,C Kavanagh,1.47,4.44,6.59,1.81847,0.480528
2025-12-20,2025-2026,Newcastle,Chelsea,2,2,DRAW,2,0,11,13,5,4,6,4,A Madley,2.73,3.51,2.47,2.87863,1.0261
2025-12-20,2025-2026,Wolves,Brentford,0,2,AWAY_TEAM,0,0,9,7,2,6,3,4,M Donohue,3.59,3.48,2.05,1.26823,1.56309
2025-12-21,2025-2026,Aston Villa,Man United,2,1,HOME_TEAM,1,1,12,15,4,6,5,5,M Oliver,2.1,3.64,3.26,1.86917,1.30455
2025-12-22,2025-2026,Fulham,Nott'm Forest,1,0,HOME_TEAM,1,0,11,12,1,2,1,5,A Taylor,2.42,3.27,2.93,1.70568,0.486296
2025-12-26,2025-2026,Man United,Newcastle,1,0,HOME_TEAM,1,0,10,16,4,3,2,11,A Taylor,2.47,3.58,2.67,0.940811,1.12998
2025-12-27,2025-2026,Chelsea,Aston Villa,1,2,AWAY_TEAM,1,0,14,11,3,8,6,7,S Attwell,1.84,3.82,3.97,1.97155,2.05918
2025-12-27,2025-2026,Nott'm Forest,Man City,1,2,AWAY_TEAM,0,0,7,16,2,5,5,5,R Jones,5.21,4.24,1.59,0.600141,1.46468
2025-12-27,2025-2026,Arsenal,Brighton,2,1,HOME_TEAM,1,0,24,8,6,3,7,2,J Brooks,1.41,4.73,7.34,2.54318,0.710064
2025-12-27,2025-2026,Brentford,Bournemouth,4,1,HOME_TEAM,2,0,15,20,7,10,2,15,P Bankes,2.25,3.57,2.98,2.8513,2.56183
2025-12-27,2025-2026,Burnley,Everton,0,0,DRAW,0,0,16,15,0,6,6,5,C Pawson,4.03,3.33,1.96,1.24948,1.25204
2025-12-27,2025-2026,Liverpool,Wolves,2,1,HOME_TEAM,2,0,14,9,4,4,6,4,S Hooper,1.24,6.31,11.25,1.56502,0.780664
2025-12-27,2025-2026,West Ham,Fulham,0,1,AWAY_TEAM,0,0,11,15,2,4,5,4,C Kavanagh,2.65,3.38,2.59,1.13719,1.11436
2025-12-28,2025-2026,Crystal Palace,Tottenham,0,1,AWAY_TEAM,0,1,15,8,2,4,3,2,J Gillett,2.25,3.33,3.19,0.929681,0.870768
2025-12-28,2025-2026,Sunderland,Leeds,1,1,DRAW,1,0,8,17,3,6,3,9,T Harrington,2.56,3.18,2.8,0.805957,2.60653
2025-12-30,2025-2026,Burnley,Newcastle,1,3,AWAY_TEAM,1,2,15,20,4,9,3,4,R Jones,5.5,4.11,1.59,1.32551,2.49248
2025-12-30,2025-2026,Chelsea,Bournemouth,2,2,DRAW,2,2,17,17,3,6,12,3,S Barrott,1.51,4.56,5.81,2.33294,3.49142
2025-12-30,2025-2026,Nott'm Forest,Everton,0,2,AWAY_TEAM,0,1,21,11,6,3,9,2,M Oliver,2.12,3.21,3.7,1.75445,1.69525
2025-12-30,2025-2026,West Ham,Brighton,2,2,DRAW,2,1,10,16,4,6,5,5,M Salisbury,3.41,3.67,2.04,2.27644,3.08914
2025-12-30,2025-2026,Arsenal,Aston Villa,4,1,HOME_TEAM,0,0,22,11,7,3,3,3,D England,1.43,4.68,7.02,4.41335,2.94195
2025-12-30,2025-2026,Man United,Wolves,1,1,DRAW,1,1,15,11,6,4,8,4,T Bramall,1.37,5.06,8.09,1.13306,1.21784
2026-01-01,2025-2026,Sunderland,Man City,0,0,DRAW,0,0,10,14,4,4,3,5,J Gillett,7.81,4.82,1.39,0.962141,2.44247
2026-01-01,2025-2026,Crystal Palace,Fulham,1,1,DRAW,1,0,11,17,2,5,6,3,T Harrington,2.17,3.34,3.4,2.35346,1.75434
2026-01-01,2025-2026,Liverpool,Leeds,0,0,DRAW,0,0,19,4,4,2,8,3,C Kavanagh,1.53,4.41,5.83,1.67833,0.15936
2026-01-01,2025-2026,Brentford,Tottenham,0,0,DRAW,0,0,7,9,2,3,3,1,A Madley,2.11,3.49,3.35,0.556304,0.608309
2026-01-03,2025-2026,Brighton,Burnley,2,0,HOME_TEAM,1,0,15,5,4,3,4,4,T Robinson,1.49,4.35,6.56,1.4717,0.254551
2026-01-03,2025-2026,Wolves,West Ham,3,0,HOME_TEAM,3,0,11,6,8,0,6,7,P Bankes,2.48,3.37,2.82,2.23925,0.235678
2026-01-03,2025-2026,Aston Villa,Nott'm Forest,3,1,HOME_TEAM,1,0,11,10,4,5,4,4,S Hooper,1.76,3.74,4.54,1.42988,0.8982
2026-01-03,2025-2026,Bournemouth,Arsenal,2,3,AWAY_TEAM,1,1,15,12,3,5,7,5,C Kavanagh,6.13,4.57,1.48,0.947846,1.28
2026-01-04,2025-2026,Man City,Chelsea,1,1,DRAW,1,0,14,8,3,3,8,2,M Oliver,1.63,4.39,4.66,1.03049,2.03726
2026-01-04,2025-2026,Fulham,Liverpool,2,2,DRAW,1,0,8,10,2,2,3,8,C Pawson,3.74,3.68,1.92,0.609182,1.7188
2026-01-04,2025-2026,Tottenham,Sunderland,1,1,DRAW,1,0,13,10,5,3,3,5,S Attwell,1.8,3.65,4.37,1.4175,0.467481
2026-01-04,2025-2026,Newcastle,Crystal Palace,2,0,HOME_TEAM,0,0,12,11,7,1,8,6,J Brooks,1.67,3.92,4.89,2.72764,1.27825
2026-01-04,2025-2026,Everton,Brentford,2,4,AWAY_TEAM,0,1,14,11,6,7,4,5,A Taylor,2.36,3.19,3.1,1.00566,3.05179
2026-01-04,2025-2026,Leeds,Man United,1,1,DRAW,0,0,11,15,3,2,6,4,J Gillett,2.68,3.44,2.56,0.970138,1.94781
2026-01-06,2025-2026,West Ham,Nott'm Forest,1,2,AWAY_TEAM,1,0,14,13,3,5,6,5,T Harrington,3.1,3.33,2.3,1.73697,1.26683
2026-01-07,2025-2026,Bournemouth,Tottenham,3,2,HOME_TEAM,2,1,11,16,3,4,3,7,D England,2.11,3.62,3.27,1.19014,1.6261
2026-01-07,2025-2026,Brentford,Sunderland,3,0,HOME_TEAM,1,0,18,11,6,3,7,4,M Donohue,1.83,3.56,4.36,3.86096,1.50644
2026-01-07,2025-2026,Crystal Palace,Aston Villa,0,0,DRAW,0,0,11,15,5,3,3,5,A Madley,3.08,3.36,2.31,1.32505,2.07015
2026-01-07,2025-2026,Everton,Wolves,1,1,DRAW,1,0,13,13,2,4,2,7,T Kirk,1.76,3.55,4.85,1.63321,0.71329
2026-01-07,2025-2026,Fulham,Chelsea,2,1,HOME_TEAM,0,0,16,14,5,6,2,11,P Bankes,3.38,3.59,2.07,1.06013,2.45107
2026-01-07,2025-2026,Man City,Brighton,1,1,DRAW,1,0,22,6,6,3,6,2,T Bramall,1.37,5.23,7.27,2.95904,1.33162
2026-01-07,2025-2026,Burnley,Man United,2,2,DRAW,1,0,7,30,1,10,2,6,S Attwell,4.68,3.95,1.7,0.31971,2.52488
2026-01-07,2025-2026,Newcastle,Leeds,4,3,HOME_TEAM,1,2,18,14,8,6,8,4,M Salisbury,1.67,3.87,5.02,2.43495,2.35318
2026-01-08,2025-2026,Arsenal,Liverpool,0,0,DRAW,0,0,9,8,4,0,3,0,A Taylor,1.6,4.11,5.25,0.701832,0.318642
2026-01-17,2025-2026,Nott'm Forest,Arsenal,0,0,DRAW,0,0,6,15,0,3,4,9,M Oliver,6.1,4.16,1.54,0.318481,2.86323
2026-01-17,2025-2026,Tottenham,West Ham,1,2,AWAY_TEAM,0,1,21,17,6,4,11,5,J Gillett,1.71,3.91,4.63,1.65292,2.76761
2026-01-17,2025-2026,Sunderland,Crystal Palace,2,1,HOME_TEAM,1,1,13,6,7,2,3,4,R Jones,2.69,3.15,2.74,1.84601,1.15169
2026-01-17,2025-2026,Leeds,Fulham,1,0,HOME_TEAM,0,0,14,8,5,1,7,3,C Kavanagh,2.17,3.33,3.41,2.16898,0.258796
2026-01-17,2025-2026,Chelsea,Brentford,2,0,HOME_TEAM,1,0,6,15,2,5,3,9,J Brooks,1.69,3.97,4.75,1.62263,1.47521
2026-01-17,2025-2026,Man United,Man City,2,0,HOME_TEAM,0,0,11,7,7,1,1,6,A Taylor,3.55,3.87,1.94,3.07278,0.387015
2026-01-17,2025-2026,Liverpool,Burnley,1,1,DRAW,1,0,32,7,11,1,9,1,A Madley,1.22,6.4,12.44,3.49045,0.546971
2026-01-18,2025-2026,Wolves,Newcastle,0,0,DRAW,0,0,6,12,2,2,4,7,S Barrott,4.6,3.98,1.7,0.390216,0.813313
2026-01-18,2025-2026,Aston Villa,Everton,0,1,AWAY_TEAM,0,0,18,9,5,3,6,4,T Harrington,1.66,3.87,5.09,0.905393,0.745859
2026-01-19,2025-2026,Brighton,Bournemouth,1,1,DRAW,0,1,17,11,5,2,11,6,P Tierney,1.85,3.92,3.75,0.995777,1.69737
2026-01-24,2025-2026,West Ham,Sunderland,3,1,HOME_TEAM,3,0,13,7,5,2,3,3,T Bramall,2.51,3.24,2.85,2.18675,0.713838
2026-01-24,2025-2026,Burnley,Tottenham,2,2,DRAW,1,1,9,18,4,11,1,3,P Bankes,3.64,3.39,2.05,1.54884,2.59093
2026-01-24,2025-2026,Fulham,Brighton,2,1,HOME_TEAM,0,1,12,13,4,5,6,6,M Oliver,2.54,3.42,2.71,1.13243,1.94652
2026-01-24,2025-2026,Man City,Wolves,2,0,HOME_TEAM,2,0,11,11,4,1,4,6,F Hallam,1.21,6.68,12.0,1.0654,0.542683
2026-01-24,2025-2026,Bournemouth,Liverpool,3,2,HOME_TEAM,2,1,12,14,5,4,3,11,M Salisbury,3.73,3.87,1.89,3.31474,0.937335
2026-01-25,2025-2026,Newcastle,Aston Villa,0,2,AWAY_TEAM,0,1,15,14,4,8,6,5,J Gillett,1.98,3.66,3.54,1.95484,1.32143
2026-01-25,2025-2026,Brentford,Nott'm Forest,0,2,AWAY_TEAM,0,1,10,7,1,2,6,5,S Barrott,1.9,3.49,4.02,2.00413,1.38958
2026-01-25,2025-2026,Crystal Palace,Chelsea,1,3,AWAY_TEAM,0,1,13,10,7,6,4,5,D England,3.5,3.66,2.0,2.41793,3.08817
2026-01-25,2025-2026,Arsenal,Man United,2,3,AWAY_TEAM,1,1,15,10,4,3,9,2,C Pawson,1.55,4.08,5.89,1.42411,0.640902
2026-01-26,2025-2026,Everton,Leeds,1,1,DRAW,0,1,10,14,3,4,4,4,S Hooper,2.48,3.15,2.92,0.889916,1.6766
2026-01-31,2025-2026,Brighton,Everton,1,1,DRAW,0,0,11,7,2,4,5,2,C Kavanagh,1.86,3.6,4.13,1.42825,1.28126
2026-01-31,2025-2026,Leeds,Arsenal,0,4,AWAY_TEAM,0,2,3,14,1,8,4,12,S Attwell,6.16,4.1,1.54,0.17871,3.54427
2026-01-31,2025-2026,Wolves,Bournemouth,0,2,AWAY_TEAM,0,1,17,9,7,4,5,6,M Oliver,2.95,3.5,2.31,2.10353,1.59116
2026-01-31,2025-2026,Chelsea,West Ham,3,2,HOME_TEAM,0,2,14,11,6,6,9,3,A Taylor,1.49,4.53,6.05,2.66133,1.72585
2026-01-31,2025-2026,Liverpool,Newcastle,4,1,HOME_TEAM,2,1,17,8,7,2,7,11,S Hooper,1.77,3.99,4.12,3.09973,0.284319
2026-02-01,2025-2026,Aston Villa,Brentford,0,1,AWAY_TEAM,0,1,27,6,5,2,12,1,T Robinson,2.08,3.47,3.46,2.15316,0.314916
2026-02-01,2025-2026,Man United,Fulham,3,2,HOME_TEAM,1,0,13,14,6,6,3,7,J Brooks,1.58,4.32,5.2,1.84362,1.71998
2026-02-01,2025-2026,Nott'm Forest,Crystal Palace,1,1,DRAW,1,1,9,14,1,3,5,7,M Salisbury,1.95,3.48,3.88,0.987254,1.648
2026-02-01,2025-2026,Tottenham,Man City,2,2,DRAW,0,2,12,15,6,3,3,4,R Jones,4.41,4.06,1.71,1.49738,2.03614
2026-02-02,2025-2026,Sunderland,Burnley,3,0,HOME_TEAM,2,0,14,5,5,0,1,2,P Tierney,1.8,3.42,4.73,1.8865,0.126371
2026-02-06,2025-2026,Leeds,Nott'm Forest,3,1,HOME_TEAM,2,0,14,16,5,6,5,10,P Bankes,2.21,3.26,3.37,3.38179,1.6608
2026-02-07,2025-2026,Newcastle,Brentford,2,3,AWAY_TEAM,1,2,16,11,4,5,9,3,A Madley,2.05,3.53,3.51,3.3215,1.65022
2026-02-07,2025-2026,Wolves,Chelsea,1,3,AWAY_TEAM,0,3,11,15,3,6,3,4,J Gillett,4.9,4.05,1.65,1.11372,3.76278
2026-02-07,2025-2026,Burnley,West Ham,0,2,AWAY_TEAM,0,2,18,6,5,4,5,2,D England,3.28,3.5,2.14,1.84644,1.1223
2026-02-07,2025-2026,Fulham,Everton,1,2,AWAY_TEAM,1,0,13,16,3,3,6,6,S Attwell,2.1,3.27,3.64,2.20126,1.88778
2026-02-07,2025-2026,Arsenal,Sunderland,3,0,HOME_TEAM,1,0,16,5,5,3,5,2,S Barrott,1.21,6.23,14.08,1.19401,0.427225
2026-02-07,2025-2026,Man United,Tottenham,2,0,HOME_TEAM,1,0,23,7,10,1,7,0,M Oliver,1.57,4.54,4.97,2.16576,0.593404
2026-02-07,2025-2026,Bournemouth,Aston Villa,1,1,DRAW,0,1,20,7,9,4,11,4,A Taylor,2.68,3.6,2.46,1.82646,0.646496
2026-02-08,2025-2026,Brighton,Crystal Palace,0,1,AWAY_TEAM,0,0,7,7,2,4,3,4,T Bramall,1.96,3.57,3.68,0.737798,0.928404
2026-02-08,2025-2026,Liverpool,Man City,1,2,AWAY_TEAM,0,0,15,17,4,7,5,4,C Pawson,2.34,3.68,2.76,1.26652,2.41476
2026-02-10,2025-2026,Chelsea,Leeds,2,2,DRAW,1,0,19,4,4,2,4,1,R Jones,1.55,4.28,5.66,3.21176,1.28948
2026-02-10,2025-2026,Everton,Bournemouth,1,2,AWAY_TEAM,1,0,16,11,6,4,7,2,A Madley,2.41,3.35,2.91,2.33114,1.4121
2026-02-10,2025-2026,Tottenham,Newcastle,1,2,AWAY_TEAM,0,1,16,21,2,5,2,12,A Taylor,3.18,3.48,2.2,1.68925,2.46991
2026-02-10,2025-2026,West Ham,Man United,1,1,DRAW,0,0,7,9,3,3,5,3,S Hooper,4.36,4.23,1.7,1.30746,0.735767
2026-02-11,2025-2026,Aston Villa,Brighton,1,0,HOME_TEAM,0,0,15,9,1,3,7,5,P Bankes,1.92,3.67,3.79,0.576138,0.481306
2026-02-11,2025-2026,Crystal Palace,Burnley,2,3,AWAY_TEAM,2,3,21,8,3,3,8,2,F Hallam,1.55,3.98,6.18,2.1276,0.691273
2026-02-11,2025-2026,Man City,Fulham,3,0,HOME_TEAM,3,0,13,14,5,3,4,4,P Tierney,1.34,5.33,8.08,1.67722,1.05283
2026-02-11,2025-2026,Nott'm Forest,Wolves,0,0,DRAW,0,0,35,7,10,3,8,2,T Robinson,1.69,3.72,5.09,3.69094,0.406959
2026-02-11,2025-2026,Sunderland,Liverpool,0,1,AWAY_TEAM,0,0,11,23,2,3,3,11,C Kavanagh,4.65,3.83,1.72,0.693794,3.08172
2026-02-12,2025-2026,Brentford,Arsenal,1,1,DRAW,0,0,12,7,3,2,6,4,J Brooks,4.83,3.86,1.69,1.81154,0.78418
2026-02-18,2025-2026,Wolves,Arsenal,2,2,DRAW,0,1,5,10,2,4,1,3,P Tierney,10.94,5.48,1.28,0.173119,2.01018
2026-02-21,2025-2026,West Ham,Bournemouth,0,0,DRAW,0,0,20,10,3,5,9,5,S Barrott,2.41,3.65,2.71,2.34412,0.522731
2026-02-21,2025-2026,Chelsea,Burnley,1,1,DRAW,1,0,12,12,2,4,9,5,L Smith,1.2,6.7,12.88,2.51534,1.01255
2026-02-21,2025-2026,Man City,Newcastle,2,1,HOME_TEAM,2,1,15,13,7,7,5,5,T Bramall,1.46,4.92,5.82,2.22648,0.507954
2026-02-21,2025-2026,Aston Villa,Leeds,1,1,DRAW,0,1,16,14,4,4,7,2,M Oliver,1.84,3.62,4.24,1.25439,1.27855
2026-02-21,2025-2026,Brentford,Brighton,0,2,AWAY_TEAM,0,2,13,11,3,7,6,4,J Gillett,2.01,3.7,3.45,1.69023,1.37203
2026-02-22,2025-2026,Sunderland,Fulham,1,3,AWAY_TEAM,0,0,12,12,2,4,6,4,C Pawson,2.65,3.27,2.67,1.7609,2.16696
2026-02-22,2025-2026,Tottenham,Arsenal,1,4,AWAY_TEAM,1,1,6,20,5,7,2,5,P Bankes,5.83,3.98,1.56,0.383264,3.31701
2026-02-22,2025-2026,Crystal Palace,Wolves,1,0,HOME_TEAM,0,0,14,12,3,7,7,3,T Kirk,1.62,3.99,5.26,2.03559,1.67749
2026-02-22,2025-2026,Nott'm Forest,Liverpool,0,1,AWAY_TEAM,0,0,18,10,2,4,7,2,A Taylor,4.08,3.88,1.8,0.934768,2.39634
2026-02-23,2025-2026,Everton,Man United,0,1,AWAY_TEAM,0,0,12,11,4,3,10,1,D England,3.57,3.73,1.94,0.560924,1.4547
