date,season,home_team,away_team,home_goals,away_goals,result,home_goals_ht,away_goals_ht,home_shots,away_shots,home_shots_ot,away_shots_ot,home_corners,away_corners,referee
2020-09-12,2020-2021,Fulham,Arsenal,0,3,AWAY_TEAM,0,1,5,13,2,6,2,3,C Kavanagh
2020-09-12,2020-2021,Crystal Palace,Southampton,1,0,HOME_TEAM,1,0,5,9,3,5,7,3,J Moss
2020-09-12,2020-2021,Liverpool,Leeds,4,3,HOME_TEAM,3,2,22,6,6,3,9,0,M Oliver
2020-09-12,2020-2021,West Ham,Newcastle,0,2,AWAY_TEAM,0,0,15,15,3,2,8,7,S Attwell
2020-09-13,2020-2021,West Brom,Leicester,0,3,AWAY_TEAM,0,0,7,13,1,7,2,5,A Taylor
2020-09-13,2020-2021,Tottenham,Everton,0,1,AWAY_TEAM,0,0,9,15,5,4,5,3,M Atkinson
2020-09-14,2020-2021,Brighton,Chelsea,1,3,AWAY_TEAM,0,1,13,10,3,5,4,3,C Pawson
2020-09-14,2020-2021,Sheffield United,Wolves,0,2,AWAY_TEAM,0,2,9,11,2,4,12,5,M Dean
2020-09-19,2020-2021,Everton,West Brom,5,2,HOME_TEAM,2,1,17,6,7,4,11,1,M Dean
2020-09-19,2020-2021,Leeds,Fulham,4,3,HOME_TEAM,2,1,10,14,7,6,5,3,A Taylor
2020-09-19,2020-2021,Man United,Crystal Palace,1,3,AWAY_TEAM,0,1,13,14,4,5,9,3,M Atkinson
2020-09-19,2020-2021,Arsenal,West Ham,2,1,HOME_TEAM,1,1,7,14,3,3,7,5,M Oliver
2020-09-20,2020-2021,Southampton,Tottenham,2,5,AWAY_TEAM,1,1,14,9,7,6,3,2,D Coote
2020-09-20,2020-2021,Newcastle,Brighton,0,3,AWAY_TEAM,0,2,6,13,0,6,7,1,K Friend
2020-09-20,2020-2021,Chelsea,Liverpool,0,2,AWAY_TEAM,0,0,5,18,3,6,1,11,P Tierney
2020-09-20,2020-2021,Leicester,Burnley,4,2,HOME_TEAM,1,1,14,16,6,5,15,4,L Mason
2020-09-21,2020-2021,Wolves,Man City,1,3,AWAY_TEAM,0,2,10,14,1,9,4,6,A Marriner
2020-09-21,2020-2021,Aston Villa,Sheffield United,1,0,HOME_TEAM,0,0,18,4,2,1,10,4,G Scott
2020-09-26,2020-2021,Brighton,Man United,2,3,AWAY_TEAM,1,1,18,7,5,3,7,1,C Kavanagh
2020-09-26,2020-2021,Crystal Palace,Everton,1,2,AWAY_TEAM,1,2,8,10,1,5,7,6,K Friend
2020-09-26,2020-2021,West Brom,Chelsea,3,3,DRAW,3,0,9,22,3,10,3,9,J Moss
2020-09-26,2020-2021,Burnley,Southampton,0,1,AWAY_TEAM,0,1,10,5,2,1,8,2,A Marriner
2020-09-27,2020-2021,West Ham,Wolves,4,0,HOME_TEAM,1,0,15,11,7,2,1,3,M Atkinson
2020-09-27,2020-2021,Sheffield United,Leeds,0,1,AWAY_TEAM,0,0,14,17,4,9,5,7,P Tierney
2020-09-27,2020-2021,Tottenham,Newcastle,1,1,DRAW,1,0,23,6,12,1,10,4,P Bankes
2020-09-27,2020-2021,Man City,Leicester,2,5,AWAY_TEAM,1,1,16,7,5,7,3,4,M Oliver
2020-09-28,2020-2021,Fulham,Aston Villa,0,3,AWAY_TEAM,0,2,16,12,3,5,5,3,S Attwell
2020-09-28,2020-2021,Liverpool,Arsenal,3,1,HOME_TEAM,2,1,21,4,8,3,7,3,C Pawson
2020-10-03,2020-2021,Chelsea,Crystal Palace,4,0,HOME_TEAM,0,0,17,4,6,0,8,5,M Oliver
2020-10-03,2020-2021,Everton,Brighton,4,2,HOME_TEAM,2,1,11,11,6,3,3,10,S Hooper
2020-10-03,2020-2021,Leeds,Man City,1,1,DRAW,0,1,12,23,7,2,7,10,M Dean
2020-10-03,2020-2021,Newcastle,Burnley,3,1,HOME_TEAM,1,0,10,7,5,3,3,4,D Coote
2020-10-04,2020-2021,Man United,Tottenham,1,6,AWAY_TEAM,1,4,5,22,2,8,2,4,A Taylor
2020-10-04,2020-2021,Aston Villa,Liverpool,7,2,HOME_TEAM,4,1,18,14,11,8,2,7,M Atkinson
2020-10-04,2020-2021,Wolves,Fulham,1,0,HOME_TEAM,0,0,14,10,5,2,6,2,D England
2020-10-04,2020-2021,Leicester,West Ham,0,3,AWAY_TEAM,0,2,4,14,0,6,6,4,A Madley
2020-10-04,2020-2021,Southampton,West Brom,2,0,HOME_TEAM,1,0,13,5,7,2,5,1,C Kavanagh
2020-10-04,2020-2021,Arsenal,Sheffield United,2,1,HOME_TEAM,0,0,6,6,5,2,2,4,L Mason
2020-10-17,2020-2021,Everton,Liverpool,2,2,DRAW,1,1,11,22,5,8,2,5,M Oliver
2020-10-17,2020-2021,Chelsea,Southampton,3,3,DRAW,2,1,11,13,5,6,6,2,P Bankes
2020-10-17,2020-2021,Man City,Arsenal,1,0,HOME_TEAM,1,0,13,11,5,3,6,6,C Kavanagh
2020-10-17,2020-2021,Newcastle,Man United,1,4,AWAY_TEAM,1,1,7,28,4,14,0,7,C Pawson
2020-10-18,2020-2021,Sheffield United,Fulham,1,1,DRAW,0,0,10,15,6,6,2,5,A Marriner
2020-10-18,2020-2021,Crystal Palace,Brighton,1,1,DRAW,1,0,1,20,1,3,2,5,S Attwell
2020-10-18,2020-2021,Tottenham,West Ham,3,3,DRAW,3,0,11,13,6,4,3,7,P Tierney
2020-10-18,2020-2021,Leicester,Aston Villa,0,1,AWAY_TEAM,0,0,11,10,5,4,2,7,J Moss
2020-10-19,2020-2021,West Brom,Burnley,0,0,DRAW,0,0,13,9,6,4,8,2,A Taylor
2020-10-19,2020-2021,Leeds,Wolves,0,1,AWAY_TEAM,0,0,13,7,2,3,8,3,D Coote
2020-10-23,2020-2021,Aston Villa,Leeds,0,3,AWAY_TEAM,0,0,12,27,4,9,6,5,P Tierney
2020-10-24,2020-2021,Liverpool,Sheffield United,2,1,HOME_TEAM,1,1,17,13,5,2,7,3,M Dean
2020-10-24,2020-2021,Man United,Chelsea,0,0,DRAW,0,0,14,6,4,1,9,6,M Atkinson
2020-10-24,2020-2021,Fulham,Crystal Palace,1,2,AWAY_TEAM,0,1,16,14,3,10,4,4,G Scott
2020-10-24,2020-2021,West Ham,Man City,1,1,DRAW,1,0,6,14,2,7,2,10,A Taylor
2020-10-25,2020-2021,Southampton,Everton,2,0,HOME_TEAM,2,0,12,6,6,2,4,5,K Friend
2020-10-25,2020-2021,Wolves,Newcastle,1,1,DRAW,0,0,16,5,3,2,2,3,L Mason
2020-10-25,2020-2021,Arsenal,Leicester,0,1,AWAY_TEAM,0,0,12,6,4,2,9,3,C Pawson
2020-10-26,2020-2021,Brighton,West Brom,1,1,DRAW,1,0,5,9,3,3,6,2,J Moss
2020-10-26,2020-2021,Burnley,Tottenham,0,1,AWAY_TEAM,0,0,13,9,4,3,4,5,M Oliver
2020-10-30,2020-2021,Wolves,Crystal Palace,2,0,HOME_TEAM,2,0,15,11,5,2,7,6,M Atkinson
2020-10-31,2020-2021,Sheffield United,Man City,0,1,AWAY_TEAM,0,1,5,16,1,8,2,5,M Oliver
2020-10-31,2020-2021,Burnley,Chelsea,0,3,AWAY_TEAM,0,1,5,14,0,9,3,4,D Coote
2020-10-31,2020-2021,Liverpool,West Ham,2,1,HOME_TEAM,1,1,9,4,5,3,1,2,K Friend
2020-11-01,2020-2021,Man United,Arsenal,0,1,AWAY_TEAM,0,0,8,7,2,2,6,3,M Dean
2020-11-01,2020-2021,Aston Villa,Southampton,3,4,AWAY_TEAM,0,3,19,9,10,4,11,1,D England
2020-11-01,2020-2021,Newcastle,Everton,2,1,HOME_TEAM,0,0,11,15,4,4,5,4,S Attwell
2020-11-01,2020-2021,Tottenham,Brighton,2,1,HOME_TEAM,1,0,9,6,3,2,4,5,G Scott
2020-11-02,2020-2021,Leeds,Leicester,1,4,AWAY_TEAM,0,2,11,10,4,8,10,3,A Marriner
2020-11-02,2020-2021,Fulham,West Brom,2,0,HOME_TEAM,2,0,13,10,6,1,5,2,S Hooper
2020-11-06,2020-2021,Brighton,Burnley,0,0,DRAW,0,0,19,4,3,1,5,3,M Dean
2020-11-06,2020-2021,Southampton,Newcastle,2,0,HOME_TEAM,1,0,15,4,8,2,8,3,P Bankes
2020-11-07,2020-2021,Everton,Man United,1,3,AWAY_TEAM,1,2,7,13,1,5,5,2,P Tierney
2020-11-07,2020-2021,Crystal Palace,Leeds,4,1,HOME_TEAM,3,1,10,9,6,3,3,6,C Kavanagh
2020-11-07,2020-2021,Chelsea,Sheffield United,4,1,HOME_TEAM,2,1,20,6,9,3,6,7,J Moss
2020-11-07,2020-2021,West Ham,Fulham,1,0,HOME_TEAM,0,0,16,13,7,3,9,5,R Jones
2020-11-08,2020-2021,Arsenal,Aston Villa,0,3,AWAY_TEAM,0,1,13,15,2,6,3,8,M Atkinson
2020-11-08,2020-2021,Man City,Liverpool,1,1,DRAW,1,1,7,10,2,3,1,2,C Pawson
2020-11-08,2020-2021,Leicester,Wolves,1,0,HOME_TEAM,1,0,10,7,3,2,6,3,A Taylor
2020-11-08,2020-2021,West Brom,Tottenham,0,1,AWAY_TEAM,0,0,12,19,2,5,9,6,A Madley
2020-11-21,2020-2021,Newcastle,Chelsea,0,2,AWAY_TEAM,0,1,8,14,1,3,7,4,C Pawson
2020-11-21,2020-2021,Aston Villa,Brighton,1,2,AWAY_TEAM,0,1,15,7,4,3,12,3,M Oliver
2020-11-21,2020-2021,Tottenham,Man City,2,0,HOME_TEAM,1,0,4,22,2,5,0,10,M Dean
2020-11-21,2020-2021,Man United,West Brom,1,0,HOME_TEAM,0,0,17,7,7,2,8,2,D Coote
2020-11-22,2020-2021,Liverpool,Leicester,3,0,HOME_TEAM,2,0,24,11,13,4,10,3,C Kavanagh
2020-11-22,2020-2021,Sheffield United,West Ham,0,1,AWAY_TEAM,0,0,9,15,5,3,2,6,M Atkinson
2020-11-22,2020-2021,Fulham,Everton,2,3,AWAY_TEAM,1,3,14,9,6,7,2,5,A Madley
2020-11-22,2020-2021,Leeds,Arsenal,0,0,DRAW,0,0,25,9,4,2,5,3,A Taylor
2020-11-23,2020-2021,Burnley,Crystal Palace,1,0,HOME_TEAM,1,0,10,15,4,5,4,7,K Friend
2020-11-23,2020-2021,Wolves,Southampton,1,1,DRAW,0,0,20,7,9,2,7,4,A Marriner
2020-11-27,2020-2021,Crystal Palace,Newcastle,0,2,AWAY_TEAM,0,0,12,14,3,7,7,3,G Scott
2020-11-28,2020-2021,Brighton,Liverpool,1,1,DRAW,0,0,11,6,3,2,4,3,S Attwell
2020-11-28,2020-2021,Man City,Burnley,5,0,HOME_TEAM,3,0,19,9,6,1,6,4,L Mason
2020-11-28,2020-2021,Everton,Leeds,0,1,AWAY_TEAM,0,0,15,23,8,7,4,2,C Kavanagh
2020-11-28,2020-2021,West Brom,Sheffield United,1,0,HOME_TEAM,1,0,17,21,6,5,14,9,M Dean
2020-11-29,2020-2021,Southampton,Man United,2,3,AWAY_TEAM,2,0,10,15,5,6,5,9,J Moss
2020-11-29,2020-2021,Chelsea,Tottenham,0,0,DRAW,0,0,13,5,3,1,3,3,P Tierney
2020-11-29,2020-2021,Arsenal,Wolves,1,2,AWAY_TEAM,1,2,13,11,2,5,8,4,M Oliver
2020-11-30,2020-2021,Leicester,Fulham,1,2,AWAY_TEAM,0,2,16,10,3,5,6,5,S Hooper
2020-11-30,2020-2021,West Ham,Aston Villa,2,1,HOME_TEAM,1,1,6,16,2,6,3,7,P Bankes
2020-12-05,2020-2021,Chelsea,Leeds,3,1,HOME_TEAM,1,1,23,8,11,3,8,4,K Friend
2020-12-05,2020-2021,West Ham,Man United,1,3,AWAY_TEAM,1,0,19,15,6,6,5,4,A Marriner
2020-12-05,2020-2021,Man City,Fulham,2,0,HOME_TEAM,2,0,16,6,6,1,9,3,J Moss
2020-12-05,2020-2021,Burnley,Everton,1,1,DRAW,1,1,8,13,3,6,8,4,A Taylor
2020-12-06,2020-2021,West Brom,Crystal Palace,1,5,AWAY_TEAM,1,1,9,18,4,6,4,6,P Tierney
2020-12-06,2020-2021,Sheffield United,Leicester,1,2,AWAY_TEAM,1,1,4,13,1,4,6,5,S Attwell
2020-12-06,2020-2021,Tottenham,Arsenal,2,0,HOME_TEAM,2,0,6,11,3,2,3,9,M Atkinson
2020-12-06,2020-2021,Liverpool,Wolves,4,0,HOME_TEAM,1,0,11,9,6,3,4,6,C Pawson
2020-12-07,2020-2021,Brighton,Southampton,1,2,AWAY_TEAM,1,1,12,10,4,3,4,3,D Coote
2020-12-11,2020-2021,Leeds,West Ham,1,2,AWAY_TEAM,1,1,13,19,7,8,5,6,M Oliver
2020-12-12,2020-2021,Wolves,Aston Villa,0,1,AWAY_TEAM,0,0,16,13,7,2,5,8,M Dean
2020-12-12,2020-2021,Newcastle,West Brom,2,1,HOME_TEAM,1,0,12,13,7,3,4,3,D England
2020-12-12,2020-2021,Man United,Man City,0,0,DRAW,0,0,11,9,2,2,4,3,C Kavanagh
2020-12-12,2020-2021,Everton,Chelsea,1,0,HOME_TEAM,1,0,9,10,4,3,6,6,J Moss
2020-12-13,2020-2021,Arsenal,Burnley,0,1,AWAY_TEAM,0,0,18,10,6,2,13,4,G Scott
2020-12-13,2020-2021,Fulham,Liverpool,1,1,DRAW,1,0,10,12,5,6,6,8,A Marriner
2020-12-13,2020-2021,Leicester,Brighton,3,0,HOME_TEAM,3,0,15,12,6,4,9,5,M Atkinson
2020-12-13,2020-2021,Southampton,Sheffield United,3,0,HOME_TEAM,1,0,16,3,6,0,8,4,A Madley
2020-12-13,2020-2021,Crystal Palace,Tottenham,1,1,DRAW,0,1,16,14,5,6,4,7,K Friend
2020-12-15,2020-2021,Wolves,Chelsea,2,1,HOME_TEAM,0,0,12,13,4,3,5,6,S Attwell
2020-12-15,2020-2021,Man City,West Brom,1,1,DRAW,1,1,26,5,7,1,13,2,P Bankes
2020-12-16,2020-2021,West Ham,Crystal Palace,1,1,DRAW,0,1,9,8,2,2,5,3,D Coote
2020-12-16,2020-2021,Fulham,Brighton,0,0,DRAW,0,0,9,9,4,4,1,8,R Jones
2020-12-16,2020-2021,Liverpool,Tottenham,2,1,HOME_TEAM,1,1,17,8,11,2,7,4,A Taylor
2020-12-16,2020-2021,Leeds,Newcastle,5,2,HOME_TEAM,1,1,25,10,10,4,7,4,S Hooper
2020-12-16,2020-2021,Arsenal,Southampton,1,1,DRAW,0,1,9,13,4,3,2,7,P Tierney
2020-12-16,2020-2021,Leicester,Everton,0,2,AWAY_TEAM,0,1,14,11,2,6,4,6,L Mason
2020-12-17,2020-2021,Aston Villa,Burnley,0,0,DRAW,0,0,27,6,7,4,11,1,C Pawson
2020-12-17,2020-2021,Sheffield United,Man United,2,3,AWAY_TEAM,1,2,12,14,6,8,6,3,M Oliver
2020-12-19,2020-2021,Newcastle,Fulham,1,1,DRAW,0,1,12,11,5,4,2,9,G Scott
2020-12-19,2020-2021,Crystal Palace,Liverpool,0,7,AWAY_TEAM,0,3,5,14,3,8,5,4,J Moss
2020-12-19,2020-2021,Southampton,Man City,0,1,AWAY_TEAM,0,1,9,11,3,5,6,6,M Dean
2020-12-19,2020-2021,Everton,Arsenal,2,1,HOME_TEAM,2,1,9,13,2,2,4,3,A Marriner
2020-12-20,2020-2021,Man United,Leeds,6,2,HOME_TEAM,4,1,26,17,14,3,11,13,A Taylor
2020-12-20,2020-2021,West Brom,Aston Villa,0,3,AWAY_TEAM,0,1,1,19,1,10,1,7,M Atkinson
2020-12-20,2020-2021,Brighton,Sheffield United,1,1,DRAW,0,0,21,5,5,3,14,2,P Bankes
2020-12-20,2020-2021,Tottenham,Leicester,0,2,AWAY_TEAM,0,1,8,17,3,4,5,3,C Pawson
2020-12-21,2020-2021,Chelsea,West Ham,3,0,HOME_TEAM,1,0,11,6,7,0,5,4,C Kavanagh
2020-12-21,2020-2021,Burnley,Wolves,2,1,HOME_TEAM,1,0,10,15,4,3,1,7,L Mason
2020-12-26,2020-2021,Leicester,Man United,2,2,DRAW,1,1,10,9,2,4,5,0,M Dean
2020-12-26,2020-2021,Aston Villa,Crystal Palace,3,0,HOME_TEAM,1,0,21,13,10,6,4,4,A Taylor
2020-12-26,2020-2021,Fulham,Southampton,0,0,DRAW,0,0,10,3,1,2,6,3,D England
2020-12-26,2020-2021,Arsenal,Chelsea,3,1,HOME_TEAM,2,0,15,19,7,3,7,9,M Oliver
2020-12-26,2020-2021,Man City,Newcastle,2,0,HOME_TEAM,1,0,11,7,6,2,7,3,A Marriner
2020-12-26,2020-2021,Sheffield United,Everton,0,1,AWAY_TEAM,0,0,10,7,2,3,6,3,D Coote
2020-12-27,2020-2021,Leeds,Burnley,1,0,HOME_TEAM,1,0,11,14,4,6,4,12,R Jones
2020-12-27,2020-2021,West Ham,Brighton,2,2,DRAW,0,1,11,13,4,4,5,4,S Hooper
2020-12-27,2020-2021,Liverpool,West Brom,1,1,DRAW,1,0,17,5,2,3,8,3,K Friend
2020-12-27,2020-2021,Wolves,Tottenham,1,1,DRAW,0,1,11,6,6,3,9,2,P Tierney
2020-12-28,2020-2021,Crystal Palace,Leicester,1,1,DRAW,0,0,4,17,1,3,2,5,G Scott
2020-12-28,2020-2021,Chelsea,Aston Villa,1,1,DRAW,1,0,16,10,5,2,11,4,S Attwell
2020-12-29,2020-2021,Man United,Wolves,1,0,HOME_TEAM,0,0,11,9,3,5,2,2,J Moss
2020-12-29,2020-2021,Southampton,West Ham,0,0,DRAW,0,0,8,8,3,3,4,3,A Madley
2020-12-29,2020-2021,West Brom,Leeds,0,5,AWAY_TEAM,0,4,4,14,1,6,3,10,L Mason
2020-12-29,2020-2021,Brighton,Arsenal,0,1,AWAY_TEAM,0,0,13,11,2,3,5,4,M Atkinson
2020-12-29,2020-2021,Burnley,Sheffield United,1,0,HOME_TEAM,1,0,5,7,3,3,3,5,C Kavanagh
2020-12-30,2020-2021,Newcastle,Liverpool,0,0,DRAW,0,0,8,11,2,4,5,12,P Tierney
2021-01-01,2020-2021,Everton,West Ham,0,1,AWAY_TEAM,0,0,10,11,2,5,5,4,K Friend
2021-01-01,2020-2021,Man United,Aston Villa,2,1,HOME_TEAM,1,0,19,5,9,5,5,10,M Oliver
2021-01-02,2020-2021,West Brom,Arsenal,0,4,AWAY_TEAM,0,2,7,21,3,12,3,5,M Atkinson
2021-01-02,2020-2021,Tottenham,Leeds,3,0,HOME_TEAM,2,0,20,18,7,5,3,5,D Coote
2021-01-02,2020-2021,Crystal Palace,Sheffield United,2,0,HOME_TEAM,2,0,9,7,4,2,3,6,S Attwell
2021-01-02,2020-2021,Brighton,Wolves,3,3,DRAW,1,3,13,11,4,4,5,8,A Madley
2021-01-03,2020-2021,Newcastle,Leicester,1,2,AWAY_TEAM,0,0,8,9,2,3,3,6,R Jones
2021-01-03,2020-2021,Chelsea,Man City,1,3,AWAY_TEAM,0,3,9,18,2,6,5,3,A Taylor
2021-01-04,2020-2021,Southampton,Liverpool,1,0,HOME_TEAM,1,0,7,17,3,1,1,10,A Marriner
2021-01-12,2020-2021,Sheffield United,Newcastle,1,0,HOME_TEAM,0,0,17,7,4,3,5,2,A Madley
2021-01-12,2020-2021,Burnley,Man United,0,1,AWAY_TEAM,0,0,11,13,0,7,3,4,K Friend
2021-01-12,2020-2021,Wolves,Everton,1,2,AWAY_TEAM,1,1,12,5,3,3,6,5,M Atkinson
2021-01-13,2020-2021,Man City,Brighton,1,0,HOME_TEAM,1,0,16,5,6,1,8,4,D England
2021-01-13,2020-2021,Tottenham,Fulham,1,1,DRAW,1,0,15,15,6,4,6,5,P Tierney
2021-01-14,2020-2021,Arsenal,Crystal Palace,0,0,DRAW,0,0,11,12,4,2,7,3,A Marriner
2021-01-16,2020-2021,Wolves,West Brom,2,3,AWAY_TEAM,2,1,23,12,6,5,11,0,M Oliver
2021-01-16,2020-2021,Leeds,Brighton,0,1,AWAY_TEAM,0,1,7,7,2,2,5,2,K Friend
2021-01-16,2020-2021,West Ham,Burnley,1,0,HOME_TEAM,1,0,15,10,4,2,7,4,C Kavanagh
2021-01-16,2020-2021,Fulham,Chelsea,0,1,AWAY_TEAM,0,0,10,21,3,6,1,12,P Bankes
2021-01-16,2020-2021,Leicester,Southampton,2,0,HOME_TEAM,1,0,16,8,5,3,2,5,S Attwell
2021-01-17,2020-2021,Sheffield United,Tottenham,1,3,AWAY_TEAM,0,2,15,14,5,5,5,7,A Marriner
2021-01-17,2020-2021,Liverpool,Man United,0,0,DRAW,0,0,17,8,3,4,7,3,P Tierney
2021-01-17,2020-2021,Man City,Crystal Palace,4,0,HOME_TEAM,1,0,13,2,6,0,11,1,L Mason
2021-01-18,2020-2021,Arsenal,Newcastle,3,0,HOME_TEAM,0,0,20,4,6,1,7,2,D Coote
2021-01-19,2020-2021,West Ham,West Brom,2,1,HOME_TEAM,1,0,14,6,6,2,3,1,G Scott
2021-01-19,2020-2021,Leicester,Chelsea,2,0,HOME_TEAM,2,0,8,9,6,5,6,3,C Pawson
2021-01-20,2020-2021,Man City,Aston Villa,2,0,HOME_TEAM,0,0,28,11,9,4,16,2,J Moss
2021-01-20,2020-2021,Fulham,Man United,1,2,AWAY_TEAM,1,1,12,15,5,5,2,8,M Atkinson
2021-01-21,2020-2021,Liverpool,Burnley,0,1,AWAY_TEAM,0,0,27,6,6,4,12,0,M Dean
2021-01-23,2020-2021,Aston Villa,Newcastle,2,0,HOME_TEAM,2,0,14,7,5,1,5,4,S Hooper
2021-01-26,2020-2021,West Brom,Man City,0,5,AWAY_TEAM,0,4,4,18,1,7,3,8,C Kavanagh
2021-01-26,2020-2021,Southampton,Arsenal,1,3,AWAY_TEAM,1,2,13,9,5,5,4,5,K Friend
2021-01-26,2020-2021,Crystal Palace,West Ham,2,3,AWAY_TEAM,1,2,6,17,3,7,3,4,S Attwell
2021-01-26,2020-2021,Newcastle,Leeds,1,2,AWAY_TEAM,0,1,22,9,5,2,9,5,A Taylor
2021-01-27,2020-2021,Burnley,Aston Villa,3,2,HOME_TEAM,0,1,10,18,5,10,2,4,P Tierney
2021-01-27,2020-2021,Chelsea,Wolves,0,0,DRAW,0,0,14,4,5,0,13,1,A Madley
2021-01-27,2020-2021,Brighton,Fulham,0,0,DRAW,0,0,16,10,5,3,10,0,C Pawson
2021-01-27,2020-2021,Everton,Leicester,1,1,DRAW,1,0,8,19,2,6,5,11,M Dean
2021-01-27,2020-2021,Man United,Sheffield United,1,2,AWAY_TEAM,0,1,16,5,4,3,7,2,P Bankes
2021-01-28,2020-2021,Tottenham,Liverpool,1,3,AWAY_TEAM,0,1,3,14,2,7,1,2,M Atkinson
2021-01-30,2020-2021,Southampton,Aston Villa,0,1,AWAY_TEAM,0,1,20,8,5,4,7,1,L Mason
2021-01-30,2020-2021,Everton,Newcastle,0,2,AWAY_TEAM,0,0,11,13,3,3,7,12,S Attwell
2021-01-30,2020-2021,Crystal Palace,Wolves,1,0,HOME_TEAM,0,0,11,6,2,4,1,6,S Hooper
2021-01-30,2020-2021,Man City,Sheffield United,1,0,HOME_TEAM,1,0,10,4,5,1,10,0,D Coote
2021-01-30,2020-2021,West Brom,Fulham,2,2,DRAW,0,1,5,12,3,7,2,3,A Taylor
2021-01-30,2020-2021,Arsenal,Man United,0,0,DRAW,0,0,17,14,3,3,4,7,M Oliver
2021-01-31,2020-2021,Brighton,Tottenham,1,0,HOME_TEAM,1,0,16,8,5,4,9,2,P Bankes
2021-01-31,2020-2021,West Ham,Liverpool,1,3,AWAY_TEAM,0,0,8,14,2,5,6,5,J Moss
2021-01-31,2020-2021,Leicester,Leeds,1,3,AWAY_TEAM,1,1,18,8,8,7,6,4,C Kavanagh
2021-01-31,2020-2021,Chelsea,Burnley,2,0,HOME_TEAM,1,0,19,1,8,0,4,2,G Scott
2021-02-02,2020-2021,Sheffield United,West Brom,2,1,HOME_TEAM,0,1,14,8,6,4,9,2,P Tierney
2021-02-02,2020-2021,Wolves,Arsenal,2,1,HOME_TEAM,1,1,11,9,7,3,9,6,C Pawson
2021-02-02,2020-2021,Man United,Southampton,9,0,HOME_TEAM,4,0,24,3,14,1,5,3,M Dean
2021-02-02,2020-2021,Newcastle,Crystal Palace,1,2,AWAY_TEAM,1,2,21,6,5,3,9,1,D England
2021-02-03,2020-2021,Burnley,Man City,0,2,AWAY_TEAM,0,2,2,17,0,6,1,3,M Atkinson
2021-02-03,2020-2021,Fulham,Leicester,0,2,AWAY_TEAM,0,2,8,9,1,5,5,2,R Jones
2021-02-03,2020-2021,Leeds,Everton,1,2,AWAY_TEAM,0,2,16,10,7,6,7,1,M Oliver
2021-02-03,2020-2021,Aston Villa,West Ham,1,3,AWAY_TEAM,0,0,9,20,2,10,7,3,A Madley
2021-02-03,2020-2021,Liverpool,Brighton,0,1,AWAY_TEAM,0,0,11,13,1,4,6,3,K Friend
2021-02-04,2020-2021,Tottenham,Chelsea,0,1,AWAY_TEAM,0,1,7,18,2,2,2,7,A Marriner
2021-02-06,2020-2021,Fulham,West Ham,0,0,DRAW,0,0,20,8,2,1,7,3,M Dean
2021-02-06,2020-2021,Newcastle,Southampton,3,2,HOME_TEAM,3,1,6,14,4,5,0,7,C Pawson
2021-02-06,2020-2021,Man United,Everton,3,3,DRAW,2,0,14,6,5,3,5,1,J Moss
2021-02-06,2020-2021,Aston Villa,Arsenal,1,0,HOME_TEAM,1,0,12,14,8,3,3,7,C Kavanagh
2021-02-06,2020-2021,Burnley,Brighton,1,1,DRAW,0,1,20,10,7,2,8,7,A Taylor
2021-02-07,2020-2021,Tottenham,West Brom,2,0,HOME_TEAM,0,0,13,4,6,1,8,0,S Attwell
2021-02-07,2020-2021,Wolves,Leicester,0,0,DRAW,0,0,13,13,1,3,8,2,M Atkinson
2021-02-07,2020-2021,Liverpool,Man City,1,4,AWAY_TEAM,0,0,8,8,3,5,6,1,M Oliver
2021-02-07,2020-2021,Sheffield United,Chelsea,1,2,AWAY_TEAM,0,1,8,9,3,3,1,8,K Friend
2021-02-08,2020-2021,Leeds,Crystal Palace,2,0,HOME_TEAM,1,0,17,8,7,3,5,3,A Marriner
2021-02-13,2020-2021,Brighton,Aston Villa,0,0,DRAW,0,0,26,4,9,1,9,2,D England
2021-02-13,2020-2021,Man City,Tottenham,3,0,HOME_TEAM,1,0,15,7,6,3,4,2,P Tierney
2021-02-13,2020-2021,Crystal Palace,Burnley,0,3,AWAY_TEAM,0,2,13,16,3,4,7,4,M Oliver
2021-02-13,2020-2021,Leicester,Liverpool,3,1,HOME_TEAM,0,0,11,15,6,4,2,12,A Taylor
2021-02-14,2020-2021,Southampton,Wolves,1,2,AWAY_TEAM,1,0,7,10,3,4,4,6,G Scott
2021-02-14,2020-2021,West Brom,Man United,1,1,DRAW,1,1,7,10,3,7,4,5,C Pawson
2021-02-14,2020-2021,Arsenal,Leeds,4,2,HOME_TEAM,3,0,13,9,5,5,4,5,S Attwell
2021-02-14,2020-2021,Everton,Fulham,0,2,AWAY_TEAM,0,0,7,12,2,3,5,4,A Madley
2021-02-15,2020-2021,Chelsea,Newcastle,2,0,HOME_TEAM,2,0,18,10,5,4,10,5,P Bankes
2021-02-15,2020-2021,West Ham,Sheffield United,3,0,HOME_TEAM,1,0,13,8,9,5,7,7,S Hooper
2021-02-17,2020-2021,Everton,Man City,1,3,AWAY_TEAM,1,1,3,16,2,7,0,10,A Marriner
2021-02-17,2020-2021,Burnley,Fulham,1,1,DRAW,0,0,8,8,3,3,5,5,J Moss
2021-02-19,2020-2021,Wolves,Leeds,1,0,HOME_TEAM,0,0,15,18,5,7,7,9,D Coote
2021-02-20,2020-2021,Southampton,Chelsea,1,1,DRAW,1,0,4,9,1,3,3,6,A Taylor
2021-02-20,2020-2021,Burnley,West Brom,0,0,DRAW,0,0,6,10,1,3,5,5,M Dean
2021-02-20,2020-2021,Liverpool,Everton,0,2,AWAY_TEAM,0,1,15,9,6,6,7,2,C Kavanagh
2021-02-20,2020-2021,Fulham,Sheffield United,1,0,HOME_TEAM,0,0,15,4,7,2,6,4,M Atkinson
2021-02-21,2020-2021,Arsenal,Man City,0,1,AWAY_TEAM,0,1,7,15,1,3,1,3,J Moss
2021-02-21,2020-2021,Man United,Newcastle,3,1,HOME_TEAM,1,1,15,10,7,6,6,4,P Tierney
2021-02-21,2020-2021,West Ham,Tottenham,2,1,HOME_TEAM,1,0,4,20,4,4,5,7,C Pawson
2021-02-21,2020-2021,Aston Villa,Leicester,1,2,AWAY_TEAM,0,2,11,16,2,7,7,8,M Oliver
2021-02-22,2020-2021,Brighton,Crystal Palace,1,2,AWAY_TEAM,0,1,25,3,5,2,13,0,K Friend
2021-02-23,2020-2021,Leeds,Southampton,3,0,HOME_TEAM,0,0,11,13,7,5,2,4,A Marriner
2021-02-27,2020-2021,Man City,West Ham,2,1,HOME_TEAM,1,1,10,9,3,3,4,2,M Oliver
2021-02-27,2020-2021,West Brom,Brighton,1,0,HOME_TEAM,1,0,6,15,2,6,7,4,L Mason
2021-02-27,2020-2021,Leeds,Aston Villa,0,1,AWAY_TEAM,0,1,13,9,3,4,7,5,P Bankes
2021-02-27,2020-2021,Newcastle,Wolves,1,1,DRAW,0,0,19,14,7,4,3,5,M Dean
2021-02-28,2020-2021,Sheffield United,Liverpool,0,2,AWAY_TEAM,0,0,8,16,2,8,4,3,J Moss
2021-02-28,2020-2021,Chelsea,Man United,0,0,DRAW,0,0,18,11,6,4,3,4,S Attwell
2021-02-28,2020-2021,Crystal Palace,Fulham,0,0,DRAW,0,0,3,16,0,4,1,3,A Taylor
2021-02-28,2020-2021,Leicester,Arsenal,1,3,AWAY_TEAM,1,2,8,12,3,4,2,7,P Tierney
2021-02-28,2020-2021,Tottenham,Burnley,4,0,HOME_TEAM,3,0,16,10,7,3,3,4,K Friend
2021-03-01,2020-2021,Everton,Southampton,1,0,HOME_TEAM,1,0,7,9,1,1,4,10,M Atkinson
2021-03-02,2020-2021,Man City,Wolves,4,1,HOME_TEAM,1,0,22,6,10,1,10,2,C Kavanagh
2021-03-03,2020-2021,Burnley,Leicester,1,1,DRAW,1,1,12,15,7,4,5,8,A Madley
2021-03-03,2020-2021,Sheffield United,Aston Villa,1,0,HOME_TEAM,1,0,9,16,2,4,2,7,R Jones
2021-03-03,2020-2021,Crystal Palace,Man United,0,0,DRAW,0,0,8,11,2,1,4,6,A Marriner
2021-03-04,2020-2021,Fulham,Tottenham,0,1,AWAY_TEAM,0,1,11,9,3,2,4,1,D Coote
2021-03-04,2020-2021,West Brom,Everton,0,1,AWAY_TEAM,0,0,11,11,3,3,3,3,D England
2021-03-04,2020-2021,Liverpool,Chelsea,0,1,AWAY_TEAM,0,1,7,11,1,5,5,2,M Atkinson
2021-03-06,2020-2021,Aston Villa,Wolves,0,0,DRAW,0,0,9,10,1,2,5,3,A Madley
2021-03-06,2020-2021,Burnley,Arsenal,1,1,DRAW,1,1,9,15,5,3,2,4,A Marriner
2021-03-06,2020-2021,Sheffield United,Southampton,0,2,AWAY_TEAM,0,1,8,15,2,5,7,3,P Tierney
2021-03-06,2020-2021,Brighton,Leicester,1,2,AWAY_TEAM,1,0,7,8,2,4,6,6,M Oliver
2021-03-07,2020-2021,Tottenham,Crystal Palace,4,1,HOME_TEAM,1,1,12,5,5,1,1,5,S Attwell
2021-03-07,2020-2021,Man City,Man United,0,2,AWAY_TEAM,0,1,23,8,6,6,6,2,A Taylor
2021-03-07,2020-2021,Liverpool,Fulham,0,1,AWAY_TEAM,0,1,16,10,3,3,9,4,K Friend
2021-03-07,2020-2021,West Brom,Newcastle,0,0,DRAW,0,0,13,9,3,5,9,7,M Atkinson
2021-03-08,2020-2021,Chelsea,Everton,2,0,HOME_TEAM,1,0,19,7,9,1,7,3,D Coote
2021-03-08,2020-2021,West Ham,Leeds,2,0,HOME_TEAM,2,0,16,17,5,2,6,6,M Dean
2021-03-10,2020-2021,Man City,Southampton,5,2,HOME_TEAM,3,1,17,11,10,6,5,5,J Moss
2021-03-12,2020-2021,Newcastle,Aston Villa,1,1,DRAW,0,0,12,15,3,6,2,2,P Tierney
2021-03-13,2020-2021,Everton,Burnley,1,2,AWAY_TEAM,1,2,14,14,4,5,7,4,J Moss
2021-03-13,2020-2021,Fulham,Man City,0,3,AWAY_TEAM,0,0,3,8,0,7,4,2,A Marriner
2021-03-13,2020-2021,Leeds,Chelsea,0,0,DRAW,0,0,7,15,4,8,8,5,K Friend
2021-03-13,2020-2021,Crystal Palace,West Brom,1,0,HOME_TEAM,1,0,6,12,4,1,3,2,S Hooper
2021-03-14,2020-2021,Southampton,Brighton,1,2,AWAY_TEAM,1,1,9,8,4,6,4,5,S Attwell
2021-03-14,2020-2021,Leicester,Sheffield United,5,0,HOME_TEAM,1,0,19,1,10,0,9,1,P Bankes
2021-03-14,2020-2021,Arsenal,Tottenham,2,1,HOME_TEAM,1,1,13,6,3,3,6,3,M Oliver
2021-03-14,2020-2021,Man United,West Ham,1,0,HOME_TEAM,0,0,15,7,4,0,6,3,M Atkinson
2021-03-15,2020-2021,Wolves,Liverpool,0,1,AWAY_TEAM,0,1,10,12,5,4,3,2,C Pawson
2021-03-19,2020-2021,Fulham,Leeds,1,2,AWAY_TEAM,1,1,13,13,6,4,13,7,D Coote
2021-03-20,2020-2021,Brighton,Newcastle,3,0,HOME_TEAM,1,0,11,3,6,1,3,1,A Taylor
2021-03-21,2020-2021,Aston Villa,Tottenham,0,2,AWAY_TEAM,0,1,8,9,1,3,5,8,M Dean
2021-03-21,2020-2021,West Ham,Arsenal,3,3,DRAW,3,1,15,16,5,7,3,5,J Moss
2021-04-03,2020-2021,Chelsea,West Brom,2,5,AWAY_TEAM,1,2,18,14,8,7,10,3,D Coote
2021-04-03,2020-2021,Leeds,Sheffield United,2,1,HOME_TEAM,1,1,23,9,8,1,5,7,G Scott
2021-04-03,2020-2021,Leicester,Man City,0,2,AWAY_TEAM,0,0,5,11,2,4,1,1,A Taylor
2021-04-03,2020-2021,Arsenal,Liverpool,0,3,AWAY_TEAM,0,0,3,16,2,7,1,2,S Attwell
2021-04-04,2020-2021,Southampton,Burnley,3,2,HOME_TEAM,2,2,24,7,9,5,6,7,A Marriner
2021-04-04,2020-2021,Newcastle,Tottenham,2,2,DRAW,1,2,22,11,6,5,7,3,C Pawson
2021-04-04,2020-2021,Aston Villa,Fulham,3,1,HOME_TEAM,0,0,14,15,4,7,4,4,A Madley
2021-04-04,2020-2021,Man United,Brighton,2,1,HOME_TEAM,0,1,15,5,7,3,5,6,M Dean
2021-04-05,2020-2021,Everton,Crystal Palace,1,1,DRAW,0,0,15,13,7,6,3,4,K Friend
2021-04-05,2020-2021,Wolves,West Ham,2,3,AWAY_TEAM,1,3,20,9,5,6,4,2,M Oliver
2021-04-09,2020-2021,Fulham,Wolves,0,1,AWAY_TEAM,0,0,14,7,3,3,3,4,J Moss
2021-04-10,2020-2021,Man City,Leeds,1,2,AWAY_TEAM,0,1,29,2,7,2,9,3,A Marriner
2021-04-10,2020-2021,Liverpool,Aston Villa,2,1,HOME_TEAM,0,1,23,9,10,5,7,0,P Tierney
2021-04-10,2020-2021,Crystal Palace,Chelsea,1,4,AWAY_TEAM,0,3,1,23,1,10,0,8,M Oliver
2021-04-11,2020-2021,Sheffield United,Arsenal,0,3,AWAY_TEAM,0,1,7,14,2,5,2,4,P Bankes
2021-04-11,2020-2021,Tottenham,Man United,1,3,AWAY_TEAM,1,0,12,12,3,7,7,5,C Kavanagh
2021-04-11,2020-2021,Burnley,Newcastle,1,2,AWAY_TEAM,1,0,24,10,4,5,13,3,A Taylor
2021-04-11,2020-2021,West Ham,Leicester,3,2,HOME_TEAM,2,0,4,15,4,5,1,9,M Dean
2021-04-12,2020-2021,West Brom,Southampton,3,0,HOME_TEAM,2,0,15,14,6,4,5,10,S Hooper
2021-04-12,2020-2021,Brighton,Everton,0,0,DRAW,0,0,23,8,3,1,10,3,D England
2021-04-16,2020-2021,Everton,Tottenham,2,2,DRAW,1,1,18,12,7,3,6,3,M Oliver
2021-04-17,2020-2021,Newcastle,West Ham,3,2,HOME_TEAM,2,0,16,16,8,6,3,8,K Friend
2021-04-17,2020-2021,Wolves,Sheffield United,1,0,HOME_TEAM,0,0,10,8,5,2,3,3,R Jones
2021-04-18,2020-2021,Arsenal,Fulham,1,1,DRAW,0,0,18,3,5,1,11,1,C Pawson
2021-04-18,2020-2021,Man United,Burnley,3,1,HOME_TEAM,0,0,17,10,9,3,8,3,J Moss
2021-04-19,2020-2021,Leeds,Liverpool,1,1,DRAW,0,1,12,17,5,7,10,8,A Taylor
2021-04-20,2020-2021,Chelsea,Brighton,0,0,DRAW,0,0,7,11,4,2,0,3,S Attwell
2021-04-21,2020-2021,Tottenham,Southampton,2,1,HOME_TEAM,0,1,12,10,3,5,5,5,D Coote
2021-04-21,2020-2021,Aston Villa,Man City,1,2,AWAY_TEAM,1,2,8,13,3,3,1,11,P Bankes
2021-04-22,2020-2021,Leicester,West Brom,3,0,HOME_TEAM,3,0,17,4,7,1,7,3,A Madley
2021-04-23,2020-2021,Arsenal,Everton,0,1,AWAY_TEAM,0,0,14,8,3,1,7,3,J Moss
2021-04-24,2020-2021,Sheffield United,Brighton,1,0,HOME_TEAM,1,0,7,17,3,4,2,12,K Friend
2021-04-24,2020-2021,Liverpool,Newcastle,1,1,DRAW,1,0,22,7,9,4,6,3,A Marriner
2021-04-24,2020-2021,West Ham,Chelsea,0,1,AWAY_TEAM,0,1,9,17,2,6,4,2,C Kavanagh
2021-04-25,2020-2021,Wolves,Burnley,0,4,AWAY_TEAM,0,3,12,14,2,7,8,5,D England
2021-04-25,2020-2021,Leeds,Man United,0,0,DRAW,0,0,6,16,3,4,2,6,C Pawson
2021-04-25,2020-2021,Aston Villa,West Brom,2,2,DRAW,1,1,24,10,11,4,11,4,S Attwell
2021-04-26,2020-2021,Leicester,Crystal Palace,2,1,HOME_TEAM,0,1,13,4,5,2,7,2,G Scott
2021-04-30,2020-2021,Southampton,Leicester,1,1,DRAW,0,0,5,23,3,9,0,10,R Jones
2021-05-01,2020-2021,Crystal Palace,Man City,0,2,AWAY_TEAM,0,0,9,20,4,3,2,6,D Coote
2021-05-01,2020-2021,Brighton,Leeds,2,0,HOME_TEAM,1,0,17,11,5,2,2,9,C Kavanagh
2021-05-01,2020-2021,Chelsea,Fulham,2,0,HOME_TEAM,1,0,9,10,5,3,1,8,K Friend
2021-05-01,2020-2021,Everton,Aston Villa,1,2,AWAY_TEAM,1,1,16,13,3,5,3,6,S Hooper
2021-05-02,2020-2021,Newcastle,Arsenal,0,2,AWAY_TEAM,0,1,5,19,1,5,3,7,M Dean
2021-05-02,2020-2021,Tottenham,Sheffield United,4,0,HOME_TEAM,1,0,20,8,11,1,6,6,A Marriner
2021-05-03,2020-2021,West Brom,Wolves,1,1,DRAW,0,1,10,20,4,10,5,6,P Tierney
2021-05-03,2020-2021,Burnley,West Ham,1,2,AWAY_TEAM,1,2,8,22,3,4,5,4,A Taylor
2021-05-07,2020-2021,Leicester,Newcastle,2,4,AWAY_TEAM,0,2,25,14,9,6,9,6,D England
2021-05-08,2020-2021,Leeds,Tottenham,3,1,HOME_TEAM,2,1,16,11,7,3,8,6,M Oliver
2021-05-08,2020-2021,Sheffield United,Crystal Palace,0,2,AWAY_TEAM,0,1,7,21,0,8,5,11,S Hooper
2021-05-08,2020-2021,Man City,Chelsea,1,2,AWAY_TEAM,1,0,16,12,4,5,6,2,A Taylor
2021-05-08,2020-2021,Liverpool,Southampton,2,0,HOME_TEAM,1,0,14,12,6,6,8,4,K Friend
2021-05-09,2020-2021,Wolves,Brighton,2,1,HOME_TEAM,0,1,16,5,6,3,10,5,J Moss
2021-05-09,2020-2021,Aston Villa,Man United,1,3,AWAY_TEAM,1,0,11,18,5,7,5,6,C Kavanagh
2021-05-09,2020-2021,West Ham,Everton,0,1,AWAY_TEAM,0,1,11,9,0,3,5,6,S Attwell
2021-05-09,2020-2021,Arsenal,West Brom,3,1,HOME_TEAM,2,0,15,12,7,1,6,6,P Bankes
2021-05-10,2020-2021,Fulham,Burnley,0,2,AWAY_TEAM,0,2,21,14,3,5,8,4,D Coote
2021-05-11,2020-2021,Southampton,Crystal Palace,3,1,HOME_TEAM,1,1,13,11,6,4,12,8,A Madley
2021-05-11,2020-2021,Man United,Leicester,1,2,AWAY_TEAM,1,1,4,12,1,3,3,4,C Pawson
2021-05-12,2020-2021,Chelsea,Arsenal,0,1,AWAY_TEAM,0,1,19,5,5,2,9,1,A Marriner
2021-05-13,2020-2021,Aston Villa,Everton,0,0,DRAW,0,0,13,15,2,5,9,1,M Atkinson
2021-05-13,2020-2021,Man United,Liverpool,2,4,AWAY_TEAM,1,2,18,17,3,8,6,4,A Taylor
2021-05-14,2020-2021,Newcastle,Man City,3,4,AWAY_TEAM,2,2,11,15,5,6,4,5,K Friend
2021-05-15,2020-2021,Burnley,Leeds,0,4,AWAY_TEAM,0,1,16,16,4,6,6,8,G Scott
2021-05-15,2020-2021,Southampton,Fulham,3,1,HOME_TEAM,1,0,11,10,7,3,6,5,C Pawson
2021-05-15,2020-2021,Brighton,West Ham,1,1,DRAW,0,0,10,15,2,3,3,3,A Marriner
2021-05-16,2020-2021,Everton,Sheffield United,0,1,AWAY_TEAM,0,1,16,10,6,3,11,4,A Moss
2021-05-16,2020-2021,West Brom,Liverpool,1,2,AWAY_TEAM,1,1,10,26,3,6,9,13,M Dean
2021-05-16,2020-2021,Crystal Palace,Aston Villa,3,2,HOME_TEAM,1,2,23,19,8,5,7,7,D Coote
2021-05-16,2020-2021,Tottenham,Wolves,2,0,HOME_TEAM,1,0,24,15,13,3,10,3,M Atkinson
2021-05-18,2020-2021,Man United,Fulham,1,1,DRAW,1,0,13,8,6,5,6,1,L Mason
2021-05-18,2020-2021,Southampton,Leeds,0,2,AWAY_TEAM,0,0,18,15,3,7,4,5,P Bankes
2021-05-18,2020-2021,Brighton,Man City,3,2,HOME_TEAM,0,1,19,8,6,4,5,3,S Attwell
2021-05-18,2020-2021,Chelsea,Leicester,2,1,HOME_TEAM,0,0,17,7,6,3,6,5,M Dean
2021-05-19,2020-2021,Everton,Wolves,1,0,HOME_TEAM,0,0,14,9,4,3,7,12,A Madley
2021-05-19,2020-2021,Newcastle,Sheffield United,1,0,HOME_TEAM,1,0,16,11,5,1,5,2,R Jones
2021-05-19,2020-2021,Tottenham,Aston Villa,1,2,AWAY_TEAM,1,2,10,20,4,4,4,5,C Pawson
2021-05-19,2020-2021,Crystal Palace,Arsenal,1,3,AWAY_TEAM,0,1,12,6,6,3,6,7,A Taylor
2021-05-19,2020-2021,Burnley,Liverpool,0,3,AWAY_TEAM,0,1,10,20,4,3,6,7,C Kavanagh
2021-05-19,2020-2021,West Brom,West Ham,1,3,AWAY_TEAM,1,1,14,21,4,9,6,8,M Oliver
2021-05-23,2020-2021,Man City,Everton,5,0,HOME_TEAM,2,0,21,8,11,3,7,5,M Oliver
2021-05-23,2020-2021,Wolves,Man United,1,2,AWAY_TEAM,1,2,14,9,4,4,6,2,M Dean
2021-05-23,2020-2021,West Ham,Southampton,3,0,HOME_TEAM,2,0,14,17,7,5,2,3,M Atkinson
2021-05-23,2020-2021,Sheffield United,Burnley,1,0,HOME_TEAM,1,0,12,10,3,3,8,9,K Friend
2021-05-23,2020-2021,Liverpool,Crystal Palace,2,0,HOME_TEAM,1,0,19,5,5,4,14,1,C Pawson
2021-05-23,2020-2021,Arsenal,Brighton,2,0,HOME_TEAM,0,0,16,5,5,1,11,3,J Moss
2021-05-23,2020-2021,Leeds,West Brom,3,1,HOME_TEAM,2,0,17,14,9,5,8,3,D Coote
2021-05-23,2020-2021,Fulham,Newcastle,0,2,AWAY_TEAM,0,1,14,10,0,4,5,4,C Kavanagh
2021-05-23,2020-2021,Aston Villa,Chelsea,2,1,HOME_TEAM,1,0,6,23,3,7,2,9,S Attwell
2021-05-23,2020-2021,Leicester,Tottenham,2,4,AWAY_TEAM,1,1,10,11,6,4,8,7,A Taylor
2021-08-13,2021-2022,Brentford,Arsenal,2,0,HOME_TEAM,1,0,8,22,3,4,2,5,M Oliver
2021-08-14,2021-2022,Man United,Leeds,5,1,HOME_TEAM,1,0,16,10,8,3,5,4,P Tierney
2021-08-14,2021-2022,Burnley,Brighton,1,2,AWAY_TEAM,1,0,14,14,3,8,7,6,D Coote
2021-08-14,2021-2022,Chelsea,Crystal Palace,3,0,HOME_TEAM,2,0,13,4,6,1,5,2,J Moss
2021-08-14,2021-2022,Everton,Southampton,3,1,HOME_TEAM,0,1,14,6,6,3,6,8,A Madley
2021-08-14,2021-2022,Leicester,Wolves,1,0,HOME_TEAM,1,0,9,17,5,3,5,4,C Pawson
2021-08-14,2021-2022,Watford,Aston Villa,3,2,HOME_TEAM,2,0,13,11,7,2,2,4,M Dean
2021-08-14,2021-2022,Norwich,Liverpool,0,3,AWAY_TEAM,0,1,14,19,3,8,3,11,A Marriner
2021-08-15,2021-2022,Tottenham,Man City,1,0,HOME_TEAM,0,0,13,18,3,4,3,11,A Taylor
2021-08-15,2021-2022,Newcastle,West Ham,2,4,AWAY_TEAM,2,1,17,8,3,9,7,6,M Atkinson
2021-08-21,2021-2022,Liverpool,Burnley,2,0,HOME_TEAM,1,0,27,9,9,3,8,4,M Dean
2021-08-21,2021-2022,Aston Villa,Newcastle,2,0,HOME_TEAM,1,0,10,9,2,1,3,4,D Coote
2021-08-21,2021-2022,Crystal Palace,Brentford,0,0,DRAW,0,0,7,14,2,3,3,5,M Atkinson
2021-08-21,2021-2022,Leeds,Everton,2,2,DRAW,1,1,17,17,4,8,8,5,D England
2021-08-21,2021-2022,Man City,Norwich,5,0,HOME_TEAM,2,0,16,1,4,0,6,1,G Scott
2021-08-21,2021-2022,Brighton,Watford,2,0,HOME_TEAM,2,0,13,10,3,1,7,2,A Taylor
2021-08-22,2021-2022,Southampton,Man United,1,1,DRAW,1,0,8,15,3,4,7,7,C Pawson
2021-08-22,2021-2022,Wolves,Tottenham,0,1,AWAY_TEAM,0,1,25,8,6,6,5,4,S Attwell
2021-08-22,2021-2022,Arsenal,Chelsea,0,2,AWAY_TEAM,0,2,6,22,3,5,9,8,P Tierney
2021-08-23,2021-2022,West Ham,Leicester,4,1,HOME_TEAM,1,0,13,5,7,1,10,0,M Oliver
2021-08-28,2021-2022,Norwich,Leicester,1,2,AWAY_TEAM,1,1,14,9,4,3,9,9,R Jones
2021-08-28,2021-2022,West Ham,Crystal Palace,2,2,DRAW,1,0,14,9,4,2,5,3,S Attwell
2021-08-28,2021-2022,Newcastle,Southampton,2,2,DRAW,0,0,10,22,5,6,4,4,P Tierney
2021-08-28,2021-2022,Liverpool,Chelsea,1,1,DRAW,1,1,24,6,7,3,12,3,A Taylor
2021-08-28,2021-2022,Aston Villa,Brentford,1,1,DRAW,1,1,7,9,5,2,3,2,P Bankes
2021-08-28,2021-2022,Brighton,Everton,0,2,AWAY_TEAM,0,1,14,14,3,5,4,5,J Moss
2021-08-28,2021-2022,Man City,Arsenal,5,0,HOME_TEAM,3,0,25,1,10,0,14,0,M Atkinson
2021-08-29,2021-2022,Burnley,Leeds,1,1,DRAW,0,0,12,12,3,2,5,5,M Oliver
2021-08-29,2021-2022,Tottenham,Watford,1,0,HOME_TEAM,1,0,15,9,8,2,10,3,A Marriner
2021-08-29,2021-2022,Wolves,Man United,0,1,AWAY_TEAM,0,0,15,10,6,3,5,7,M Dean
2021-09-11,2021-2022,Chelsea,Aston Villa,3,0,HOME_TEAM,1,0,12,18,4,6,4,11,S Attwell
2021-09-11,2021-2022,Watford,Wolves,0,2,AWAY_TEAM,0,0,6,14,2,5,6,8,P Bankes
2021-09-11,2021-2022,Southampton,West Ham,0,0,DRAW,0,0,11,13,3,3,5,4,D Coote
2021-09-11,2021-2022,Man United,Newcastle,4,1,HOME_TEAM,1,0,21,12,7,3,7,3,A Taylor
2021-09-11,2021-2022,Brentford,Brighton,0,1,AWAY_TEAM,0,0,7,4,1,2,1,6,G Scott
2021-09-11,2021-2022,Arsenal,Norwich,1,0,HOME_TEAM,0,0,30,10,7,1,8,4,M Oliver
2021-09-11,2021-2022,Crystal Palace,Tottenham,3,0,HOME_TEAM,0,0,18,2,4,1,8,2,J Moss
2021-09-11,2021-2022,Leicester,Man City,0,1,AWAY_TEAM,0,0,6,25,1,8,5,8,P Tierney
2021-09-12,2021-2022,Leeds,Liverpool,0,3,AWAY_TEAM,0,1,9,30,4,9,2,11,C Pawson
2021-09-13,2021-2022,Everton,Burnley,3,1,HOME_TEAM,0,0,14,11,6,6,4,6,M Atkinson
2021-09-17,2021-2022,Newcastle,Leeds,1,1,DRAW,1,1,17,22,7,9,4,5,M Dean
2021-09-18,2021-2022,Norwich,Watford,1,3,AWAY_TEAM,1,1,12,12,5,8,4,8,R Jones
2021-09-18,2021-2022,Aston Villa,Everton,3,0,HOME_TEAM,0,0,15,11,3,1,5,4,C Pawson
2021-09-18,2021-2022,Man City,Southampton,0,0,DRAW,0,0,18,10,1,2,8,5,J Moss
2021-09-18,2021-2022,Burnley,Arsenal,0,1,AWAY_TEAM,0,1,18,13,3,3,8,3,A Taylor
2021-09-18,2021-2022,Wolves,Brentford,0,2,AWAY_TEAM,0,2,11,9,0,3,4,2,D England
2021-09-18,2021-2022,Liverpool,Crystal Palace,3,0,HOME_TEAM,1,0,25,13,10,2,10,5,A Madley
2021-09-19,2021-2022,Brighton,Leicester,2,1,HOME_TEAM,1,0,12,14,5,3,4,9,S Attwell
2021-09-19,2021-2022,West Ham,Man United,1,2,AWAY_TEAM,1,1,13,17,4,10,2,11,M Atkinson
2021-09-19,2021-2022,Tottenham,Chelsea,0,3,AWAY_TEAM,0,0,8,20,2,10,5,11,P Tierney
2021-09-25,2021-2022,Chelsea,Man City,0,1,AWAY_TEAM,0,0,5,15,0,4,4,13,M Oliver
2021-09-25,2021-2022,Man United,Aston Villa,0,1,AWAY_TEAM,0,0,28,7,4,3,5,5,M Dean
2021-09-25,2021-2022,Everton,Norwich,2,0,HOME_TEAM,1,0,11,10,4,2,6,4,D Coote
2021-09-25,2021-2022,Leeds,West Ham,1,2,AWAY_TEAM,1,0,15,20,5,7,5,7,K Friend
2021-09-25,2021-2022,Leicester,Burnley,2,2,DRAW,1,2,22,9,5,3,8,4,C Kavanagh
2021-09-25,2021-2022,Watford,Newcastle,1,1,DRAW,0,1,15,20,4,6,5,6,J Gillett
2021-09-25,2021-2022,Brentford,Liverpool,3,3,DRAW,1,1,12,16,4,6,2,11,S Attwell
2021-09-26,2021-2022,Southampton,Wolves,0,1,AWAY_TEAM,0,0,18,5,6,3,5,5,A Madley
2021-09-26,2021-2022,Arsenal,Tottenham,3,1,HOME_TEAM,3,0,12,10,7,4,4,4,C Pawson
2021-09-27,2021-2022,Crystal Palace,Brighton,1,1,DRAW,1,0,8,8,3,4,6,5,A Marriner
2021-10-02,2021-2022,Man United,Everton,1,1,DRAW,1,0,13,12,6,2,10,1,M Oliver
2021-10-02,2021-2022,Burnley,Norwich,0,0,DRAW,0,0,14,10,4,2,9,5,K Friend
2021-10-02,2021-2022,Chelsea,Southampton,3,1,HOME_TEAM,1,0,20,6,9,2,7,2,M Atkinson
2021-10-02,2021-2022,Leeds,Watford,1,0,HOME_TEAM,1,0,20,5,4,1,6,3,S Hooper
2021-10-02,2021-2022,Wolves,Newcastle,2,1,HOME_TEAM,1,1,7,8,3,2,0,4,G Scott
2021-10-02,2021-2022,Brighton,Arsenal,0,0,DRAW,0,0,21,8,2,2,8,5,J Moss
2021-10-03,2021-2022,Crystal Palace,Leicester,2,2,DRAW,0,2,18,9,4,5,1,3,A Taylor
2021-10-03,2021-2022,Tottenham,Aston Villa,2,1,HOME_TEAM,1,0,17,14,8,3,5,8,C Kavanagh
2021-10-03,2021-2022,West Ham,Brentford,1,2,AWAY_TEAM,0,1,18,13,5,6,11,6,P Bankes
2021-10-03,2021-2022,Liverpool,Man City,2,2,DRAW,0,0,6,12,4,3,3,4,P Tierney
2021-10-16,2021-2022,Southampton,Leeds,1,0,HOME_TEAM,0,0,19,3,5,0,8,1,D Coote
2021-10-16,2021-2022,Norwich,Brighton,0,0,DRAW,0,0,15,11,3,3,8,4,P Bankes
2021-10-16,2021-2022,Man City,Burnley,2,0,HOME_TEAM,1,0,15,7,6,2,6,2,M Atkinson
2021-10-16,2021-2022,Brentford,Chelsea,0,1,AWAY_TEAM,0,1,17,5,7,1,5,5,A Taylor
2021-10-16,2021-2022,Aston Villa,Wolves,2,3,AWAY_TEAM,0,0,14,9,5,4,6,7,M Oliver
2021-10-16,2021-2022,Watford,Liverpool,0,5,AWAY_TEAM,0,2,6,19,2,8,1,9,J Moss
2021-10-16,2021-2022,Leicester,Man United,4,2,HOME_TEAM,1,1,22,18,11,6,4,3,C Pawson
2021-10-17,2021-2022,Everton,West Ham,0,1,AWAY_TEAM,0,0,15,16,2,4,7,9,S Attwell
2021-10-17,2021-2022,Newcastle,Tottenham,2,3,AWAY_TEAM,1,3,7,14,1,4,2,9,A Marriner
2021-10-18,2021-2022,Arsenal,Crystal Palace,2,2,DRAW,1,0,17,9,6,6,6,4,M Dean
2021-10-22,2021-2022,Arsenal,Aston Villa,3,1,HOME_TEAM,2,0,22,10,9,4,7,4,C Pawson
2021-10-23,2021-2022,Brighton,Man City,1,4,AWAY_TEAM,0,3,10,23,5,14,7,6,K Friend
2021-10-23,2021-2022,Southampton,Burnley,2,2,DRAW,1,1,16,9,4,5,6,2,C Kavanagh
2021-10-23,2021-2022,Leeds,Wolves,1,1,DRAW,0,1,18,8,4,4,6,3,R Jones
2021-10-23,2021-2022,Everton,Watford,2,5,AWAY_TEAM,1,1,15,20,4,8,3,5,G Scott
2021-10-23,2021-2022,Chelsea,Norwich,7,0,HOME_TEAM,3,0,23,3,13,1,5,0,A Madley
2021-10-23,2021-2022,Crystal Palace,Newcastle,1,1,DRAW,0,0,15,6,3,2,3,7,D England
2021-10-24,2021-2022,Brentford,Leicester,1,2,AWAY_TEAM,0,1,15,10,5,6,9,2,S Hooper
2021-10-24,2021-2022,West Ham,Tottenham,1,0,HOME_TEAM,0,0,13,7,4,4,2,4,P Tierney
2021-10-24,2021-2022,Man United,Liverpool,0,5,AWAY_TEAM,0,4,12,19,4,8,6,3,A Taylor
2021-10-30,2021-2022,Newcastle,Chelsea,0,3,AWAY_TEAM,0,0,6,19,1,6,0,2,P Tierney
2021-10-30,2021-2022,Watford,Southampton,0,1,AWAY_TEAM,0,1,10,12,4,1,5,8,P Bankes
2021-10-30,2021-2022,Tottenham,Man United,0,3,AWAY_TEAM,0,1,9,10,0,4,10,2,S Attwell
2021-10-30,2021-2022,Liverpool,Brighton,2,2,DRAW,2,1,14,9,3,6,5,3,M Dean
2021-10-30,2021-2022,Burnley,Brentford,3,1,HOME_TEAM,3,0,15,12,6,5,4,2,J Moss
2021-10-30,2021-2022,Man City,Crystal Palace,0,2,AWAY_TEAM,0,1,14,8,3,3,7,1,A Marriner
2021-10-30,2021-2022,Leicester,Arsenal,0,2,AWAY_TEAM,0,2,16,9,8,5,7,6,M Oliver
2021-10-31,2021-2022,Norwich,Leeds,1,2,AWAY_TEAM,0,0,14,13,3,6,5,0,A Taylor
2021-10-31,2021-2022,Aston Villa,West Ham,1,4,AWAY_TEAM,1,2,9,21,3,9,3,6,C Kavanagh
2021-11-01,2021-2022,Wolves,Everton,2,1,HOME_TEAM,2,0,10,14,4,5,4,3,M Atkinson
2021-11-05,2021-2022,Southampton,Aston Villa,1,0,HOME_TEAM,1,0,9,14,3,3,10,8,A Madley
2021-11-06,2021-2022,Crystal Palace,Wolves,2,0,HOME_TEAM,0,0,13,4,6,2,4,6,G Scott
2021-11-06,2021-2022,Man United,Man City,0,2,AWAY_TEAM,0,2,5,16,1,5,1,9,M Oliver
2021-11-06,2021-2022,Brentford,Norwich,1,2,AWAY_TEAM,0,2,19,9,7,5,6,2,J Gillett
2021-11-06,2021-2022,Chelsea,Burnley,1,1,DRAW,1,0,25,5,4,2,14,2,A Marriner
2021-11-06,2021-2022,Brighton,Newcastle,1,1,DRAW,1,0,14,6,5,1,2,5,D Coote
2021-11-07,2021-2022,Leeds,Leicester,1,1,DRAW,1,1,18,9,5,3,10,5,D England
2021-11-07,2021-2022,West Ham,Liverpool,3,2,HOME_TEAM,1,1,7,16,3,5,3,2,C Pawson
2021-11-07,2021-2022,Arsenal,Watford,1,0,HOME_TEAM,0,0,14,7,6,1,4,2,K Friend
2021-11-07,2021-2022,Everton,Tottenham,0,0,DRAW,0,0,12,8,2,0,4,2,C Kavanagh
2021-11-20,2021-2022,Liverpool,Arsenal,4,0,HOME_TEAM,1,0,19,5,9,3,6,1,M Oliver
2021-11-20,2021-2022,Watford,Man United,4,1,HOME_TEAM,2,0,20,9,7,3,9,3,J Moss
2021-11-20,2021-2022,Wolves,West Ham,1,0,HOME_TEAM,0,0,15,8,5,3,7,3,M Dean
2021-11-20,2021-2022,Norwich,Southampton,2,1,HOME_TEAM,1,1,8,17,4,5,5,7,M Atkinson
2021-11-20,2021-2022,Leicester,Chelsea,0,3,AWAY_TEAM,0,2,4,16,3,7,3,5,P Tierney
2021-11-20,2021-2022,Burnley,Crystal Palace,3,3,DRAW,2,3,15,18,9,8,3,6,S Hooper
2021-11-20,2021-2022,Aston Villa,Brighton,2,0,HOME_TEAM,0,0,9,6,5,2,5,7,A Taylor
2021-11-20,2021-2022,Newcastle,Brentford,3,3,DRAW,2,2,23,10,9,4,8,2,R Jones
2021-11-21,2021-2022,Man City,Everton,3,0,HOME_TEAM,1,0,17,4,7,1,7,1,S Attwell
2021-11-21,2021-2022,Tottenham,Leeds,2,1,HOME_TEAM,0,1,13,18,4,7,4,8,A Marriner
2021-11-27,2021-2022,Brighton,Leeds,0,0,DRAW,0,0,20,11,4,4,6,1,C Pawson
2021-11-27,2021-2022,Arsenal,Newcastle,2,0,HOME_TEAM,0,0,24,9,6,5,4,4,S Attwell
2021-11-27,2021-2022,Crystal Palace,Aston Villa,1,2,AWAY_TEAM,0,1,8,10,3,3,7,3,M Salisbury
2021-11-27,2021-2022,Liverpool,Southampton,4,0,HOME_TEAM,3,0,20,7,6,3,5,7,A Marriner
2021-11-27,2021-2022,Norwich,Wolves,0,0,DRAW,0,0,14,5,4,2,4,3,S Hooper
2021-11-28,2021-2022,Chelsea,Man United,1,1,DRAW,0,0,24,3,6,2,15,2,A Taylor
2021-11-28,2021-2022,Man City,West Ham,2,1,HOME_TEAM,1,0,19,5,9,3,8,4,M Oliver
2021-11-28,2021-2022,Brentford,Everton,1,0,HOME_TEAM,1,0,6,14,4,5,3,3,D England
2021-11-28,2021-2022,Leicester,Watford,4,2,HOME_TEAM,3,1,18,16,8,5,8,6,A Madley
2021-11-30,2021-2022,Newcastle,Norwich,1,1,DRAW,0,0,9,16,1,6,2,5,A Madley
2021-11-30,2021-2022,Leeds,Crystal Palace,1,0,HOME_TEAM,0,0,15,9,3,1,7,4,K Friend
2021-12-01,2021-2022,Southampton,Leicester,2,2,DRAW,2,1,15,15,7,6,2,4,R Jones
2021-12-01,2021-2022,Watford,Chelsea,1,2,AWAY_TEAM,1,1,13,8,6,4,6,0,D Coote
2021-12-01,2021-2022,West Ham,Brighton,1,1,DRAW,1,0,14,9,6,3,9,5,C Kavanagh
2021-12-01,2021-2022,Wolves,Burnley,0,0,DRAW,0,0,16,6,2,1,5,5,J Brooks
2021-12-01,2021-2022,Aston Villa,Man City,1,2,AWAY_TEAM,0,2,9,17,3,7,4,11,M Dean
2021-12-01,2021-2022,Everton,Liverpool,1,4,AWAY_TEAM,1,2,8,16,2,7,3,11,P Tierney
2021-12-02,2021-2022,Tottenham,Brentford,2,0,HOME_TEAM,1,0,11,6,6,2,11,5,J Moss
2021-12-02,2021-2022,Man United,Arsenal,3,2,HOME_TEAM,1,1,14,17,10,8,3,8,M Atkinson
2021-12-04,2021-2022,Wolves,Liverpool,0,1,AWAY_TEAM,0,0,3,17,1,5,2,8,C Kavanagh
2021-12-04,2021-2022,Southampton,Brighton,1,1,DRAW,1,0,14,14,4,4,6,2,A Taylor
2021-12-04,2021-2022,Watford,Man City,1,3,AWAY_TEAM,0,2,11,26,4,13,5,11,S Hooper
2021-12-04,2021-2022,West Ham,Chelsea,3,2,HOME_TEAM,1,2,11,19,5,7,1,9,A Marriner
2021-12-04,2021-2022,Newcastle,Burnley,1,0,HOME_TEAM,1,0,19,10,4,1,10,3,P Tierney
2021-12-05,2021-2022,Leeds,Brentford,2,2,DRAW,1,0,13,9,6,3,5,1,D Coote
2021-12-05,2021-2022,Man United,Crystal Palace,1,0,HOME_TEAM,0,0,16,8,3,2,9,6,C Pawson
2021-12-05,2021-2022,Tottenham,Norwich,3,0,HOME_TEAM,1,0,17,10,7,1,6,4,J Gillett
2021-12-05,2021-2022,Aston Villa,Leicester,2,1,HOME_TEAM,1,1,13,12,4,5,3,6,M Oliver
2021-12-06,2021-2022,Everton,Arsenal,2,1,HOME_TEAM,0,1,11,10,5,3,3,3,M Dean
2021-12-10,2021-2022,Brentford,Watford,2,1,HOME_TEAM,0,1,14,6,5,2,8,2,M Oliver
2021-12-11,2021-2022,Norwich,Man United,0,1,AWAY_TEAM,0,0,11,13,5,5,8,6,D England
2021-12-11,2021-2022,Liverpool,Aston Villa,1,0,HOME_TEAM,0,0,20,4,5,0,11,3,S Attwell
2021-12-11,2021-2022,Arsenal,Southampton,3,0,HOME_TEAM,2,0,15,11,5,6,9,8,J Gillett
2021-12-11,2021-2022,Man City,Wolves,1,0,HOME_TEAM,0,0,24,2,10,1,14,1,J Moss
2021-12-11,2021-2022,Chelsea,Leeds,3,2,HOME_TEAM,1,1,16,12,6,5,5,2,C Kavanagh
2021-12-12,2021-2022,Burnley,West Ham,0,0,DRAW,0,0,9,16,1,3,6,4,G Scott
2021-12-12,2021-2022,Leicester,Newcastle,4,0,HOME_TEAM,1,0,8,12,5,3,4,6,P Bankes
2021-12-12,2021-2022,Crystal Palace,Everton,3,1,HOME_TEAM,1,0,17,12,6,6,8,2,A Madley
2021-12-14,2021-2022,Man City,Leeds,7,0,HOME_TEAM,3,0,31,6,15,3,6,2,P Tierney
2021-12-14,2021-2022,Norwich,Aston Villa,0,2,AWAY_TEAM,0,1,7,17,3,6,7,10,D Coote
2021-12-15,2021-2022,Crystal Palace,Southampton,2,2,DRAW,1,2,9,15,6,4,4,6,S Hooper
2021-12-15,2021-2022,Arsenal,West Ham,2,0,HOME_TEAM,0,0,21,7,8,1,5,2,A Taylor
2021-12-15,2021-2022,Brighton,Wolves,0,1,AWAY_TEAM,0,1,12,8,2,5,7,4,T Harrington
2021-12-16,2021-2022,Chelsea,Everton,1,1,DRAW,0,0,23,5,10,3,7,1,M Oliver
2021-12-16,2021-2022,Liverpool,Newcastle,3,1,HOME_TEAM,2,1,23,4,8,2,11,0,M Dean
2021-12-18,2021-2022,Leeds,Arsenal,1,4,AWAY_TEAM,0,3,9,21,2,12,1,4,A Marriner
2021-12-19,2021-2022,Newcastle,Man City,0,4,AWAY_TEAM,0,2,5,18,1,7,3,6,M Atkinson
2021-12-19,2021-2022,Wolves,Chelsea,0,0,DRAW,0,0,4,8,1,1,4,9,D Coote
2021-12-19,2021-2022,Tottenham,Liverpool,2,2,DRAW,1,1,10,18,5,6,6,4,P Tierney
2021-12-26,2021-2022,Man City,Leicester,6,3,HOME_TEAM,4,0,17,14,9,8,14,4,C Kavanagh
2021-12-26,2021-2022,Norwich,Arsenal,0,5,AWAY_TEAM,0,2,4,16,2,6,3,5,G Scott
2021-12-26,2021-2022,Tottenham,Crystal Palace,3,0,HOME_TEAM,2,0,17,4,6,0,4,2,J Moss
2021-12-26,2021-2022,West Ham,Southampton,2,3,AWAY_TEAM,0,1,11,11,5,6,10,2,K Friend
2021-12-26,2021-2022,Aston Villa,Chelsea,1,3,AWAY_TEAM,1,1,8,10,1,4,2,5,M Atkinson
2021-12-26,2021-2022,Brighton,Brentford,2,0,HOME_TEAM,2,0,15,16,5,6,6,9,D England
2021-12-27,2021-2022,Newcastle,Man United,1,1,DRAW,1,0,13,13,8,4,2,4,C Pawson
2021-12-28,2021-2022,Leicester,Liverpool,1,0,HOME_TEAM,0,0,6,21,1,4,1,12,M Oliver
2021-12-28,2021-2022,Watford,West Ham,1,4,AWAY_TEAM,1,2,14,13,5,6,4,5,D England
2021-12-28,2021-2022,Crystal Palace,Norwich,3,0,HOME_TEAM,3,0,19,12,6,3,8,8,P Tierney
2021-12-28,2021-2022,Southampton,Tottenham,1,1,DRAW,1,1,9,21,2,11,3,7,A Taylor
2021-12-29,2021-2022,Chelsea,Brighton,1,1,DRAW,1,0,11,18,5,6,10,8,M Dean
2021-12-29,2021-2022,Brentford,Man City,0,1,AWAY_TEAM,0,1,6,12,2,3,3,5,D Coote
2021-12-30,2021-2022,Man United,Burnley,3,1,HOME_TEAM,3,1,18,10,6,3,7,5,J Moss
2022-01-01,2021-2022,Arsenal,Man City,1,2,AWAY_TEAM,1,0,7,15,2,2,5,5,S Attwell
2022-01-01,2021-2022,Watford,Tottenham,0,1,AWAY_TEAM,0,0,6,21,4,9,3,7,R Jones
2022-01-01,2021-2022,Crystal Palace,West Ham,2,3,AWAY_TEAM,0,3,22,10,6,5,9,1,D England
2022-01-02,2021-2022,Brentford,Aston Villa,2,1,HOME_TEAM,1,1,10,16,4,5,3,7,C Pawson
2022-01-02,2021-2022,Everton,Brighton,2,3,AWAY_TEAM,0,2,17,12,6,5,8,5,J Brooks
2022-01-02,2021-2022,Leeds,Burnley,3,1,HOME_TEAM,1,0,22,8,7,2,9,3,P Tierney
2022-01-02,2021-2022,Chelsea,Liverpool,2,2,DRAW,2,2,15,10,6,6,6,7,A Taylor
2022-01-03,2021-2022,Man United,Wolves,0,1,AWAY_TEAM,0,0,9,19,2,6,3,8,M Dean
2022-01-11,2021-2022,Southampton,Brentford,4,1,HOME_TEAM,2,1,12,5,6,4,5,2,S Attwell
2022-01-12,2021-2022,West Ham,Norwich,2,0,HOME_TEAM,1,0,13,7,5,3,11,2,S Hooper
2022-01-14,2021-2022,Brighton,Crystal Palace,1,1,DRAW,0,0,19,3,4,1,9,0,R Jones
2022-01-15,2021-2022,Aston Villa,Man United,2,2,DRAW,0,1,13,13,9,6,3,6,D Coote
2022-01-15,2021-2022,Wolves,Southampton,3,1,HOME_TEAM,1,0,9,13,5,10,2,10,M Salisbury
2022-01-15,2021-2022,Norwich,Everton,2,1,HOME_TEAM,2,0,14,12,3,5,8,8,A Madley
2022-01-15,2021-2022,Newcastle,Watford,1,1,DRAW,0,0,12,18,1,5,4,6,P Tierney
2022-01-15,2021-2022,Man City,Chelsea,1,0,HOME_TEAM,0,0,11,4,6,1,9,1,C Pawson
2022-01-16,2021-2022,Liverpool,Brentford,3,0,HOME_TEAM,1,0,27,6,13,1,9,0,J Moss
2022-01-16,2021-2022,West Ham,Leeds,2,3,AWAY_TEAM,1,2,15,18,5,5,4,3,M Dean
2022-01-18,2021-2022,Brighton,Chelsea,1,1,DRAW,0,1,10,15,2,3,5,7,K Friend
2022-01-19,2021-2022,Leicester,Tottenham,2,3,AWAY_TEAM,1,1,14,27,4,10,3,8,J Moss
2022-01-19,2021-2022,Brentford,Man United,1,3,AWAY_TEAM,0,0,18,13,8,5,6,9,A Marriner
2022-01-21,2021-2022,Watford,Norwich,0,3,AWAY_TEAM,0,0,15,7,4,2,5,1,M Dean
2022-01-22,2021-2022,Everton,Aston Villa,0,1,AWAY_TEAM,0,1,15,8,1,3,9,2,C Pawson
2022-01-22,2021-2022,Brentford,Wolves,1,2,AWAY_TEAM,0,0,11,7,1,2,6,3,P Bankes
2022-01-22,2021-2022,Leeds,Newcastle,0,1,AWAY_TEAM,0,0,13,15,4,3,6,7,C Kavanagh
2022-01-22,2021-2022,Man United,West Ham,1,0,HOME_TEAM,0,0,18,6,3,1,3,3,J Moss
2022-01-22,2021-2022,Southampton,Man City,1,1,DRAW,1,0,7,20,3,5,2,11,S Hooper
2022-01-23,2021-2022,Leicester,Brighton,1,1,DRAW,0,0,15,14,5,5,4,5,M Atkinson
2022-01-23,2021-2022,Chelsea,Tottenham,2,0,HOME_TEAM,0,0,15,6,7,3,10,3,P Tierney
2022-01-23,2021-2022,Arsenal,Burnley,0,0,DRAW,0,0,20,10,5,1,12,4,D Coote
2022-01-23,2021-2022,Crystal Palace,Liverpool,1,3,AWAY_TEAM,0,2,8,15,5,7,2,5,K Friend
2022-02-05,2021-2022,Burnley,Watford,0,0,DRAW,0,0,13,11,2,5,4,7,C Pawson
2022-02-08,2021-2022,Newcastle,Everton,3,1,HOME_TEAM,1,1,20,11,9,3,6,2,A Taylor
2022-02-08,2021-2022,West Ham,Watford,1,0,HOME_TEAM,0,0,9,6,3,1,5,6,M Atkinson
2022-02-08,2021-2022,Burnley,Man United,1,1,DRAW,0,1,9,22,3,5,2,10,M Dean
2022-02-09,2021-2022,Tottenham,Southampton,2,3,AWAY_TEAM,1,1,8,23,3,10,2,8,D Coote
2022-02-09,2021-2022,Aston Villa,Leeds,3,3,DRAW,3,2,12,16,4,8,6,11,J Gillett
2022-02-09,2021-2022,Man City,Brentford,2,0,HOME_TEAM,1,0,15,6,7,2,9,3,D England
2022-02-09,2021-2022,Norwich,Crystal Palace,1,1,DRAW,1,0,5,13,1,5,4,6,P Tierney
2022-02-10,2021-2022,Liverpool,Leicester,2,0,HOME_TEAM,1,0,22,5,11,1,7,6,C Kavanagh
2022-02-10,2021-2022,Wolves,Arsenal,0,1,AWAY_TEAM,0,1,15,12,4,2,7,4,M Oliver
2022-02-12,2021-2022,Man United,Southampton,1,1,DRAW,1,0,12,13,8,4,1,4,S Attwell
2022-02-12,2021-2022,Brentford,Crystal Palace,0,0,DRAW,0,0,9,6,2,3,3,9,S Hooper
2022-02-12,2021-2022,Everton,Leeds,3,0,HOME_TEAM,2,0,21,7,10,0,5,3,G Scott
2022-02-12,2021-2022,Watford,Brighton,0,2,AWAY_TEAM,0,1,9,11,1,6,4,5,J Moss
2022-02-12,2021-2022,Norwich,Man City,0,4,AWAY_TEAM,0,1,8,22,3,9,4,12,A Marriner
2022-02-13,2021-2022,Leicester,West Ham,2,2,DRAW,1,1,13,8,2,3,5,4,M Oliver
2022-02-13,2021-2022,Tottenham,Wolves,0,2,AWAY_TEAM,0,2,17,11,7,7,7,3,K Friend
2022-02-13,2021-2022,Burnley,Liverpool,0,1,AWAY_TEAM,0,1,8,12,5,4,5,8,M Atkinson
2022-02-13,2021-2022,Newcastle,Aston Villa,1,0,HOME_TEAM,1,0,10,11,2,1,3,6,C Pawson
2022-02-15,2021-2022,Man United,Brighton,2,0,HOME_TEAM,0,0,19,10,7,3,10,2,P Bankes
2022-02-19,2021-2022,West Ham,Newcastle,1,1,DRAW,1,1,11,14,3,3,3,7,C Kavanagh
2022-02-19,2021-2022,Arsenal,Brentford,2,1,HOME_TEAM,0,0,24,6,8,2,14,0,J Moss
2022-02-19,2021-2022,Aston Villa,Watford,0,1,AWAY_TEAM,0,0,20,8,1,4,10,5,R Jones
2022-02-19,2021-2022,Brighton,Burnley,0,3,AWAY_TEAM,0,2,11,10,1,4,4,4,K Friend
2022-02-19,2021-2022,Crystal Palace,Chelsea,0,1,AWAY_TEAM,0,0,7,9,0,3,4,4,D Coote
2022-02-19,2021-2022,Liverpool,Norwich,3,1,HOME_TEAM,0,0,29,6,8,1,9,4,M Dean
2022-02-19,2021-2022,Southampton,Everton,2,0,HOME_TEAM,0,0,19,9,11,0,4,4,A Madley
2022-02-19,2021-2022,Man City,Tottenham,2,3,AWAY_TEAM,1,1,21,6,4,5,10,0,A Taylor
2022-02-20,2021-2022,Leeds,Man United,2,4,AWAY_TEAM,0,2,16,15,6,9,3,3,P Tierney
2022-02-20,2021-2022,Wolves,Leicester,2,1,HOME_TEAM,1,1,11,17,3,7,7,10,C Pawson
2022-02-23,2021-2022,Burnley,Tottenham,1,0,HOME_TEAM,0,0,15,12,4,2,3,7,G Scott
2022-02-23,2021-2022,Watford,Crystal Palace,1,4,AWAY_TEAM,1,2,8,7,1,5,6,4,A Marriner
2022-02-23,2021-2022,Liverpool,Leeds,6,0,HOME_TEAM,3,0,23,3,15,2,4,0,M Oliver
2022-02-24,2021-2022,Arsenal,Wolves,2,1,HOME_TEAM,0,1,26,6,5,2,5,4,M Atkinson
2022-02-25,2021-2022,Southampton,Norwich,2,0,HOME_TEAM,1,0,27,8,9,1,13,6,S Hooper
2022-02-26,2021-2022,Leeds,Tottenham,0,4,AWAY_TEAM,0,3,19,15,3,11,3,6,C Pawson
2022-02-26,2021-2022,Brentford,Newcastle,0,2,AWAY_TEAM,0,2,6,26,1,11,6,6,M Dean
2022-02-26,2021-2022,Crystal Palace,Burnley,1,1,DRAW,1,0,11,5,4,1,5,4,J Moss
2022-02-26,2021-2022,Man United,Watford,0,0,DRAW,0,0,22,10,3,2,4,3,K Friend
2022-02-26,2021-2022,Brighton,Aston Villa,0,2,AWAY_TEAM,0,1,12,9,1,4,7,2,J Brooks
2022-02-26,2021-2022,Everton,Man City,0,1,AWAY_TEAM,0,0,6,13,2,8,3,4,P Tierney
2022-02-27,2021-2022,West Ham,Wolves,1,0,HOME_TEAM,0,0,13,14,4,1,3,5,A Taylor
2022-03-01,2021-2022,Burnley,Leicester,0,2,AWAY_TEAM,0,0,9,22,2,6,6,8,C Kavanagh
2022-03-05,2021-2022,Leicester,Leeds,1,0,HOME_TEAM,0,0,7,19,4,4,5,10,D Coote
2022-03-05,2021-2022,Aston Villa,Southampton,4,0,HOME_TEAM,2,0,14,11,9,1,4,7,P Bankes
2022-03-05,2021-2022,Burnley,Chelsea,0,4,AWAY_TEAM,0,0,6,11,1,5,5,2,A Marriner
2022-03-05,2021-2022,Newcastle,Brighton,2,1,HOME_TEAM,2,0,10,15,4,4,4,7,M Atkinson
2022-03-05,2021-2022,Norwich,Brentford,1,3,AWAY_TEAM,0,1,15,10,7,6,5,5,A Taylor
2022-03-05,2021-2022,Wolves,Crystal Palace,0,2,AWAY_TEAM,0,2,12,12,5,8,7,7,A Madley
2022-03-05,2021-2022,Liverpool,West Ham,1,0,HOME_TEAM,1,0,22,13,5,5,4,6,J Moss
2022-03-06,2021-2022,Man City,Man United,4,1,HOME_TEAM,2,1,24,5,10,2,9,3,M Oliver
2022-03-06,2021-2022,Watford,Arsenal,2,3,AWAY_TEAM,1,2,13,16,7,4,1,5,C Pawson
2022-03-07,2021-2022,Tottenham,Everton,5,0,HOME_TEAM,3,0,14,6,7,0,5,2,S Attwell
2022-03-10,2021-2022,Norwich,Chelsea,1,3,AWAY_TEAM,0,2,9,15,3,7,3,8,M Atkinson
2022-03-10,2021-2022,Southampton,Newcastle,1,2,AWAY_TEAM,1,1,14,8,5,4,12,5,K Friend
2022-03-10,2021-2022,Wolves,Watford,4,0,HOME_TEAM,3,0,10,9,5,0,5,2,D England
2022-03-10,2021-2022,Leeds,Aston Villa,0,3,AWAY_TEAM,0,1,4,15,1,9,3,5,S Hooper
2022-03-12,2021-2022,Brighton,Liverpool,0,2,AWAY_TEAM,0,1,8,18,3,9,7,6,M Dean
2022-03-12,2021-2022,Brentford,Burnley,2,0,HOME_TEAM,0,0,13,7,4,1,2,9,P Tierney
2022-03-12,2021-2022,Man United,Tottenham,3,2,HOME_TEAM,2,1,10,10,6,3,4,5,J Moss
2022-03-13,2021-2022,Chelsea,Newcastle,1,0,HOME_TEAM,0,0,8,7,3,2,7,2,D Coote
2022-03-13,2021-2022,Everton,Wolves,0,1,AWAY_TEAM,0,0,8,14,2,3,5,2,M Oliver
2022-03-13,2021-2022,Leeds,Norwich,2,1,HOME_TEAM,1,0,13,12,7,4,6,2,S Attwell
2022-03-13,2021-2022,Southampton,Watford,1,2,AWAY_TEAM,1,2,13,9,7,5,11,3,G Scott
2022-03-13,2021-2022,West Ham,Aston Villa,2,1,HOME_TEAM,0,0,11,13,4,7,5,7,J Gillett
2022-03-13,2021-2022,Arsenal,Leicester,2,0,HOME_TEAM,1,0,21,6,8,3,2,6,A Taylor
2022-03-14,2021-2022,Crystal Palace,Man City,0,0,DRAW,0,0,7,18,1,4,2,6,M Atkinson
2022-03-16,2021-2022,Brighton,Tottenham,0,2,AWAY_TEAM,0,1,15,17,0,7,6,3,R Jones
2022-03-16,2021-2022,Arsenal,Liverpool,0,2,AWAY_TEAM,0,0,9,9,2,3,1,6,A Marriner
2022-03-17,2021-2022,Everton,Newcastle,1,0,HOME_TEAM,0,0,9,17,3,6,5,7,C Pawson
2022-03-18,2021-2022,Wolves,Leeds,2,3,AWAY_TEAM,2,0,14,15,8,6,2,5,K Friend
2022-03-19,2021-2022,Aston Villa,Arsenal,0,1,AWAY_TEAM,0,1,8,10,1,3,6,5,A Madley
2022-03-20,2021-2022,Leicester,Brentford,2,1,HOME_TEAM,2,0,12,15,4,6,2,5,D England
2022-03-20,2021-2022,Tottenham,West Ham,3,1,HOME_TEAM,2,1,17,6,4,1,5,3,A Taylor
2022-04-02,2021-2022,Liverpool,Watford,2,0,HOME_TEAM,1,0,20,5,3,2,9,3,S Attwell
2022-04-02,2021-2022,Brighton,Norwich,0,0,DRAW,0,0,31,6,4,0,11,2,S Hooper
2022-04-02,2021-2022,Burnley,Man City,0,2,AWAY_TEAM,0,2,3,18,1,6,1,8,C Pawson
2022-04-02,2021-2022,Chelsea,Brentford,1,4,AWAY_TEAM,0,0,21,17,8,6,12,7,A Madley
2022-04-02,2021-2022,Leeds,Southampton,1,1,DRAW,1,0,12,14,3,6,4,7,A Taylor
2022-04-02,2021-2022,Wolves,Aston Villa,2,1,HOME_TEAM,2,0,11,15,5,5,4,9,D England
2022-04-02,2021-2022,Man United,Leicester,1,1,DRAW,0,0,11,11,5,3,6,5,A Marriner
2022-04-03,2021-2022,West Ham,Everton,2,1,HOME_TEAM,1,0,11,13,5,2,2,4,M Oliver
2022-04-03,2021-2022,Tottenham,Newcastle,5,1,HOME_TEAM,1,1,19,8,6,1,2,3,M Atkinson
2022-04-04,2021-2022,Crystal Palace,Arsenal,3,0,HOME_TEAM,2,0,6,12,5,3,0,2,P Tierney
2022-04-06,2021-2022,Burnley,Everton,3,2,HOME_TEAM,1,2,13,16,4,4,9,6,M Dean
2022-04-08,2021-2022,Newcastle,Wolves,1,0,HOME_TEAM,0,0,12,5,4,2,1,2,P Bankes
2022-04-09,2021-2022,Everton,Man United,1,0,HOME_TEAM,1,0,7,12,3,4,5,7,J Moss
2022-04-09,2021-2022,Arsenal,Brighton,1,2,AWAY_TEAM,0,1,20,8,4,3,11,2,D Coote
2022-04-09,2021-2022,Southampton,Chelsea,0,6,AWAY_TEAM,0,4,4,24,1,14,3,3,K Friend
2022-04-09,2021-2022,Watford,Leeds,0,3,AWAY_TEAM,0,1,8,10,1,5,3,8,A Marriner
2022-04-09,2021-2022,Aston Villa,Tottenham,0,4,AWAY_TEAM,0,1,9,11,8,5,9,3,G Scott
2022-04-10,2021-2022,Brentford,West Ham,2,0,HOME_TEAM,0,0,15,5,7,1,4,6,M Atkinson
2022-04-10,2021-2022,Leicester,Crystal Palace,2,1,HOME_TEAM,2,0,12,11,3,3,3,4,R Jones
2022-04-10,2021-2022,Norwich,Burnley,2,0,HOME_TEAM,1,0,17,18,6,4,6,7,M Oliver
2022-04-10,2021-2022,Man City,Liverpool,2,2,DRAW,2,1,11,6,5,4,4,1,A Taylor
2022-04-16,2021-2022,Tottenham,Brighton,0,1,AWAY_TEAM,0,0,5,12,0,5,4,4,C Pawson
2022-04-16,2021-2022,Man United,Norwich,3,2,HOME_TEAM,2,1,20,15,9,4,6,7,A Madley
2022-04-16,2021-2022,Southampton,Arsenal,1,0,HOME_TEAM,1,0,9,23,3,6,6,8,P Bankes
2022-04-16,2021-2022,Watford,Brentford,1,2,AWAY_TEAM,0,1,17,16,4,5,6,5,S Hooper
2022-04-17,2021-2022,West Ham,Burnley,1,1,DRAW,0,1,21,9,8,1,13,4,P Tierney
2022-04-17,2021-2022,Newcastle,Leicester,2,1,HOME_TEAM,1,1,16,8,7,2,3,5,J Gillett
2022-04-19,2021-2022,Liverpool,Man United,4,0,HOME_TEAM,2,0,14,2,5,1,10,2,M Atkinson
2022-04-20,2021-2022,Chelsea,Arsenal,2,4,AWAY_TEAM,2,2,11,14,2,4,6,1,J Moss
2022-04-20,2021-2022,Everton,Leicester,1,1,DRAW,0,1,13,11,3,3,5,4,D Coote
2022-04-20,2021-2022,Newcastle,Crystal Palace,1,0,HOME_TEAM,1,0,13,10,4,2,2,5,T Harrington
2022-04-20,2021-2022,Man City,Brighton,3,0,HOME_TEAM,0,0,17,2,5,1,7,4,M Dean
2022-04-21,2021-2022,Burnley,Southampton,2,0,HOME_TEAM,2,0,16,11,6,3,10,10,S Attwell
2022-04-23,2021-2022,Leicester,Aston Villa,0,0,DRAW,0,0,5,11,2,3,7,6,A Madley
2022-04-23,2021-2022,Arsenal,Man United,3,1,HOME_TEAM,2,1,14,14,7,5,1,7,C Pawson
2022-04-23,2021-2022,Man City,Watford,5,1,HOME_TEAM,3,1,21,5,8,2,11,4,K Friend
2022-04-23,2021-2022,Norwich,Newcastle,0,3,AWAY_TEAM,0,2,5,13,2,7,2,3,C Kavanagh
2022-04-23,2021-2022,Brentford,Tottenham,0,0,DRAW,0,0,15,9,2,0,12,8,M Atkinson
2022-04-24,2021-2022,Chelsea,West Ham,1,0,HOME_TEAM,0,0,26,6,5,2,3,1,M Oliver
2022-04-24,2021-2022,Liverpool,Everton,2,0,HOME_TEAM,0,0,18,9,4,1,13,1,S Attwell
2022-04-24,2021-2022,Brighton,Southampton,2,2,DRAW,2,1,8,18,5,5,6,6,R Jones
2022-04-24,2021-2022,Burnley,Wolves,1,0,HOME_TEAM,0,0,14,10,5,4,3,6,A Taylor
2022-04-25,2021-2022,Crystal Palace,Leeds,0,0,DRAW,0,0,17,9,7,2,6,3,D England
2022-04-28,2021-2022,Man United,Chelsea,1,1,DRAW,0,0,6,21,3,6,2,9,M Dean
2022-04-30,2021-2022,Newcastle,Liverpool,0,1,AWAY_TEAM,0,1,4,24,2,10,0,6,A Marriner
2022-04-30,2021-2022,Aston Villa,Norwich,2,0,HOME_TEAM,1,0,21,9,6,3,2,3,J Brooks
2022-04-30,2021-2022,Southampton,Crystal Palace,1,2,AWAY_TEAM,1,0,8,14,3,5,6,7,J Gillett
2022-04-30,2021-2022,Watford,Burnley,1,2,AWAY_TEAM,1,0,13,17,1,6,5,6,C Pawson
2022-04-30,2021-2022,Wolves,Brighton,0,3,AWAY_TEAM,0,1,11,17,1,9,7,3,S Hooper
2022-04-30,2021-2022,Leeds,Man City,0,4,AWAY_TEAM,0,1,7,19,2,6,3,6,P Tierney
2022-05-01,2021-2022,Tottenham,Leicester,3,1,HOME_TEAM,1,0,13,6,7,2,7,3,J Moss
2022-05-01,2021-2022,West Ham,Arsenal,1,2,AWAY_TEAM,1,1,8,13,3,7,3,7,M Dean
2022-05-01,2021-2022,Everton,Chelsea,1,0,HOME_TEAM,0,0,9,17,4,5,3,8,K Friend
2022-05-02,2021-2022,Man United,Brentford,3,0,HOME_TEAM,1,0,9,12,5,4,3,8,C Kavanagh
2022-05-07,2021-2022,Brentford,Southampton,3,0,HOME_TEAM,2,0,18,19,5,4,4,7,M Salisbury
2022-05-07,2021-2022,Burnley,Aston Villa,1,3,AWAY_TEAM,0,2,14,12,6,7,4,5,D Coote
2022-05-07,2021-2022,Chelsea,Wolves,2,2,DRAW,0,0,19,14,6,4,9,3,P Bankes
2022-05-07,2021-2022,Crystal Palace,Watford,1,0,HOME_TEAM,1,0,15,6,7,1,8,5,G Scott
2022-05-07,2021-2022,Brighton,Man United,4,0,HOME_TEAM,1,0,17,15,6,5,7,6,A Madley
2022-05-07,2021-2022,Liverpool,Tottenham,1,1,DRAW,0,0,22,8,3,3,11,5,M Oliver
2022-05-08,2021-2022,Man City,Newcastle,5,0,HOME_TEAM,2,0,21,7,9,3,8,2,S Attwell
2022-05-08,2021-2022,Norwich,West Ham,0,4,AWAY_TEAM,0,3,8,13,2,5,9,5,R Jones
2022-05-08,2021-2022,Arsenal,Leeds,2,1,HOME_TEAM,2,0,19,3,9,2,8,2,C Kavanagh
2022-05-08,2021-2022,Leicester,Everton,1,2,AWAY_TEAM,1,2,16,10,9,4,6,1,C Pawson
2022-05-10,2021-2022,Aston Villa,Liverpool,1,2,AWAY_TEAM,1,1,9,17,4,6,2,3,J Moss
2022-05-11,2021-2022,Leeds,Chelsea,0,3,AWAY_TEAM,0,1,5,17,0,4,1,5,A Taylor
2022-05-11,2021-2022,Leicester,Norwich,3,0,HOME_TEAM,0,0,20,9,8,5,10,2,S Hooper
2022-05-11,2021-2022,Watford,Everton,0,0,DRAW,0,0,6,16,0,5,1,13,M Dean
2022-05-11,2021-2022,Wolves,Man City,1,5,AWAY_TEAM,1,3,7,16,3,5,6,2,M Atkinson
2022-05-12,2021-2022,Tottenham,Arsenal,3,0,HOME_TEAM,2,0,16,8,6,4,2,2,P Tierney
2022-05-15,2021-2022,Wolves,Norwich,1,1,DRAW,0,1,17,11,4,2,5,3,T Harrington
2022-05-15,2021-2022,Tottenham,Burnley,1,0,HOME_TEAM,1,0,21,8,8,1,8,2,K Friend
2022-05-15,2021-2022,Aston Villa,Crystal Palace,1,1,DRAW,0,0,13,16,4,4,1,5,C Kavanagh
2022-05-15,2021-2022,Leeds,Brighton,1,1,DRAW,0,1,19,16,5,6,8,1,M Dean
2022-05-15,2021-2022,Watford,Leicester,1,5,AWAY_TEAM,1,2,13,13,5,7,7,3,J Gillett
2022-05-15,2021-2022,West Ham,Man City,2,2,DRAW,2,0,6,31,2,8,4,9,A Taylor
2022-05-15,2021-2022,Everton,Brentford,2,3,AWAY_TEAM,2,1,10,18,5,7,5,2,M Oliver
2022-05-16,2021-2022,Newcastle,Arsenal,2,0,HOME_TEAM,0,0,16,11,4,2,12,8,D England
2022-05-17,2021-2022,Southampton,Liverpool,1,2,AWAY_TEAM,1,1,4,24,2,5,1,9,M Atkinson
2022-05-19,2021-2022,Everton,Crystal Palace,3,2,HOME_TEAM,0,2,12,7,6,5,4,5,A Taylor
2022-05-19,2021-2022,Aston Villa,Burnley,1,1,DRAW,0,1,22,10,9,5,13,6,P Tierney
2022-05-19,2021-2022,Chelsea,Leicester,1,1,DRAW,1,1,20,2,7,1,6,0,S Attwell
2022-05-22,2021-2022,Norwich,Tottenham,0,5,AWAY_TEAM,0,2,9,19,0,13,3,2,C Kavanagh
2022-05-22,2021-2022,Man City,Aston Villa,3,2,HOME_TEAM,0,1,24,4,5,2,13,1,M Oliver
2022-05-22,2021-2022,Liverpool,Wolves,3,1,HOME_TEAM,1,1,29,7,8,5,5,3,A Taylor
2022-05-22,2021-2022,Leicester,Southampton,4,1,HOME_TEAM,0,0,12,7,6,2,3,3,J Moss
2022-05-22,2021-2022,Crystal Palace,Man United,1,0,HOME_TEAM,1,0,6,10,3,4,3,6,M Atkinson
2022-05-22,2021-2022,Chelsea,Watford,2,1,HOME_TEAM,1,0,19,8,8,3,3,3,M Dean
2022-05-22,2021-2022,Burnley,Newcastle,1,2,AWAY_TEAM,0,1,12,8,5,6,8,2,C Pawson
2022-05-22,2021-2022,Brighton,West Ham,3,1,HOME_TEAM,0,1,18,7,7,2,5,6,K Friend
2022-05-22,2021-2022,Brentford,Leeds,1,2,AWAY_TEAM,0,0,14,14,5,6,3,2,P Tierney
2022-05-22,2021-2022,Arsenal,Everton,5,1,HOME_TEAM,2,1,26,6,9,2,12,2,A Marriner
2022-08-05,2022-2023,Crystal Palace,Arsenal,0,2,AWAY_TEAM,0,1,10,10,2,2,3,5,A Taylor
2022-08-06,2022-2023,Everton,Chelsea,0,1,AWAY_TEAM,0,1,8,15,4,6,4,16,C Pawson
2022-08-06,2022-2023,Tottenham,Southampton,4,1,HOME_TEAM,2,1,18,10,8,2,10,2,A Marriner
2022-08-06,2022-2023,Newcastle,Nott'm Forest,2,0,HOME_TEAM,0,0,23,5,10,0,11,1,S Hooper
2022-08-06,2022-2023,Bournemouth,Aston Villa,2,0,HOME_TEAM,1,0,7,15,3,2,5,5,P Bankes
2022-08-06,2022-2023,Fulham,Liverpool,2,2,DRAW,1,0,9,11,3,4,4,4,A Madley
2022-08-06,2022-2023,Leeds,Wolves,2,1,HOME_TEAM,1,1,12,15,4,6,6,4,R Jones
2022-08-07,2022-2023,Leicester,Brentford,2,2,DRAW,1,0,14,8,5,3,5,6,J Gillett
2022-08-07,2022-2023,Man United,Brighton,1,2,AWAY_TEAM,0,2,17,15,5,4,6,2,P Tierney
2022-08-07,2022-2023,West Ham,Man City,0,2,AWAY_TEAM,0,1,6,14,1,2,1,4,M Oliver
2022-08-13,2022-2023,Aston Villa,Everton,2,1,HOME_TEAM,1,0,12,15,4,4,5,8,M Oliver
2022-08-13,2022-2023,Arsenal,Leicester,4,2,HOME_TEAM,2,0,19,6,7,2,6,2,D England
2022-08-13,2022-2023,Brighton,Newcastle,0,0,DRAW,0,0,13,4,7,1,7,3,G Scott
2022-08-13,2022-2023,Man City,Bournemouth,4,0,HOME_TEAM,3,0,19,3,7,1,11,1,D Coote
2022-08-13,2022-2023,Southampton,Leeds,2,2,DRAW,0,0,14,13,4,5,2,5,T Harrington
2022-08-13,2022-2023,Wolves,Fulham,0,0,DRAW,0,0,7,9,1,3,5,3,J Brooks
2022-08-13,2022-2023,Brentford,Man United,4,0,HOME_TEAM,4,0,13,15,7,4,8,2,S Attwell
2022-08-14,2022-2023,Nott'm Forest,West Ham,1,0,HOME_TEAM,1,0,13,19,6,5,6,7,R Jones
2022-08-14,2022-2023,Chelsea,Tottenham,2,2,DRAW,1,0,16,10,3,5,8,5,A Taylor
2022-08-15,2022-2023,Liverpool,Crystal Palace,1,1,DRAW,0,1,24,7,4,3,4,2,P Tierney
2022-08-20,2022-2023,Tottenham,Wolves,1,0,HOME_TEAM,0,0,11,20,4,3,8,6,S Hooper
2022-08-20,2022-2023,Crystal Palace,Aston Villa,3,1,HOME_TEAM,1,1,17,13,9,5,4,2,A Madley
2022-08-20,2022-2023,Everton,Nott'm Forest,1,1,DRAW,0,0,19,14,8,5,6,2,A Marriner
2022-08-20,2022-2023,Fulham,Brentford,3,2,HOME_TEAM,2,1,18,13,9,5,6,3,P Bankes
2022-08-20,2022-2023,Leicester,Southampton,1,2,AWAY_TEAM,0,0,6,9,1,3,2,5,M Salisbury
2022-08-20,2022-2023,Bournemouth,Arsenal,0,3,AWAY_TEAM,0,2,6,14,1,6,3,4,C Pawson
2022-08-21,2022-2023,Leeds,Chelsea,3,0,HOME_TEAM,2,0,12,14,6,3,4,6,S Attwell
2022-08-21,2022-2023,West Ham,Brighton,0,2,AWAY_TEAM,0,1,13,11,3,2,5,4,A Taylor
2022-08-21,2022-2023,Newcastle,Man City,3,3,DRAW,2,1,12,21,6,10,5,5,J Gillett
2022-08-22,2022-2023,Man United,Liverpool,2,1,HOME_TEAM,1,0,12,17,4,5,6,8,M Oliver
2022-08-27,2022-2023,Man City,Crystal Palace,4,2,HOME_TEAM,0,2,18,2,5,2,6,1,D England
2022-08-27,2022-2023,Liverpool,Bournemouth,9,0,HOME_TEAM,5,0,19,5,12,2,8,1,S Attwell
2022-08-27,2022-2023,Chelsea,Leicester,2,1,HOME_TEAM,0,0,7,17,3,5,3,11,P Tierney
2022-08-27,2022-2023,Arsenal,Fulham,2,1,HOME_TEAM,0,0,22,11,8,3,9,2,J Gillett
2022-08-27,2022-2023,Brentford,Everton,1,1,DRAW,0,1,19,14,5,7,8,5,J Brooks
2022-08-27,2022-2023,Southampton,Man United,0,1,AWAY_TEAM,0,0,17,11,5,6,5,3,A Madley
2022-08-27,2022-2023,Brighton,Leeds,1,0,HOME_TEAM,0,0,13,10,4,2,5,3,M Salisbury
2022-08-28,2022-2023,Aston Villa,West Ham,0,1,AWAY_TEAM,0,0,9,7,3,2,3,2,D Coote
2022-08-28,2022-2023,Wolves,Newcastle,1,1,DRAW,1,0,10,21,4,6,4,13,P Bankes
2022-08-28,2022-2023,Nott'm Forest,Tottenham,0,2,AWAY_TEAM,0,1,17,18,1,7,6,1,C Pawson
2022-08-30,2022-2023,Southampton,Chelsea,2,1,HOME_TEAM,2,1,9,10,7,4,5,3,M Oliver
2022-08-30,2022-2023,Leeds,Everton,1,1,DRAW,0,1,14,7,5,2,10,2,D England
2022-08-30,2022-2023,Crystal Palace,Brentford,1,1,DRAW,0,0,13,9,4,3,4,6,S Hooper
2022-08-30,2022-2023,Fulham,Brighton,2,1,HOME_TEAM,0,0,10,7,3,4,3,3,T Bramall
2022-08-31,2022-2023,Arsenal,Aston Villa,2,1,HOME_TEAM,1,0,22,4,9,3,10,3,R Jones
2022-08-31,2022-2023,Bournemouth,Wolves,0,0,DRAW,0,0,5,17,2,4,2,5,A Taylor
2022-08-31,2022-2023,Man City,Nott'm Forest,6,0,HOME_TEAM,3,0,17,8,9,1,10,1,P Tierney
2022-08-31,2022-2023,West Ham,Tottenham,1,1,DRAW,0,1,14,13,4,4,3,4,P Bankes
2022-08-31,2022-2023,Liverpool,Newcastle,2,1,HOME_TEAM,0,1,23,5,6,2,13,0,A Marriner
2022-09-01,2022-2023,Leicester,Man United,0,1,AWAY_TEAM,0,1,10,9,2,2,1,3,C Pawson
2022-09-03,2022-2023,Tottenham,Fulham,2,1,HOME_TEAM,1,0,23,9,10,3,10,3,S Attwell
2022-09-03,2022-2023,Aston Villa,Man City,1,1,DRAW,0,0,3,13,1,4,1,4,S Hooper
2022-09-03,2022-2023,Wolves,Southampton,1,0,HOME_TEAM,1,0,7,12,2,1,5,6,J Brooks
2022-09-03,2022-2023,Newcastle,Crystal Palace,0,0,DRAW,0,0,23,19,6,9,13,5,M Salisbury
2022-09-03,2022-2023,Brentford,Leeds,5,2,HOME_TEAM,2,1,14,17,8,6,2,6,R Jones
2022-09-03,2022-2023,Chelsea,West Ham,2,1,HOME_TEAM,0,0,8,6,3,3,10,3,A Madley
2022-09-03,2022-2023,Nott'm Forest,Bournemouth,2,3,AWAY_TEAM,2,0,11,8,3,3,4,6,M Oliver
2022-09-03,2022-2023,Everton,Liverpool,0,0,DRAW,0,0,14,23,3,8,7,9,A Taylor
2022-09-04,2022-2023,Brighton,Leicester,5,2,HOME_TEAM,2,2,23,6,11,4,10,1,T Harrington
2022-09-04,2022-2023,Man United,Arsenal,3,1,HOME_TEAM,1,0,10,16,6,3,2,5,P Tierney
2022-09-16,2022-2023,Aston Villa,Southampton,1,0,HOME_TEAM,1,0,11,7,3,1,6,3,T Harrington
2022-09-16,2022-2023,Nott'm Forest,Fulham,2,3,AWAY_TEAM,1,0,11,15,3,7,2,10,J Gillett
2022-09-17,2022-2023,Wolves,Man City,0,3,AWAY_TEAM,0,2,6,16,1,7,5,7,A Taylor
2022-09-17,2022-2023,Newcastle,Bournemouth,1,1,DRAW,0,0,20,10,7,3,8,1,C Pawson
2022-09-17,2022-2023,Tottenham,Leicester,6,2,HOME_TEAM,2,2,16,19,11,7,6,1,S Hooper
2022-09-18,2022-2023,Brentford,Arsenal,0,3,AWAY_TEAM,0,2,5,13,2,7,3,3,D Coote
2022-09-18,2022-2023,Everton,West Ham,1,0,HOME_TEAM,0,0,7,14,2,4,5,14,M Oliver
2022-10-01,2022-2023,West Ham,Wolves,2,0,HOME_TEAM,1,0,18,15,5,4,1,6,P Tierney
2022-10-01,2022-2023,Southampton,Everton,1,2,AWAY_TEAM,0,0,22,12,6,5,7,6,A Marriner
2022-10-01,2022-2023,Liverpool,Brighton,3,3,DRAW,1,2,15,6,7,6,9,2,A Madley
2022-10-01,2022-2023,Fulham,Newcastle,1,4,AWAY_TEAM,0,3,3,19,1,10,1,8,D England
2022-10-01,2022-2023,Crystal Palace,Chelsea,1,2,AWAY_TEAM,1,1,7,13,3,3,5,2,C Kavanagh
2022-10-01,2022-2023,Bournemouth,Brentford,0,0,DRAW,0,0,7,13,1,4,7,8,T Bramall
2022-10-01,2022-2023,Arsenal,Tottenham,3,1,HOME_TEAM,1,1,22,7,9,3,5,2,A Taylor
2022-10-02,2022-2023,Man City,Man United,6,3,HOME_TEAM,4,0,22,12,10,8,5,1,M Oliver
2022-10-02,2022-2023,Leeds,Aston Villa,0,0,DRAW,0,0,9,19,1,7,2,9,S Attwell
2022-10-03,2022-2023,Leicester,Nott'm Forest,4,0,HOME_TEAM,3,0,17,10,7,3,6,6,R Jones
2022-10-08,2022-2023,Bournemouth,Leicester,2,1,HOME_TEAM,0,1,10,9,4,5,7,2,M Salisbury
2022-10-08,2022-2023,Chelsea,Wolves,3,0,HOME_TEAM,1,0,20,8,7,2,4,2,S Hooper
2022-10-08,2022-2023,Man City,Southampton,4,0,HOME_TEAM,2,0,21,5,8,0,9,1,A Madley
2022-10-08,2022-2023,Newcastle,Brentford,5,1,HOME_TEAM,2,0,16,6,6,3,9,5,J Brooks
2022-10-08,2022-2023,Brighton,Tottenham,0,1,AWAY_TEAM,0,1,14,8,4,3,6,2,T Harrington
2022-10-09,2022-2023,Crystal Palace,Leeds,2,1,HOME_TEAM,1,1,13,10,5,4,5,3,P Tierney
2022-10-09,2022-2023,West Ham,Fulham,3,1,HOME_TEAM,1,1,17,8,8,2,4,2,C Kavanagh
2022-10-09,2022-2023,Arsenal,Liverpool,3,2,HOME_TEAM,2,1,11,8,7,3,4,3,M Oliver
2022-10-09,2022-2023,Everton,Man United,1,2,AWAY_TEAM,1,2,11,12,2,4,5,4,D Coote
2022-10-10,2022-2023,Nott'm Forest,Aston Villa,1,1,DRAW,1,1,6,12,3,2,1,4,A Taylor
2022-10-14,2022-2023,Brentford,Brighton,2,0,HOME_TEAM,1,0,7,21,3,7,2,11,M Salisbury
2022-10-15,2022-2023,Leicester,Crystal Palace,0,0,DRAW,0,0,14,8,5,1,9,2,A Madley
2022-10-15,2022-2023,Fulham,Bournemouth,2,2,DRAW,1,2,19,10,4,6,5,6,G Scott
2022-10-15,2022-2023,Wolves,Nott'm Forest,1,0,HOME_TEAM,0,0,9,10,2,2,4,5,T Bramall
2022-10-15,2022-2023,Tottenham,Everton,2,0,HOME_TEAM,0,0,21,4,7,0,7,1,P Tierney
2022-10-16,2022-2023,Aston Villa,Chelsea,0,2,AWAY_TEAM,0,1,18,8,7,4,7,1,R Jones
2022-10-16,2022-2023,Leeds,Arsenal,0,1,AWAY_TEAM,0,1,16,9,4,4,6,3,C Kavanagh
2022-10-16,2022-2023,Man United,Newcastle,0,0,DRAW,0,0,15,9,2,2,4,4,C Pawson
2022-10-16,2022-2023,Southampton,West Ham,1,1,DRAW,1,0,10,25,8,4,4,14,P Bankes
2022-10-16,2022-2023,Liverpool,Man City,1,0,HOME_TEAM,0,0,13,16,2,6,5,6,A Taylor
2022-10-18,2022-2023,Brighton,Nott'm Forest,0,0,DRAW,0,0,19,3,7,0,9,1,D England
2022-10-18,2022-2023,Crystal Palace,Wolves,2,1,HOME_TEAM,0,1,14,10,4,4,4,3,D Coote
2022-10-19,2022-2023,Man United,Tottenham,2,0,HOME_TEAM,0,0,28,9,10,2,8,3,S Hooper
2022-10-19,2022-2023,Liverpool,West Ham,1,0,HOME_TEAM,1,0,22,8,7,3,8,3,S Attwell
2022-10-19,2022-2023,Newcastle,Everton,1,0,HOME_TEAM,1,0,16,1,4,0,8,2,T Harrington
2022-10-19,2022-2023,Bournemouth,Southampton,0,1,AWAY_TEAM,0,1,15,9,3,3,7,3,J Brooks
2022-10-19,2022-2023,Brentford,Chelsea,0,0,DRAW,0,0,8,14,5,5,6,2,J Gillett
2022-10-20,2022-2023,Fulham,Aston Villa,3,0,HOME_TEAM,1,0,18,12,8,6,9,7,M Oliver
2022-10-20,2022-2023,Leicester,Leeds,2,0,HOME_TEAM,2,0,5,14,1,2,2,9,P Bankes
2022-10-22,2022-2023,Nott'm Forest,Liverpool,1,0,HOME_TEAM,0,0,10,15,7,7,2,11,P Tierney
2022-10-22,2022-2023,Everton,Crystal Palace,3,0,HOME_TEAM,1,0,9,9,6,2,3,4,S Hooper
2022-10-22,2022-2023,Man City,Brighton,3,1,HOME_TEAM,2,0,10,8,4,2,7,3,C Pawson
2022-10-22,2022-2023,Chelsea,Man United,1,1,DRAW,0,0,6,13,2,6,6,4,S Attwell
2022-10-23,2022-2023,Aston Villa,Brentford,4,0,HOME_TEAM,3,0,19,12,11,3,7,6,D England
2022-10-23,2022-2023,Leeds,Fulham,2,3,AWAY_TEAM,1,1,14,11,5,5,3,6,A Taylor
2022-10-23,2022-2023,Southampton,Arsenal,1,1,DRAW,0,1,10,12,3,3,9,4,R Jones
2022-10-23,2022-2023,Wolves,Leicester,0,4,AWAY_TEAM,0,2,21,5,5,4,9,2,M Oliver
2022-10-23,2022-2023,Tottenham,Newcastle,1,2,AWAY_TEAM,0,2,17,13,5,5,6,7,J Gillett
2022-10-24,2022-2023,West Ham,Bournemouth,2,0,HOME_TEAM,1,0,20,5,4,3,5,0,D Coote
2022-10-29,2022-2023,Fulham,Everton,0,0,DRAW,0,0,24,9,6,4,13,4,J Brooks
2022-10-29,2022-2023,Liverpool,Leeds,1,2,AWAY_TEAM,1,1,22,14,10,6,14,5,M Oliver
2022-10-29,2022-2023,Crystal Palace,Southampton,1,0,HOME_TEAM,1,0,12,14,3,4,8,4,M Salisbury
2022-10-29,2022-2023,Newcastle,Aston Villa,4,0,HOME_TEAM,1,0,20,3,7,0,3,0,P Tierney
2022-10-29,2022-2023,Brentford,Wolves,1,1,DRAW,0,0,12,14,3,4,3,6,R Madley
2022-10-29,2022-2023,Leicester,Man City,0,1,AWAY_TEAM,0,0,10,15,5,5,3,10,R Jones
2022-10-29,2022-2023,Brighton,Chelsea,4,1,HOME_TEAM,3,0,19,15,9,7,8,7,A Madley
2022-10-29,2022-2023,Bournemouth,Tottenham,2,3,AWAY_TEAM,1,0,6,23,4,7,2,19,A Taylor
2022-10-30,2022-2023,Arsenal,Nott'm Forest,5,0,HOME_TEAM,1,0,24,5,10,2,9,4,S Hooper
2022-10-30,2022-2023,Man United,West Ham,1,0,HOME_TEAM,1,0,16,13,3,5,5,10,C Kavanagh
2022-11-05,2022-2023,Leeds,Bournemouth,4,3,HOME_TEAM,1,2,18,9,4,6,13,3,T Harrington
2022-11-05,2022-2023,Man City,Fulham,2,1,HOME_TEAM,1,1,16,4,5,2,9,0,D England
2022-11-05,2022-2023,Nott'm Forest,Brentford,2,2,DRAW,1,1,15,6,7,2,3,3,A Marriner
2022-11-05,2022-2023,Wolves,Brighton,2,3,AWAY_TEAM,2,2,8,19,5,8,4,9,G Scott
2022-11-05,2022-2023,Everton,Leicester,0,2,AWAY_TEAM,0,1,12,22,2,8,8,3,D Coote
2022-11-06,2022-2023,Chelsea,Arsenal,0,1,AWAY_TEAM,0,0,5,14,1,2,4,6,M Oliver
2022-11-06,2022-2023,Aston Villa,Man United,3,1,HOME_TEAM,2,1,6,8,4,3,3,5,A Taylor
2022-11-06,2022-2023,Southampton,Newcastle,1,4,AWAY_TEAM,0,1,16,7,5,4,8,2,S Attwell
2022-11-06,2022-2023,West Ham,Crystal Palace,1,2,AWAY_TEAM,1,1,5,15,2,6,2,5,P Tierney
2022-11-06,2022-2023,Tottenham,Liverpool,1,2,AWAY_TEAM,0,2,14,13,5,6,5,3,A Madley
2022-11-12,2022-2023,Newcastle,Chelsea,1,0,HOME_TEAM,0,0,10,5,3,2,5,3,R Jones
2022-11-12,2022-2023,Liverpool,Southampton,3,1,HOME_TEAM,3,1,15,9,7,5,6,0,S Hooper
2022-11-12,2022-2023,Wolves,Arsenal,0,2,AWAY_TEAM,0,0,11,14,2,4,6,4,S Attwell
2022-11-12,2022-2023,West Ham,Leicester,0,2,AWAY_TEAM,0,1,18,9,6,6,7,2,J Gillett
2022-11-12,2022-2023,Man City,Brentford,1,2,AWAY_TEAM,1,1,29,10,6,8,10,2,P Bankes
2022-11-12,2022-2023,Nott'm Forest,Crystal Palace,1,0,HOME_TEAM,0,0,9,8,2,0,1,5,J Brooks
2022-11-12,2022-2023,Bournemouth,Everton,3,0,HOME_TEAM,2,0,16,15,9,3,3,5,C Pawson
2022-11-12,2022-2023,Tottenham,Leeds,4,3,HOME_TEAM,1,2,14,12,8,5,9,2,M Salisbury
2022-11-13,2022-2023,Brighton,Aston Villa,1,2,AWAY_TEAM,1,1,7,8,2,2,11,4,C Kavanagh
2022-11-13,2022-2023,Fulham,Man United,1,2,AWAY_TEAM,0,1,14,14,7,9,10,3,P Tierney
2022-12-26,2022-2023,Arsenal,West Ham,3,1,HOME_TEAM,0,1,16,8,5,4,7,5,M Oliver
2022-12-26,2022-2023,Brentford,Tottenham,2,2,DRAW,1,0,9,16,5,8,6,5,D Coote
2022-12-26,2022-2023,Crystal Palace,Fulham,0,3,AWAY_TEAM,0,1,4,23,0,11,1,8,A Madley
2022-12-26,2022-2023,Everton,Wolves,1,2,AWAY_TEAM,1,1,12,7,6,4,2,2,C Pawson
2022-12-26,2022-2023,Leicester,Newcastle,0,3,AWAY_TEAM,0,3,8,12,2,5,5,5,J Gillett
2022-12-26,2022-2023,Southampton,Brighton,1,3,AWAY_TEAM,0,2,14,7,4,4,4,2,R Jones
2022-12-26,2022-2023,Aston Villa,Liverpool,1,3,AWAY_TEAM,0,2,12,16,6,9,0,6,P Tierney
2022-12-27,2022-2023,Man United,Nott'm Forest,3,0,HOME_TEAM,2,0,17,8,8,3,9,9,A Taylor
2022-12-27,2022-2023,Chelsea,Bournemouth,2,0,HOME_TEAM,2,0,15,9,5,4,6,8,S Hooper
2022-12-28,2022-2023,Leeds,Man City,1,3,AWAY_TEAM,0,1,9,26,1,9,3,5,S Attwell
2022-12-30,2022-2023,West Ham,Brentford,0,2,AWAY_TEAM,0,2,20,9,5,6,8,1,D England
2022-12-30,2022-2023,Liverpool,Leicester,2,1,HOME_TEAM,2,1,21,7,5,2,4,5,C Pawson
2022-12-31,2022-2023,Newcastle,Leeds,0,0,DRAW,0,0,16,8,5,1,9,3,S Hooper
2022-12-31,2022-2023,Man City,Everton,1,1,DRAW,1,0,16,2,3,1,7,1,A Madley
2022-12-31,2022-2023,Brighton,Arsenal,2,4,AWAY_TEAM,0,2,9,14,5,7,7,4,A Taylor
2022-12-31,2022-2023,Bournemouth,Crystal Palace,0,2,AWAY_TEAM,0,2,6,15,2,6,2,7,A Marriner
2022-12-31,2022-2023,Wolves,Man United,0,1,AWAY_TEAM,0,0,10,16,3,6,7,5,R Jones
2022-12-31,2022-2023,Fulham,Southampton,2,1,HOME_TEAM,1,0,8,9,2,3,4,4,G Scott
2023-01-01,2022-2023,Tottenham,Aston Villa,0,2,AWAY_TEAM,0,0,6,13,2,4,5,3,J Brooks
2023-01-01,2022-2023,Nott'm Forest,Chelsea,1,1,DRAW,0,1,12,7,5,2,1,2,P Bankes
2023-01-02,2022-2023,Brentford,Liverpool,3,1,HOME_TEAM,2,0,10,16,7,6,4,9,S Attwell
2023-01-03,2022-2023,Arsenal,Newcastle,0,0,DRAW,0,0,17,8,4,1,5,5,A Madley
2023-01-03,2022-2023,Everton,Brighton,1,4,AWAY_TEAM,0,1,10,19,4,8,5,2,A Marriner
2023-01-03,2022-2023,Leicester,Fulham,0,1,AWAY_TEAM,0,1,15,11,6,2,6,3,D Bond
2023-01-03,2022-2023,Man United,Bournemouth,3,0,HOME_TEAM,1,0,18,7,6,4,6,5,M Salisbury
2023-01-04,2022-2023,Crystal Palace,Tottenham,0,4,AWAY_TEAM,0,0,19,14,4,6,10,4,M Oliver
2023-01-04,2022-2023,Aston Villa,Wolves,1,1,DRAW,0,1,13,10,4,3,7,8,J Gillett
2023-01-04,2022-2023,Southampton,Nott'm Forest,0,1,AWAY_TEAM,0,1,8,11,0,1,6,2,T Bramall
2023-01-04,2022-2023,Leeds,West Ham,2,2,DRAW,1,1,14,15,6,2,8,1,D Coote
2023-01-05,2022-2023,Chelsea,Man City,0,1,AWAY_TEAM,0,0,8,12,2,3,3,2,P Tierney
2023-01-12,2022-2023,Fulham,Chelsea,2,1,HOME_TEAM,1,0,8,20,3,10,5,7,D Coote
2023-01-13,2022-2023,Aston Villa,Leeds,2,1,HOME_TEAM,1,0,11,16,5,4,0,11,M Oliver
2023-01-14,2022-2023,Man United,Man City,2,1,HOME_TEAM,0,0,8,5,4,1,1,2,S Attwell
2023-01-14,2022-2023,Brighton,Liverpool,3,0,HOME_TEAM,0,0,16,6,9,2,7,1,D England
2023-01-14,2022-2023,Everton,Southampton,1,2,AWAY_TEAM,1,0,12,13,4,5,6,4,J Brooks
2023-01-14,2022-2023,Nott'm Forest,Leicester,2,0,HOME_TEAM,0,0,15,6,5,1,3,5,P Tierney
2023-01-14,2022-2023,Wolves,West Ham,1,0,HOME_TEAM,0,0,17,16,4,4,4,3,S Hooper
2023-01-14,2022-2023,Brentford,Bournemouth,2,0,HOME_TEAM,1,0,12,7,4,2,5,3,J Gillett
2023-01-15,2022-2023,Tottenham,Arsenal,0,2,AWAY_TEAM,0,2,17,14,7,5,4,3,C Pawson
2023-01-15,2022-2023,Chelsea,Crystal Palace,1,0,HOME_TEAM,0,0,15,10,5,5,11,7,P Bankes
2023-01-15,2022-2023,Newcastle,Fulham,1,0,HOME_TEAM,0,0,20,5,5,0,10,5,R Jones
2023-01-18,2022-2023,Crystal Palace,Man United,1,1,DRAW,0,1,10,15,5,4,3,3,R Jones
2023-01-19,2022-2023,Man City,Tottenham,4,2,HOME_TEAM,0,2,16,9,6,3,8,3,S Hooper
2023-01-21,2022-2023,Liverpool,Chelsea,0,0,DRAW,0,0,15,11,3,2,5,5,M Oliver
2023-01-21,2022-2023,Bournemouth,Nott'm Forest,1,1,DRAW,1,0,16,20,4,5,4,6,A Madley
2023-01-21,2022-2023,Leicester,Brighton,2,2,DRAW,1,1,9,13,2,4,5,6,T Bramall
2023-01-21,2022-2023,Southampton,Aston Villa,0,1,AWAY_TEAM,0,0,8,16,5,5,2,2,M Salisbury
2023-01-21,2022-2023,West Ham,Everton,2,0,HOME_TEAM,2,0,11,5,4,2,4,9,S Attwell
2023-01-21,2022-2023,Crystal Palace,Newcastle,0,0,DRAW,0,0,6,16,1,7,3,15,C Pawson
2023-01-22,2022-2023,Leeds,Brentford,0,0,DRAW,0,0,9,6,5,0,2,3,P Bankes
2023-01-22,2022-2023,Man City,Wolves,3,0,HOME_TEAM,1,0,13,10,7,1,5,7,D Coote
2023-01-22,2022-2023,Arsenal,Man United,3,2,HOME_TEAM,1,1,25,6,5,4,12,4,A Taylor
2023-01-23,2022-2023,Fulham,Tottenham,0,1,AWAY_TEAM,0,1,10,10,5,3,3,8,P Tierney
2023-02-03,2022-2023,Chelsea,Fulham,0,0,DRAW,0,0,12,10,3,4,6,2,S Attwell
2023-02-04,2022-2023,Newcastle,West Ham,1,1,DRAW,1,1,8,10,2,1,4,2,P Bankes
2023-02-04,2022-2023,Wolves,Liverpool,3,0,HOME_TEAM,2,0,12,22,6,4,2,7,P Tierney
2023-02-04,2022-2023,Brighton,Bournemouth,1,0,HOME_TEAM,0,0,20,12,6,2,7,3,C Pawson
2023-02-04,2022-2023,Man United,Crystal Palace,2,1,HOME_TEAM,1,0,14,10,5,3,5,5,A Marriner
2023-02-04,2022-2023,Aston Villa,Leicester,2,4,AWAY_TEAM,2,3,19,9,4,5,11,3,D England
2023-02-04,2022-2023,Everton,Arsenal,1,0,HOME_TEAM,0,0,12,15,4,3,7,5,D Coote
2023-02-04,2022-2023,Brentford,Southampton,3,0,HOME_TEAM,2,0,14,14,4,6,4,4,D Bond
2023-02-05,2022-2023,Nott'm Forest,Leeds,1,0,HOME_TEAM,1,0,6,10,2,4,0,2,R Jones
2023-02-05,2022-2023,Tottenham,Man City,1,0,HOME_TEAM,1,0,12,15,3,5,4,6,A Madley
2023-02-08,2022-2023,Man United,Leeds,2,2,DRAW,0,1,24,8,7,2,6,5,S Hooper
2023-02-11,2022-2023,West Ham,Chelsea,1,1,DRAW,1,1,10,12,2,4,5,6,C Pawson
2023-02-11,2022-2023,Arsenal,Brentford,1,1,DRAW,0,0,23,9,7,2,7,4,P Bankes
2023-02-11,2022-2023,Crystal Palace,Brighton,1,1,DRAW,0,0,6,17,1,7,1,6,M Oliver
2023-02-11,2022-2023,Fulham,Nott'm Forest,2,0,HOME_TEAM,1,0,16,10,3,1,5,4,A Madley
2023-02-11,2022-2023,Leicester,Tottenham,4,1,HOME_TEAM,3,1,15,11,7,4,1,5,M Salisbury
2023-02-11,2022-2023,Southampton,Wolves,1,2,AWAY_TEAM,1,0,17,11,2,2,5,2,J Gillett
2023-02-11,2022-2023,Bournemouth,Newcastle,1,1,DRAW,1,1,11,15,5,7,4,6,S Attwell
2023-02-12,2022-2023,Man City,Aston Villa,3,1,HOME_TEAM,3,0,17,6,9,2,8,4,R Jones
2023-02-12,2022-2023,Leeds,Man United,0,2,AWAY_TEAM,0,0,16,11,6,5,7,3,P Tierney
2023-02-13,2022-2023,Liverpool,Everton,2,0,HOME_TEAM,1,0,15,6,6,1,3,3,S Hooper
2023-02-15,2022-2023,Arsenal,Man City,1,3,AWAY_TEAM,1,1,10,9,1,6,1,3,A Taylor
2023-02-18,2022-2023,Aston Villa,Arsenal,2,4,AWAY_TEAM,2,1,7,20,5,5,2,9,S Hooper
2023-02-18,2022-2023,Brentford,Crystal Palace,1,1,DRAW,0,0,12,10,5,4,2,6,P Tierney
2023-02-18,2022-2023,Brighton,Fulham,0,1,AWAY_TEAM,0,0,21,5,7,2,10,2,D England
2023-02-18,2022-2023,Chelsea,Southampton,0,1,AWAY_TEAM,0,1,17,8,5,5,8,2,D Coote
2023-02-18,2022-2023,Everton,Leeds,1,0,HOME_TEAM,0,0,15,8,6,0,6,4,A Madley
2023-02-18,2022-2023,Nott'm Forest,Man City,1,1,DRAW,0,1,4,26,1,6,0,10,G Scott
2023-02-18,2022-2023,Wolves,Bournemouth,0,1,AWAY_TEAM,0,0,15,5,4,1,12,2,M Salisbury
2023-02-18,2022-2023,Newcastle,Liverpool,0,2,AWAY_TEAM,0,2,14,13,4,7,6,7,A Taylor
2023-02-19,2022-2023,Man United,Leicester,3,0,HOME_TEAM,1,0,26,19,8,3,6,6,S Attwell
2023-02-19,2022-2023,Tottenham,West Ham,2,0,HOME_TEAM,0,0,16,6,6,1,4,7,M Oliver
2023-02-24,2022-2023,Fulham,Wolves,1,1,DRAW,0,1,10,8,5,2,4,3,M Oliver
2023-02-25,2022-2023,Crystal Palace,Liverpool,0,0,DRAW,0,0,6,12,0,4,5,3,D England
2023-02-25,2022-2023,West Ham,Nott'm Forest,4,0,HOME_TEAM,0,0,18,8,5,3,12,3,J Gillett
2023-02-25,2022-2023,Bournemouth,Man City,1,4,AWAY_TEAM,0,3,13,20,2,5,4,6,P Tierney
2023-02-25,2022-2023,Leeds,Southampton,1,0,HOME_TEAM,0,0,14,8,4,2,9,2,P Bankes
2023-02-25,2022-2023,Everton,Aston Villa,0,2,AWAY_TEAM,0,0,15,9,5,5,5,1,A Taylor
2023-02-25,2022-2023,Leicester,Arsenal,0,1,AWAY_TEAM,0,0,1,10,0,2,0,8,C Pawson
2023-02-26,2022-2023,Tottenham,Chelsea,2,0,HOME_TEAM,0,0,8,10,3,2,4,4,S Attwell
2023-03-01,2022-2023,Arsenal,Everton,4,0,HOME_TEAM,2,0,15,8,5,5,5,1,M Oliver
2023-03-01,2022-2023,Liverpool,Wolves,2,0,HOME_TEAM,0,0,15,4,6,1,5,2,P Tierney
2023-03-04,2022-2023,Southampton,Leicester,1,0,HOME_TEAM,1,0,11,11,5,0,3,4,R Jones
2023-03-04,2022-2023,Wolves,Tottenham,1,0,HOME_TEAM,0,0,8,21,5,6,4,8,T Robinson
2023-03-04,2022-2023,Chelsea,Leeds,1,0,HOME_TEAM,0,0,13,11,3,2,5,7,M Oliver
2023-03-04,2022-2023,Aston Villa,Crystal Palace,1,0,HOME_TEAM,1,0,8,3,1,0,2,4,C Pawson
2023-03-04,2022-2023,Arsenal,Bournemouth,3,2,HOME_TEAM,0,1,31,4,9,4,17,1,C Kavanagh
2023-03-04,2022-2023,Man City,Newcastle,2,0,HOME_TEAM,1,0,11,5,3,2,8,4,S Hooper
2023-03-04,2022-2023,Brighton,West Ham,4,0,HOME_TEAM,1,0,20,3,9,2,7,3,S Attwell
2023-03-05,2022-2023,Nott'm Forest,Everton,2,2,DRAW,1,2,10,10,4,3,3,3,J Brooks
2023-03-05,2022-2023,Liverpool,Man United,7,0,HOME_TEAM,1,0,18,8,8,4,4,3,A Madley
2023-03-06,2022-2023,Brentford,Fulham,3,2,HOME_TEAM,1,1,14,9,6,5,2,3,A Taylor
2023-03-11,2022-2023,Crystal Palace,Man City,0,1,AWAY_TEAM,0,0,4,14,0,4,2,6,R Jones
2023-03-11,2022-2023,Leicester,Chelsea,1,3,AWAY_TEAM,1,2,17,12,7,6,2,5,A Marriner
2023-03-11,2022-2023,Tottenham,Nott'm Forest,3,1,HOME_TEAM,2,0,15,9,7,5,2,10,C Pawson
2023-03-11,2022-2023,Everton,Brentford,1,0,HOME_TEAM,1,0,13,12,6,4,5,8,S Hooper
2023-03-11,2022-2023,Leeds,Brighton,2,2,DRAW,1,1,12,14,4,2,4,7,P Tierney
2023-03-11,2022-2023,Bournemouth,Liverpool,1,0,HOME_TEAM,1,0,5,15,2,6,3,8,J Brooks
2023-03-12,2022-2023,Fulham,Arsenal,0,3,AWAY_TEAM,0,3,12,15,2,7,4,8,D Coote
2023-03-12,2022-2023,Man United,Southampton,0,0,DRAW,0,0,10,17,4,4,7,8,A Taylor
2023-03-12,2022-2023,West Ham,Aston Villa,1,1,DRAW,1,1,17,12,6,4,13,2,C Kavanagh
2023-03-12,2022-2023,Newcastle,Wolves,2,1,HOME_TEAM,1,0,19,7,8,4,10,3,A Madley
2023-03-15,2022-2023,Brighton,Crystal Palace,1,0,HOME_TEAM,1,0,11,11,5,3,1,4,P Bankes
2023-03-15,2022-2023,Southampton,Brentford,0,2,AWAY_TEAM,0,1,7,11,1,5,3,3,M Salisbury
2023-03-17,2022-2023,Nott'm Forest,Newcastle,1,2,AWAY_TEAM,1,1,5,15,3,4,3,7,P Tierney
2023-03-18,2022-2023,Aston Villa,Bournemouth,3,0,HOME_TEAM,1,0,20,10,9,3,9,6,R Jones
2023-03-18,2022-2023,Brentford,Leicester,1,1,DRAW,1,0,11,14,2,1,8,4,D Bond
2023-03-18,2022-2023,Southampton,Tottenham,3,3,DRAW,0,1,19,17,7,3,10,3,S Hooper
2023-03-18,2022-2023,Wolves,Leeds,2,4,AWAY_TEAM,0,1,23,11,8,4,5,4,M Salisbury
2023-03-18,2022-2023,Chelsea,Everton,2,2,DRAW,0,0,20,12,7,3,8,2,D England
2023-03-19,2022-2023,Arsenal,Crystal Palace,4,1,HOME_TEAM,2,0,15,8,5,4,5,4,S Attwell
2023-04-01,2022-2023,Chelsea,Aston Villa,0,2,AWAY_TEAM,0,1,27,5,8,2,13,2,A Madley
2023-04-01,2022-2023,Nott'm Forest,Wolves,1,1,DRAW,1,0,17,8,7,1,4,3,C Kavanagh
2023-04-01,2022-2023,Crystal Palace,Leicester,2,1,HOME_TEAM,0,0,31,3,9,2,10,1,T Robinson
2023-04-01,2022-2023,Arsenal,Leeds,4,1,HOME_TEAM,1,0,13,7,6,5,4,3,D England
2023-04-01,2022-2023,Bournemouth,Fulham,2,1,HOME_TEAM,0,1,12,10,7,2,4,3,P Bankes
2023-04-01,2022-2023,Man City,Liverpool,4,1,HOME_TEAM,1,1,17,4,8,1,7,1,S Hooper
2023-04-01,2022-2023,Brighton,Brentford,3,3,DRAW,2,2,33,7,15,5,14,0,M Oliver
2023-04-02,2022-2023,West Ham,Southampton,1,0,HOME_TEAM,1,0,12,9,2,3,5,3,P Tierney
2023-04-02,2022-2023,Newcastle,Man United,2,0,HOME_TEAM,0,0,22,6,6,1,7,4,S Attwell
2023-04-03,2022-2023,Everton,Tottenham,1,1,DRAW,0,0,15,8,6,2,3,3,D Coote
2023-04-04,2022-2023,Bournemouth,Brighton,0,2,AWAY_TEAM,0,1,14,16,3,6,5,5,D Bond
2023-04-04,2022-2023,Leeds,Nott'm Forest,2,1,HOME_TEAM,2,1,21,13,6,1,11,4,R Jones
2023-04-04,2022-2023,Leicester,Aston Villa,1,2,AWAY_TEAM,1,1,9,15,4,5,4,8,G Scott
2023-04-04,2022-2023,Chelsea,Liverpool,0,0,DRAW,0,0,12,7,3,4,3,5,A Taylor
2023-04-05,2022-2023,Man United,Brentford,1,0,HOME_TEAM,1,0,18,6,3,1,12,3,J Brooks
2023-04-05,2022-2023,West Ham,Newcastle,1,5,AWAY_TEAM,1,2,7,15,2,8,7,6,C Pawson
2023-04-08,2022-2023,Tottenham,Brighton,2,1,HOME_TEAM,1,1,9,17,3,4,3,7,S Attwell
2023-04-08,2022-2023,Wolves,Chelsea,1,0,HOME_TEAM,1,0,9,13,4,1,8,8,P Bankes
2023-04-08,2022-2023,Southampton,Man City,1,4,AWAY_TEAM,0,1,4,13,1,8,0,10,R Jones
2023-04-08,2022-2023,Leicester,Bournemouth,0,1,AWAY_TEAM,0,1,14,19,4,7,6,6,D Coote
2023-04-08,2022-2023,Aston Villa,Nott'm Forest,2,0,HOME_TEAM,0,0,8,6,3,2,1,8,A Taylor
2023-04-08,2022-2023,Brentford,Newcastle,1,2,AWAY_TEAM,1,0,12,10,6,4,6,5,C Kavanagh
2023-04-08,2022-2023,Man United,Everton,2,0,HOME_TEAM,1,0,29,15,11,1,10,4,M Oliver
2023-04-08,2022-2023,Fulham,West Ham,0,1,AWAY_TEAM,0,1,16,9,3,5,11,4,J Gillett
2023-04-09,2022-2023,Leeds,Crystal Palace,1,5,AWAY_TEAM,1,1,11,16,7,8,2,4,S Hooper
2023-04-09,2022-2023,Liverpool,Arsenal,2,2,DRAW,1,2,21,9,6,5,5,4,P Tierney
2023-04-15,2022-2023,Aston Villa,Newcastle,3,0,HOME_TEAM,1,0,16,8,6,2,7,2,J Brooks
2023-04-15,2022-2023,Chelsea,Brighton,1,2,AWAY_TEAM,1,1,8,26,2,10,2,8,R Jones
2023-04-15,2022-2023,Everton,Fulham,1,3,AWAY_TEAM,1,1,15,21,7,7,4,8,A Taylor
2023-04-15,2022-2023,Southampton,Crystal Palace,0,2,AWAY_TEAM,0,0,11,9,4,2,6,2,M Oliver
2023-04-15,2022-2023,Tottenham,Bournemouth,2,3,AWAY_TEAM,1,1,24,6,8,6,8,1,A Madley
2023-04-15,2022-2023,Wolves,Brentford,2,0,HOME_TEAM,1,0,11,10,9,3,5,2,P Tierney
2023-04-15,2022-2023,Man City,Leicester,3,1,HOME_TEAM,3,0,12,10,4,4,6,2,D England
2023-04-16,2022-2023,West Ham,Arsenal,2,2,DRAW,1,2,16,11,3,5,7,2,D Coote
2023-04-16,2022-2023,Nott'm Forest,Man United,0,2,AWAY_TEAM,0,1,6,22,0,8,4,9,S Hooper
2023-04-17,2022-2023,Leeds,Liverpool,1,6,AWAY_TEAM,0,2,13,13,3,7,4,2,C Pawson
2023-04-21,2022-2023,Arsenal,Southampton,3,3,DRAW,1,2,25,8,6,6,7,2,S Hooper
2023-04-22,2022-2023,Fulham,Leeds,2,1,HOME_TEAM,0,0,12,10,5,2,8,6,P Bankes
2023-04-22,2022-2023,Brentford,Aston Villa,1,1,DRAW,0,0,6,14,5,2,8,4,M Salisbury
2023-04-22,2022-2023,Crystal Palace,Everton,0,0,DRAW,0,0,12,10,2,5,8,1,J Brooks
2023-04-22,2022-2023,Leicester,Wolves,2,1,HOME_TEAM,1,1,15,16,8,3,1,7,A Madley
2023-04-22,2022-2023,Liverpool,Nott'm Forest,3,2,HOME_TEAM,0,0,18,11,6,5,9,3,M Oliver
2023-04-23,2022-2023,Bournemouth,West Ham,0,4,AWAY_TEAM,0,3,17,18,5,10,8,5,A Taylor
2023-04-23,2022-2023,Newcastle,Tottenham,6,1,HOME_TEAM,5,0,25,11,8,3,9,3,D Coote
2023-04-25,2022-2023,Wolves,Crystal Palace,2,0,HOME_TEAM,1,0,9,14,3,4,6,11,R Jones
2023-04-25,2022-2023,Aston Villa,Fulham,1,0,HOME_TEAM,1,0,14,1,3,0,8,2,T Bramall
2023-04-25,2022-2023,Leeds,Leicester,1,1,DRAW,1,0,13,15,3,3,3,6,P Tierney
2023-04-26,2022-2023,Nott'm Forest,Brighton,3,1,HOME_TEAM,1,1,12,17,5,7,2,7,J Gillett
2023-04-26,2022-2023,Chelsea,Brentford,0,2,AWAY_TEAM,0,1,15,7,4,1,5,2,A Madley
2023-04-26,2022-2023,West Ham,Liverpool,1,2,AWAY_TEAM,1,1,7,20,2,4,3,6,C Kavanagh
2023-04-26,2022-2023,Man City,Arsenal,4,1,HOME_TEAM,2,0,14,8,9,2,1,3,M Oliver
2023-04-27,2022-2023,Southampton,Bournemouth,0,1,AWAY_TEAM,0,0,11,16,2,2,6,4,D England
2023-04-27,2022-2023,Tottenham,Man United,2,2,DRAW,0,2,18,17,7,8,6,8,A Taylor
2023-04-27,2022-2023,Everton,Newcastle,1,4,AWAY_TEAM,0,1,13,15,5,8,3,14,A Marriner
2023-04-29,2022-2023,Brighton,Wolves,6,0,HOME_TEAM,4,0,22,10,8,2,2,5,D Coote
2023-04-29,2022-2023,Brentford,Nott'm Forest,2,1,HOME_TEAM,0,1,14,5,8,3,6,0,P Bankes
2023-04-29,2022-2023,Crystal Palace,West Ham,4,3,HOME_TEAM,3,2,16,8,6,4,8,5,C Pawson
2023-04-30,2022-2023,Bournemouth,Leeds,4,1,HOME_TEAM,2,1,12,15,7,6,2,6,C Kavanagh
2023-04-30,2022-2023,Fulham,Man City,1,2,AWAY_TEAM,1,2,4,12,1,9,2,5,S Hooper
2023-04-30,2022-2023,Man United,Aston Villa,1,0,HOME_TEAM,1,0,14,7,6,1,1,4,J Gillett
2023-04-30,2022-2023,Newcastle,Southampton,3,1,HOME_TEAM,0,1,22,4,5,3,11,2,A Taylor
2023-04-30,2022-2023,Liverpool,Tottenham,4,3,HOME_TEAM,3,1,12,10,4,7,5,2,P Tierney
2023-05-01,2022-2023,Leicester,Everton,2,2,DRAW,2,1,15,23,6,8,2,9,M Oliver
2023-05-02,2022-2023,Arsenal,Chelsea,3,1,HOME_TEAM,3,0,16,7,10,4,7,2,R Jones
2023-05-03,2022-2023,Liverpool,Fulham,1,0,HOME_TEAM,1,0,15,9,3,3,7,5,S Attwell
2023-05-03,2022-2023,Man City,West Ham,3,0,HOME_TEAM,0,0,16,6,7,2,6,3,J Brooks
2023-05-04,2022-2023,Brighton,Man United,1,0,HOME_TEAM,0,0,22,16,6,5,8,6,A Marriner
2023-05-06,2022-2023,Bournemouth,Chelsea,1,3,AWAY_TEAM,1,1,10,11,4,5,7,7,J Brooks
2023-05-06,2022-2023,Man City,Leeds,2,1,HOME_TEAM,2,0,18,4,6,2,10,1,A Madley
2023-05-06,2022-2023,Tottenham,Crystal Palace,1,0,HOME_TEAM,1,0,8,7,3,2,8,4,D England
2023-05-06,2022-2023,Wolves,Aston Villa,1,0,HOME_TEAM,1,0,6,16,2,3,5,6,S Attwell
2023-05-06,2022-2023,Liverpool,Brentford,1,0,HOME_TEAM,1,0,15,5,5,1,7,3,A Taylor
2023-05-07,2022-2023,West Ham,Man United,1,0,HOME_TEAM,1,0,15,19,4,4,5,6,P Bankes
2023-05-07,2022-2023,Newcastle,Arsenal,0,2,AWAY_TEAM,0,1,12,10,5,6,9,4,C Kavanagh
2023-05-08,2022-2023,Fulham,Leicester,5,3,HOME_TEAM,3,0,17,18,7,9,2,7,R Jones
2023-05-08,2022-2023,Brighton,Everton,1,5,AWAY_TEAM,0,3,23,10,5,5,15,1,S Hooper
2023-05-08,2022-2023,Nott'm Forest,Southampton,4,3,HOME_TEAM,3,1,9,19,4,5,2,11,M Oliver
2023-05-13,2022-2023,Man United,Wolves,2,0,HOME_TEAM,1,0,27,5,9,0,11,7,J Brooks
2023-05-13,2022-2023,Leeds,Newcastle,2,2,DRAW,1,1,9,18,4,5,2,6,S Hooper
2023-05-13,2022-2023,Aston Villa,Tottenham,2,1,HOME_TEAM,1,0,8,5,4,2,8,3,P Bankes
2023-05-13,2022-2023,Chelsea,Nott'm Forest,2,2,DRAW,0,1,14,11,6,2,2,5,P Tierney
2023-05-13,2022-2023,Crystal Palace,Bournemouth,2,0,HOME_TEAM,1,0,17,5,5,0,11,2,M Salisbury
2023-05-13,2022-2023,Southampton,Fulham,0,2,AWAY_TEAM,0,0,5,9,1,4,1,8,T Bramall
2023-05-14,2022-2023,Brentford,West Ham,2,0,HOME_TEAM,2,0,24,4,10,4,7,5,M Oliver
2023-05-14,2022-2023,Everton,Man City,0,3,AWAY_TEAM,0,2,7,9,3,4,8,6,A Taylor
2023-05-14,2022-2023,Arsenal,Brighton,0,3,AWAY_TEAM,0,0,14,12,2,6,5,2,A Madley
2023-05-15,2022-2023,Leicester,Liverpool,0,3,AWAY_TEAM,0,2,4,16,4,5,4,4,C Pawson
2023-05-18,2022-2023,Newcastle,Brighton,4,1,HOME_TEAM,2,0,22,8,9,2,6,1,R Jones
2023-05-20,2022-2023,Wolves,Everton,1,1,DRAW,1,0,13,19,5,4,1,7,D Coote
2023-05-20,2022-2023,Nott'm Forest,Arsenal,1,0,HOME_TEAM,1,0,6,11,2,3,3,6,A Taylor
2023-05-20,2022-2023,Liverpool,Aston Villa,1,1,DRAW,0,1,10,6,5,3,9,4,J Brooks
2023-05-20,2022-2023,Bournemouth,Man United,0,1,AWAY_TEAM,0,1,10,20,4,5,3,6,C Kavanagh
2023-05-20,2022-2023,Tottenham,Brentford,1,3,AWAY_TEAM,1,0,22,11,8,4,8,2,J Gillett
2023-05-20,2022-2023,Fulham,Crystal Palace,2,2,DRAW,1,1,11,11,4,5,7,4,J Smith
2023-05-21,2022-2023,West Ham,Leeds,3,1,HOME_TEAM,1,1,19,12,9,3,9,5,P Bankes
2023-05-21,2022-2023,Brighton,Southampton,3,1,HOME_TEAM,2,0,26,5,8,1,4,3,P Tierney
2023-05-21,2022-2023,Man City,Chelsea,1,0,HOME_TEAM,1,0,15,13,2,6,5,2,M Oliver
2023-05-22,2022-2023,Newcastle,Leicester,0,0,DRAW,0,0,23,1,4,1,12,1,A Marriner
2023-05-24,2022-2023,Brighton,Man City,1,1,DRAW,1,1,20,13,7,4,5,1,S Hooper
2023-05-25,2022-2023,Man United,Chelsea,4,1,HOME_TEAM,2,0,18,14,9,5,3,4,S Attwell
2023-05-28,2022-2023,Leicester,West Ham,2,1,HOME_TEAM,1,0,13,16,4,3,3,5,S Hooper
2023-05-28,2022-2023,Southampton,Liverpool,4,4,DRAW,2,2,15,30,10,8,2,9,D England
2023-05-28,2022-2023,Man United,Fulham,2,1,HOME_TEAM,1,1,21,10,8,3,5,4,R Jones
2023-05-28,2022-2023,Everton,Bournemouth,1,0,HOME_TEAM,0,0,13,7,6,2,9,3,S Attwell
2023-05-28,2022-2023,Leeds,Tottenham,1,4,AWAY_TEAM,0,1,19,11,2,7,12,3,A Taylor
2023-05-28,2022-2023,Chelsea,Newcastle,1,1,DRAW,1,1,22,13,5,4,10,3,J Gillett
2023-05-28,2022-2023,Brentford,Man City,1,0,HOME_TEAM,0,0,11,17,4,3,3,4,J Brooks
2023-05-28,2022-2023,Aston Villa,Brighton,2,1,HOME_TEAM,2,1,12,8,5,4,4,3,D Coote
2023-05-28,2022-2023,Arsenal,Wolves,5,0,HOME_TEAM,3,0,14,6,8,0,8,4,A Marriner
2023-05-28,2022-2023,Crystal Palace,Nott'm Forest,1,1,DRAW,0,1,16,7,4,4,5,4,T Bramall
2023-08-11,2023-2024,Burnley,Man City,0,3,AWAY_TEAM,0,2,6,17,1,8,6,5,C Pawson
2023-08-12,2023-2024,Arsenal,Nott'm Forest,2,1,HOME_TEAM,2,0,15,6,7,2,8,3,M Oliver
2023-08-12,2023-2024,Bournemouth,West Ham,1,1,DRAW,0,0,14,16,5,3,10,4,P Bankes
2023-08-12,2023-2024,Brighton,Luton,4,1,HOME_TEAM,1,0,27,9,12,3,6,7,D Coote
2023-08-12,2023-2024,Everton,Fulham,0,1,AWAY_TEAM,0,0,19,9,9,2,10,4,S Attwell
2023-08-12,2023-2024,Sheffield United,Crystal Palace,0,1,AWAY_TEAM,0,0,8,24,1,8,5,5,J Brooks
2023-08-12,2023-2024,Newcastle,Aston Villa,5,1,HOME_TEAM,2,1,17,16,13,6,6,5,A Madley
2023-08-13,2023-2024,Brentford,Tottenham,2,2,DRAW,2,2,11,18,6,6,3,6,R Jones
2023-08-13,2023-2024,Chelsea,Liverpool,1,1,DRAW,1,1,10,13,4,1,4,4,A Taylor
2023-08-14,2023-2024,Man United,Wolves,1,0,HOME_TEAM,0,0,15,23,3,6,8,7,S Hooper
2023-08-18,2023-2024,Nott'm Forest,Sheffield United,2,1,HOME_TEAM,1,0,16,7,4,3,6,7,P Bankes
2023-08-19,2023-2024,Man City,Newcastle,1,0,HOME_TEAM,1,0,14,7,4,1,3,0,R Jones
2023-08-19,2023-2024,Wolves,Brighton,1,4,AWAY_TEAM,0,1,16,16,5,8,5,3,A Madley
2023-08-19,2023-2024,Tottenham,Man United,2,0,HOME_TEAM,0,0,17,22,6,6,5,6,M Oliver
2023-08-19,2023-2024,Liverpool,Bournemouth,3,1,HOME_TEAM,2,1,26,13,10,5,10,2,T Bramall
2023-08-19,2023-2024,Fulham,Brentford,0,3,AWAY_TEAM,0,1,10,17,2,8,5,5,D Bond
2023-08-20,2023-2024,Aston Villa,Everton,4,0,HOME_TEAM,2,0,13,9,7,2,7,6,A Taylor
2023-08-20,2023-2024,West Ham,Chelsea,3,1,HOME_TEAM,1,1,12,17,6,4,3,9,J Brooks
2023-08-21,2023-2024,Crystal Palace,Arsenal,0,1,AWAY_TEAM,0,0,14,14,2,3,1,8,D Coote
2023-08-25,2023-2024,Chelsea,Luton,3,0,HOME_TEAM,1,0,19,11,8,1,6,4,R Jones
2023-08-26,2023-2024,Brighton,West Ham,1,3,AWAY_TEAM,0,1,25,12,10,3,17,4,A Taylor
2023-08-26,2023-2024,Man United,Nott'm Forest,3,2,HOME_TEAM,1,2,18,9,9,4,11,3,S Attwell
2023-08-26,2023-2024,Everton,Wolves,0,1,AWAY_TEAM,0,0,15,11,7,2,7,0,C Pawson
2023-08-26,2023-2024,Arsenal,Fulham,2,2,DRAW,0,1,19,8,11,3,8,3,P Tierney
2023-08-26,2023-2024,Bournemouth,Tottenham,0,2,AWAY_TEAM,0,1,11,17,3,6,6,2,T Robinson
2023-08-26,2023-2024,Brentford,Crystal Palace,1,1,DRAW,1,0,12,15,1,5,8,6,P Bankes
2023-08-27,2023-2024,Burnley,Aston Villa,1,3,AWAY_TEAM,0,2,9,16,2,6,4,6,M Salisbury
2023-08-27,2023-2024,Sheffield United,Man City,1,2,AWAY_TEAM,0,0,6,30,2,9,1,12,J Gillett
2023-08-27,2023-2024,Newcastle,Liverpool,1,2,AWAY_TEAM,1,0,23,9,8,4,5,9,J Brooks
2023-09-01,2023-2024,Luton,West Ham,1,2,AWAY_TEAM,0,1,16,9,1,3,9,6,P Tierney
2023-09-02,2023-2024,Man City,Fulham,5,1,HOME_TEAM,2,1,7,6,5,4,4,5,M Oliver
2023-09-02,2023-2024,Brighton,Newcastle,3,1,HOME_TEAM,1,0,15,9,6,2,5,3,S Attwell
2023-09-02,2023-2024,Chelsea,Nott'm Forest,0,1,AWAY_TEAM,0,0,21,7,2,3,8,0,T Robinson
2023-09-02,2023-2024,Sheffield United,Everton,2,2,DRAW,2,1,13,16,8,6,4,6,A Madley
2023-09-02,2023-2024,Brentford,Bournemouth,2,2,DRAW,1,1,21,12,7,5,5,2,R Madley
2023-09-02,2023-2024,Burnley,Tottenham,2,5,AWAY_TEAM,1,2,16,20,4,10,7,4,D England
2023-09-03,2023-2024,Crystal Palace,Wolves,3,2,HOME_TEAM,0,0,16,12,11,4,4,2,R Jones
2023-09-03,2023-2024,Liverpool,Aston Villa,3,0,HOME_TEAM,2,0,17,9,4,3,7,3,S Hooper
2023-09-03,2023-2024,Arsenal,Man United,3,1,HOME_TEAM,1,1,17,10,5,2,12,3,A Taylor
2023-09-16,2023-2024,Wolves,Liverpool,1,3,AWAY_TEAM,1,0,11,16,2,6,4,4,M Oliver
2023-09-16,2023-2024,Aston Villa,Crystal Palace,3,1,HOME_TEAM,0,0,16,6,5,3,4,2,D England
2023-09-16,2023-2024,Fulham,Luton,1,0,HOME_TEAM,0,0,13,7,2,2,6,2,M Salisbury
2023-09-16,2023-2024,Man United,Brighton,1,3,AWAY_TEAM,0,1,14,10,4,8,8,1,J Gillett
2023-09-16,2023-2024,Tottenham,Sheffield United,2,1,HOME_TEAM,0,0,28,7,10,5,15,2,P Bankes
2023-09-16,2023-2024,West Ham,Man City,1,3,AWAY_TEAM,1,0,6,29,3,15,4,11,A Madley
2023-09-16,2023-2024,Newcastle,Brentford,1,0,HOME_TEAM,0,0,9,11,2,2,8,3,C Pawson
2023-09-17,2023-2024,Bournemouth,Chelsea,0,0,DRAW,0,0,13,14,4,6,1,7,D Coote
2023-09-17,2023-2024,Everton,Arsenal,0,1,AWAY_TEAM,0,0,8,13,1,4,1,11,S Hooper
2023-09-18,2023-2024,Nott'm Forest,Burnley,1,1,DRAW,0,1,14,10,4,3,5,4,R Jones
2023-09-23,2023-2024,Crystal Palace,Fulham,0,0,DRAW,0,0,7,10,3,5,3,2,P Tierney
2023-09-23,2023-2024,Luton,Wolves,1,1,DRAW,0,0,20,3,4,3,10,1,J Smith
2023-09-23,2023-2024,Man City,Nott'm Forest,2,0,HOME_TEAM,2,0,7,10,4,3,6,6,A Taylor
2023-09-23,2023-2024,Brentford,Everton,1,3,AWAY_TEAM,1,1,12,18,2,6,1,4,M Oliver
2023-09-23,2023-2024,Burnley,Man United,0,1,AWAY_TEAM,0,1,12,11,4,4,9,5,T Harrington
2023-09-24,2023-2024,Arsenal,Tottenham,2,2,DRAW,1,1,13,13,6,5,11,4,R Jones
2023-09-24,2023-2024,Brighton,Bournemouth,3,1,HOME_TEAM,1,1,13,12,4,4,4,4,J Brooks
2023-09-24,2023-2024,Chelsea,Aston Villa,0,1,AWAY_TEAM,0,0,10,15,4,7,5,11,J Gillett
2023-09-24,2023-2024,Liverpool,West Ham,3,1,HOME_TEAM,1,1,22,11,7,4,7,4,C Kavanagh
2023-09-24,2023-2024,Sheffield United,Newcastle,0,8,AWAY_TEAM,0,3,9,22,1,15,2,6,S Attwell
2023-09-30,2023-2024,Tottenham,Liverpool,2,1,HOME_TEAM,1,1,24,12,8,4,12,5,S Hooper
2023-09-30,2023-2024,Wolves,Man City,2,1,HOME_TEAM,1,0,3,23,1,8,0,6,C Pawson
2023-09-30,2023-2024,Newcastle,Burnley,2,0,HOME_TEAM,1,0,20,8,8,2,5,3,T Bramall
2023-09-30,2023-2024,West Ham,Sheffield United,2,0,HOME_TEAM,2,0,20,16,9,2,7,4,G Scott
2023-09-30,2023-2024,Everton,Luton,1,2,AWAY_TEAM,1,2,23,9,5,2,3,6,A Taylor
2023-09-30,2023-2024,Bournemouth,Arsenal,0,4,AWAY_TEAM,0,2,8,15,1,8,6,6,M Salisbury
2023-09-30,2023-2024,Aston Villa,Brighton,6,1,HOME_TEAM,3,0,19,11,9,3,1,3,A Madley
2023-09-30,2023-2024,Man United,Crystal Palace,0,1,AWAY_TEAM,0,1,19,8,4,2,10,4,C Kavanagh
2023-10-01,2023-2024,Nott'm Forest,Brentford,1,1,DRAW,0,0,6,18,1,5,1,11,P Tierney
2023-10-02,2023-2024,Fulham,Chelsea,0,2,AWAY_TEAM,0,2,10,11,3,4,8,1,T Robinson
2023-10-03,2023-2024,Luton,Burnley,1,2,AWAY_TEAM,0,1,18,14,3,4,7,6,P Bankes
2023-10-07,2023-2024,Crystal Palace,Nott'm Forest,0,0,DRAW,0,0,8,16,2,5,3,7,C Pawson
2023-10-07,2023-2024,Man United,Brentford,2,1,HOME_TEAM,0,1,21,11,8,3,7,5,A Madley
2023-10-07,2023-2024,Fulham,Sheffield United,3,1,HOME_TEAM,0,0,20,5,6,2,9,4,S Barrott
2023-10-07,2023-2024,Burnley,Chelsea,1,4,AWAY_TEAM,1,1,10,9,3,5,7,3,S Attwell
2023-10-07,2023-2024,Luton,Tottenham,0,1,AWAY_TEAM,0,0,12,15,2,4,5,6,J Brooks
2023-10-07,2023-2024,Everton,Bournemouth,3,0,HOME_TEAM,2,0,25,11,8,4,8,7,D Coote
2023-10-08,2023-2024,Arsenal,Man City,1,0,HOME_TEAM,0,0,12,4,2,1,5,4,M Oliver
2023-10-08,2023-2024,Brighton,Liverpool,2,2,DRAW,1,2,14,14,3,4,8,1,A Taylor
2023-10-08,2023-2024,West Ham,Newcastle,2,2,DRAW,1,0,5,10,3,3,4,2,P Bankes
2023-10-08,2023-2024,Wolves,Aston Villa,1,1,DRAW,0,0,8,18,3,4,2,10,R Jones
2023-10-21,2023-2024,Chelsea,Arsenal,2,2,DRAW,1,0,11,13,5,3,2,7,C Kavanagh
2023-10-21,2023-2024,Nott'm Forest,Luton,2,2,DRAW,0,0,19,13,8,4,4,2,S Barrott
2023-10-21,2023-2024,Sheffield United,Man United,1,2,AWAY_TEAM,1,1,12,14,6,5,5,4,M Oliver
2023-10-21,2023-2024,Newcastle,Crystal Palace,4,0,HOME_TEAM,3,0,10,17,7,3,6,8,T Robinson
2023-10-21,2023-2024,Bournemouth,Wolves,1,2,AWAY_TEAM,1,0,7,20,4,7,3,12,P Tierney
2023-10-21,2023-2024,Brentford,Burnley,3,0,HOME_TEAM,1,0,23,6,10,1,5,5,J Smith
2023-10-21,2023-2024,Man City,Brighton,2,1,HOME_TEAM,2,0,10,5,6,3,2,2,R Jones
2023-10-21,2023-2024,Liverpool,Everton,2,0,HOME_TEAM,0,0,26,6,6,1,12,4,C Pawson
2023-10-22,2023-2024,Aston Villa,West Ham,4,1,HOME_TEAM,1,0,15,14,7,4,8,7,D Coote
2023-10-23,2023-2024,Tottenham,Fulham,2,0,HOME_TEAM,1,0,15,10,5,3,3,5,A Taylor
2023-10-27,2023-2024,Crystal Palace,Tottenham,1,2,AWAY_TEAM,0,0,13,10,3,1,11,2,A Madley
2023-10-28,2023-2024,Wolves,Newcastle,2,2,DRAW,1,2,11,13,6,5,8,7,A Taylor
2023-10-28,2023-2024,Bournemouth,Burnley,2,1,HOME_TEAM,1,1,13,6,6,3,10,5,S Barrott
2023-10-28,2023-2024,Chelsea,Brentford,0,2,AWAY_TEAM,0,0,17,7,2,5,10,1,S Hooper
2023-10-28,2023-2024,Arsenal,Sheffield United,5,0,HOME_TEAM,1,0,13,2,8,0,6,1,T Robinson
2023-10-29,2023-2024,West Ham,Everton,0,1,AWAY_TEAM,0,0,12,10,2,4,4,3,S Attwell
2023-10-29,2023-2024,Aston Villa,Luton,3,1,HOME_TEAM,1,0,17,7,6,1,6,4,J Brooks
2023-10-29,2023-2024,Brighton,Fulham,1,1,DRAW,1,0,18,10,7,5,7,3,M Salisbury
2023-10-29,2023-2024,Liverpool,Nott'm Forest,3,0,HOME_TEAM,2,0,21,9,8,1,8,3,C Kavanagh
2023-10-29,2023-2024,Man United,Man City,0,3,AWAY_TEAM,0,1,7,21,3,10,7,12,P Tierney
2023-11-04,2023-2024,Sheffield United,Wolves,2,1,HOME_TEAM,0,0,11,10,2,3,4,4,R Jones
2023-11-04,2023-2024,Newcastle,Arsenal,1,0,HOME_TEAM,0,0,9,14,2,1,0,11,S Attwell
2023-11-04,2023-2024,Man City,Bournemouth,6,1,HOME_TEAM,3,0,21,5,8,1,12,1,C Pawson
2023-11-04,2023-2024,Fulham,Man United,0,1,AWAY_TEAM,0,0,18,12,3,5,9,4,J Brooks
2023-11-04,2023-2024,Burnley,Crystal Palace,0,2,AWAY_TEAM,0,1,17,4,5,3,12,1,P Bankes
2023-11-04,2023-2024,Brentford,West Ham,3,2,HOME_TEAM,1,2,16,12,4,2,4,3,T Bramall
2023-11-04,2023-2024,Everton,Brighton,1,1,DRAW,1,0,10,7,4,2,3,3,T Robinson
2023-11-05,2023-2024,Nott'm Forest,Aston Villa,2,0,HOME_TEAM,1,0,5,13,3,3,0,10,J Gillett
2023-11-05,2023-2024,Luton,Liverpool,1,1,DRAW,0,0,8,24,5,6,4,7,A Madley
2023-11-06,2023-2024,Tottenham,Chelsea,1,4,AWAY_TEAM,1,1,8,17,5,8,1,6,M Oliver
2023-11-11,2023-2024,Wolves,Tottenham,2,1,HOME_TEAM,0,1,17,6,4,2,11,3,T Robinson
2023-11-11,2023-2024,Arsenal,Burnley,3,1,HOME_TEAM,1,0,16,8,6,5,3,3,M Oliver
2023-11-11,2023-2024,Crystal Palace,Everton,2,3,AWAY_TEAM,1,1,13,8,4,4,9,2,S Barrott
2023-11-11,2023-2024,Man United,Luton,1,0,HOME_TEAM,0,0,15,10,4,4,11,3,G Scott
2023-11-11,2023-2024,Bournemouth,Newcastle,2,0,HOME_TEAM,0,0,19,8,10,5,6,5,C Kavanagh
2023-11-12,2023-2024,Chelsea,Man City,4,4,DRAW,2,2,17,15,9,10,3,3,A Taylor
2023-11-12,2023-2024,Liverpool,Brentford,3,0,HOME_TEAM,1,0,17,16,10,3,6,8,P Tierney
2023-11-12,2023-2024,West Ham,Nott'm Forest,3,2,HOME_TEAM,1,1,16,10,6,5,9,4,M Salisbury
2023-11-12,2023-2024,Aston Villa,Fulham,3,1,HOME_TEAM,2,0,12,9,6,5,2,2,S Hooper
2023-11-12,2023-2024,Brighton,Sheffield United,1,1,DRAW,1,0,11,9,6,1,6,3,J Brooks
2023-11-25,2023-2024,Man City,Liverpool,1,1,DRAW,1,0,16,8,5,3,9,6,C Kavanagh
2023-11-25,2023-2024,Burnley,West Ham,1,2,AWAY_TEAM,0,0,11,11,5,3,4,5,S Barrott
2023-11-25,2023-2024,Luton,Crystal Palace,2,1,HOME_TEAM,0,0,8,16,3,8,4,5,J Gillett
2023-11-25,2023-2024,Newcastle,Chelsea,4,1,HOME_TEAM,1,1,14,7,5,4,4,2,S Hooper
2023-11-25,2023-2024,Nott'm Forest,Brighton,2,3,AWAY_TEAM,1,2,18,11,5,5,6,4,A Taylor
2023-11-25,2023-2024,Sheffield United,Bournemouth,1,3,AWAY_TEAM,0,2,10,23,2,11,4,7,A Madley
2023-11-25,2023-2024,Brentford,Arsenal,0,1,AWAY_TEAM,0,0,9,15,3,4,1,8,T Robinson
2023-11-26,2023-2024,Tottenham,Aston Villa,1,2,AWAY_TEAM,1,1,18,15,8,5,9,3,R Jones
2023-11-26,2023-2024,Everton,Man United,0,3,AWAY_TEAM,0,1,24,9,6,4,6,5,J Brooks
2023-11-27,2023-2024,Fulham,Wolves,3,2,HOME_TEAM,1,1,12,10,6,6,6,2,M Salisbury
2023-12-02,2023-2024,Newcastle,Man United,1,0,HOME_TEAM,0,0,22,8,4,1,7,3,R Jones
2023-12-02,2023-2024,Burnley,Sheffield United,5,0,HOME_TEAM,2,0,19,6,7,3,6,1,C Kavanagh
2023-12-02,2023-2024,Nott'm Forest,Everton,0,1,AWAY_TEAM,0,0,13,12,2,3,4,3,P Tierney
2023-12-02,2023-2024,Arsenal,Wolves,2,1,HOME_TEAM,2,0,19,6,6,3,4,0,P Bankes
2023-12-02,2023-2024,Brentford,Luton,3,1,HOME_TEAM,0,0,27,7,6,1,7,5,A Taylor
2023-12-03,2023-2024,Man City,Tottenham,3,3,DRAW,2,1,18,8,4,4,10,8,S Hooper
2023-12-03,2023-2024,West Ham,Crystal Palace,1,1,DRAW,1,0,9,9,3,2,2,3,M Oliver
2023-12-03,2023-2024,Bournemouth,Aston Villa,2,2,DRAW,1,1,15,11,7,3,7,7,T Bramall
2023-12-03,2023-2024,Chelsea,Brighton,3,2,HOME_TEAM,2,1,8,18,5,9,5,8,C Pawson
2023-12-03,2023-2024,Liverpool,Fulham,4,3,HOME_TEAM,2,2,26,9,12,5,3,4,S Attwell
2023-12-05,2023-2024,Wolves,Burnley,1,0,HOME_TEAM,1,0,7,12,4,3,6,8,J Gillett
2023-12-05,2023-2024,Luton,Arsenal,3,4,AWAY_TEAM,1,2,6,23,4,9,3,8,S Barrott
2023-12-06,2023-2024,Brighton,Brentford,2,1,HOME_TEAM,1,1,18,8,7,2,7,3,P Bankes
2023-12-06,2023-2024,Crystal Palace,Bournemouth,0,2,AWAY_TEAM,0,1,16,11,3,4,3,9,C Pawson
2023-12-06,2023-2024,Fulham,Nott'm Forest,5,0,HOME_TEAM,2,0,14,4,6,1,6,1,J Smith
2023-12-06,2023-2024,Sheffield United,Liverpool,0,2,AWAY_TEAM,0,1,6,15,1,8,2,12,S Hooper
2023-12-06,2023-2024,Aston Villa,Man City,1,0,HOME_TEAM,0,0,22,2,7,2,6,0,J Brooks
2023-12-06,2023-2024,Man United,Chelsea,2,1,HOME_TEAM,1,1,28,13,9,3,12,4,C Kavanagh
2023-12-07,2023-2024,Everton,Newcastle,3,0,HOME_TEAM,0,0,21,13,6,3,5,2,T Robinson
2023-12-07,2023-2024,Tottenham,West Ham,1,2,AWAY_TEAM,1,0,23,11,7,5,8,4,M Salisbury
2023-12-09,2023-2024,Wolves,Nott'm Forest,1,1,DRAW,1,1,10,8,4,2,4,3,S Barrott
2023-12-09,2023-2024,Aston Villa,Arsenal,1,0,HOME_TEAM,1,0,10,12,3,5,3,3,J Gillett
2023-12-09,2023-2024,Sheffield United,Brentford,1,0,HOME_TEAM,1,0,9,10,4,4,3,4,S Attwell
2023-12-09,2023-2024,Crystal Palace,Liverpool,1,2,AWAY_TEAM,0,0,8,14,4,2,6,5,A Madley
2023-12-09,2023-2024,Brighton,Burnley,1,1,DRAW,0,1,29,6,11,3,9,1,S Hooper
2023-12-09,2023-2024,Man United,Bournemouth,0,3,AWAY_TEAM,0,1,20,10,3,4,10,4,P Bankes
2023-12-10,2023-2024,Everton,Chelsea,2,0,HOME_TEAM,0,0,9,16,5,4,4,8,M Oliver
2023-12-10,2023-2024,Fulham,West Ham,5,0,HOME_TEAM,3,0,14,9,8,5,3,6,P Tierney
2023-12-10,2023-2024,Luton,Man City,1,2,AWAY_TEAM,1,0,4,18,2,6,6,3,T Robinson
2023-12-10,2023-2024,Tottenham,Newcastle,4,1,HOME_TEAM,2,0,23,9,12,3,3,6,C Kavanagh
2023-12-15,2023-2024,Nott'm Forest,Tottenham,0,2,AWAY_TEAM,0,1,15,12,1,6,6,4,J Gillett
2023-12-16,2023-2024,Chelsea,Sheffield United,2,0,HOME_TEAM,0,0,15,6,6,1,7,6,A Madley
2023-12-16,2023-2024,Man City,Crystal Palace,2,2,DRAW,1,0,19,5,9,2,6,1,P Tierney
2023-12-16,2023-2024,Newcastle,Fulham,3,0,HOME_TEAM,0,0,27,6,10,4,5,1,S Barrott
2023-12-16,2023-2024,Burnley,Everton,0,2,AWAY_TEAM,0,2,14,9,2,6,8,6,A Taylor
2023-12-17,2023-2024,West Ham,Wolves,3,0,HOME_TEAM,2,0,13,14,4,3,6,6,C Kavanagh
2023-12-17,2023-2024,Liverpool,Man United,0,0,DRAW,0,0,34,6,8,1,12,0,M Oliver
2023-12-17,2023-2024,Arsenal,Brighton,2,0,HOME_TEAM,0,0,26,6,9,1,10,1,T Robinson
2023-12-17,2023-2024,Brentford,Aston Villa,1,2,AWAY_TEAM,1,0,4,15,3,5,7,12,D Coote
2023-12-21,2023-2024,Crystal Palace,Brighton,1,1,DRAW,1,0,11,18,3,6,3,1,J Brooks
2023-12-22,2023-2024,Aston Villa,Sheffield United,1,1,DRAW,0,0,12,5,4,2,9,1,A Taylor
2023-12-23,2023-2024,Liverpool,Arsenal,1,1,DRAW,1,1,13,13,3,2,4,5,C Kavanagh
2023-12-23,2023-2024,Nott'm Forest,Bournemouth,2,3,AWAY_TEAM,0,0,11,18,5,7,6,6,R Jones
2023-12-23,2023-2024,Tottenham,Everton,2,1,HOME_TEAM,2,0,13,18,6,8,3,8,S Attwell
2023-12-23,2023-2024,Fulham,Burnley,0,2,AWAY_TEAM,0,0,19,7,5,2,8,6,R Welch
2023-12-23,2023-2024,West Ham,Man United,2,0,HOME_TEAM,0,0,12,11,5,3,4,4,S Hooper
2023-12-23,2023-2024,Luton,Newcastle,1,0,HOME_TEAM,1,0,16,15,5,2,6,7,D England
2023-12-24,2023-2024,Wolves,Chelsea,2,1,HOME_TEAM,0,0,14,16,6,5,10,6,D Coote
2023-12-26,2023-2024,Man United,Aston Villa,3,2,HOME_TEAM,0,2,13,10,7,4,3,6,C Pawson
2023-12-26,2023-2024,Newcastle,Nott'm Forest,1,3,AWAY_TEAM,1,1,19,15,7,6,10,2,C Kavanagh
2023-12-26,2023-2024,Bournemouth,Fulham,3,0,HOME_TEAM,1,0,16,8,4,3,6,5,T Robinson
2023-12-26,2023-2024,Sheffield United,Luton,2,3,AWAY_TEAM,0,1,21,12,6,4,9,4,S Allison
2023-12-26,2023-2024,Burnley,Liverpool,0,2,AWAY_TEAM,0,1,9,19,0,10,4,4,P Tierney
2023-12-27,2023-2024,Chelsea,Crystal Palace,2,1,HOME_TEAM,1,1,9,13,4,5,4,3,M Salisbury
2023-12-27,2023-2024,Everton,Man City,1,3,AWAY_TEAM,1,0,7,23,2,9,8,4,J Brooks
2023-12-27,2023-2024,Brentford,Wolves,1,4,AWAY_TEAM,1,3,14,11,4,5,8,2,A Madley
2023-12-28,2023-2024,Brighton,Tottenham,4,2,HOME_TEAM,2,0,15,19,9,3,7,6,J Gillett
2023-12-28,2023-2024,Arsenal,West Ham,0,2,AWAY_TEAM,0,1,30,6,8,3,10,3,M Oliver
2023-12-30,2023-2024,Luton,Chelsea,2,3,AWAY_TEAM,0,2,15,12,6,8,7,2,P Tierney
2023-12-30,2023-2024,Aston Villa,Burnley,3,2,HOME_TEAM,2,1,19,9,7,5,6,2,S Attwell
2023-12-30,2023-2024,Crystal Palace,Brentford,3,1,HOME_TEAM,2,1,13,9,6,4,7,4,R Jones
2023-12-30,2023-2024,Man City,Sheffield United,2,0,HOME_TEAM,1,0,18,4,4,2,12,2,D Coote
2023-12-30,2023-2024,Wolves,Everton,3,0,HOME_TEAM,1,0,12,10,6,0,5,2,T Bramall
2023-12-30,2023-2024,Nott'm Forest,Man United,2,1,HOME_TEAM,0,0,8,10,2,5,4,5,T Robinson
2023-12-31,2023-2024,Fulham,Arsenal,2,1,HOME_TEAM,1,1,15,13,4,3,5,4,J Smith
2023-12-31,2023-2024,Tottenham,Bournemouth,3,1,HOME_TEAM,1,0,12,24,6,4,4,13,S Hooper
2024-01-01,2023-2024,Liverpool,Newcastle,4,2,HOME_TEAM,0,0,34,5,15,3,7,3,A Taylor
2024-01-02,2023-2024,West Ham,Brighton,0,0,DRAW,0,0,6,22,2,8,2,0,S Barrott
2024-01-12,2023-2024,Burnley,Luton,1,1,DRAW,1,0,13,14,7,5,2,8,T Harrington
2024-01-13,2023-2024,Newcastle,Man City,2,3,AWAY_TEAM,2,1,12,27,5,11,3,13,C Kavanagh
2024-01-13,2023-2024,Chelsea,Fulham,1,0,HOME_TEAM,1,0,17,14,3,4,6,4,A Taylor
2024-01-14,2023-2024,Everton,Aston Villa,0,0,DRAW,0,0,10,16,2,5,4,5,D Coote
2024-01-14,2023-2024,Man United,Tottenham,2,2,DRAW,2,1,9,16,2,6,8,13,J Brooks
2024-01-20,2023-2024,Arsenal,Crystal Palace,5,0,HOME_TEAM,2,0,21,12,6,5,6,7,P Tierney
2024-01-20,2023-2024,Brentford,Nott'm Forest,3,2,HOME_TEAM,1,1,11,12,5,3,6,4,D England
2024-01-21,2023-2024,Sheffield United,West Ham,2,2,DRAW,1,1,21,16,6,5,4,1,M Salisbury
2024-01-21,2023-2024,Bournemouth,Liverpool,0,4,AWAY_TEAM,0,0,11,14,1,7,8,5,A Madley
2024-01-22,2023-2024,Brighton,Wolves,0,0,DRAW,0,0,11,8,4,3,8,2,C Pawson
2024-01-30,2023-2024,Nott'm Forest,Arsenal,1,2,AWAY_TEAM,0,0,9,19,3,3,2,11,S Hooper
2024-01-30,2023-2024,Fulham,Everton,0,0,DRAW,0,0,25,21,6,4,15,6,T Bramall
2024-01-30,2023-2024,Luton,Brighton,4,0,HOME_TEAM,3,0,18,9,8,2,7,4,R Jones
2024-01-30,2023-2024,Crystal Palace,Sheffield United,3,2,HOME_TEAM,2,2,12,9,4,5,11,1,T Harrington
2024-01-30,2023-2024,Aston Villa,Newcastle,1,3,AWAY_TEAM,0,2,12,14,6,5,8,7,J Brooks
2024-01-31,2023-2024,Tottenham,Brentford,3,2,HOME_TEAM,0,1,19,9,5,5,5,3,D Coote
2024-01-31,2023-2024,Liverpool,Chelsea,4,1,HOME_TEAM,2,0,28,4,13,3,8,1,P Tierney
2024-01-31,2023-2024,Man City,Burnley,3,1,HOME_TEAM,2,0,14,8,4,3,7,3,S Barrott
2024-02-01,2023-2024,Wolves,Man United,3,4,AWAY_TEAM,0,2,16,21,7,8,4,5,J Gillett
2024-02-01,2023-2024,West Ham,Bournemouth,1,1,DRAW,0,1,9,9,3,4,1,5,T Robinson
2024-02-03,2023-2024,Everton,Tottenham,2,2,DRAW,1,2,14,9,5,6,9,5,M Oliver
2024-02-03,2023-2024,Brighton,Crystal Palace,4,1,HOME_TEAM,3,0,13,7,6,5,3,2,S Hooper
2024-02-03,2023-2024,Burnley,Fulham,2,2,DRAW,0,2,12,15,4,7,2,13,D Bond
2024-02-03,2023-2024,Newcastle,Luton,4,4,DRAW,2,2,19,11,6,8,8,2,T Bramall
2024-02-03,2023-2024,Sheffield United,Aston Villa,0,5,AWAY_TEAM,0,4,10,14,5,10,3,4,P Tierney
2024-02-04,2023-2024,Man United,West Ham,3,0,HOME_TEAM,1,0,12,22,5,3,5,8,A Madley
2024-02-04,2023-2024,Arsenal,Liverpool,3,1,HOME_TEAM,1,1,15,10,7,1,2,4,A Taylor
2024-02-04,2023-2024,Bournemouth,Nott'm Forest,1,1,DRAW,1,1,9,8,2,6,11,6,R Welch
2024-02-04,2023-2024,Chelsea,Wolves,2,4,AWAY_TEAM,1,2,15,14,6,7,10,1,T Robinson
2024-02-05,2023-2024,Brentford,Man City,1,3,AWAY_TEAM,1,1,9,25,3,15,8,13,J Gillett
2024-02-10,2023-2024,Nott'm Forest,Newcastle,2,3,AWAY_TEAM,2,2,13,7,3,5,4,4,A Taylor
2024-02-10,2023-2024,Man City,Everton,2,0,HOME_TEAM,0,0,19,5,3,1,9,0,J Brooks
2024-02-10,2023-2024,Fulham,Bournemouth,3,1,HOME_TEAM,2,0,7,25,6,4,1,14,D England
2024-02-10,2023-2024,Liverpool,Burnley,3,1,HOME_TEAM,1,1,25,9,10,4,9,3,T Robinson
2024-02-10,2023-2024,Luton,Sheffield United,1,3,AWAY_TEAM,0,2,20,7,5,3,13,1,C Kavanagh
2024-02-10,2023-2024,Tottenham,Brighton,2,1,HOME_TEAM,0,1,16,6,6,3,9,6,S Barrott
2024-02-10,2023-2024,Wolves,Brentford,0,2,AWAY_TEAM,0,1,17,9,5,6,7,4,S Hooper
2024-02-11,2023-2024,Aston Villa,Man United,1,2,AWAY_TEAM,0,1,23,17,10,5,10,8,R Jones
2024-02-11,2023-2024,West Ham,Arsenal,0,6,AWAY_TEAM,0,4,5,25,1,12,2,6,C Pawson
2024-02-12,2023-2024,Crystal Palace,Chelsea,1,3,AWAY_TEAM,1,0,13,14,4,5,1,7,M Oliver
2024-02-17,2023-2024,Brentford,Liverpool,1,4,AWAY_TEAM,0,1,15,15,6,8,1,6,M Oliver
2024-02-17,2023-2024,Burnley,Arsenal,0,5,AWAY_TEAM,0,2,8,16,0,7,4,6,J Gillett
2024-02-17,2023-2024,Fulham,Aston Villa,1,2,AWAY_TEAM,0,1,15,12,4,3,4,4,L Smith
2024-02-17,2023-2024,Newcastle,Bournemouth,2,2,DRAW,0,0,17,12,5,7,4,2,M Salisbury
2024-02-17,2023-2024,Nott'm Forest,West Ham,2,0,HOME_TEAM,1,0,19,10,8,3,5,3,T Bramall
2024-02-17,2023-2024,Tottenham,Wolves,1,2,AWAY_TEAM,0,1,15,12,4,7,10,4,A Taylor
2024-02-17,2023-2024,Man City,Chelsea,1,1,DRAW,0,1,31,9,5,6,12,1,A Madley
2024-02-18,2023-2024,Sheffield United,Brighton,0,5,AWAY_TEAM,0,2,6,24,1,10,5,10,S Attwell
2024-02-18,2023-2024,Luton,Man United,1,2,AWAY_TEAM,1,2,22,21,4,9,8,6,D Coote
2024-02-19,2023-2024,Everton,Crystal Palace,1,1,DRAW,0,0,19,10,4,4,3,6,P Tierney
2024-02-20,2023-2024,Man City,Brentford,1,0,HOME_TEAM,0,0,25,6,11,2,10,1,D England
2024-02-21,2023-2024,Liverpool,Luton,4,1,HOME_TEAM,0,1,29,12,13,3,13,4,A Madley
2024-02-24,2023-2024,Arsenal,Newcastle,4,1,HOME_TEAM,2,0,18,3,8,2,9,0,P Tierney
2024-02-24,2023-2024,Bournemouth,Man City,0,1,AWAY_TEAM,0,1,13,15,4,6,3,8,J Gillett
2024-02-24,2023-2024,Man United,Fulham,1,2,AWAY_TEAM,0,0,21,17,9,5,10,9,M Oliver
2024-02-24,2023-2024,Crystal Palace,Burnley,3,0,HOME_TEAM,0,0,15,2,6,0,12,3,L Smith
2024-02-24,2023-2024,Brighton,Everton,1,1,DRAW,0,0,23,6,7,3,11,3,T Harrington
2024-02-24,2023-2024,Aston Villa,Nott'm Forest,4,2,HOME_TEAM,3,1,16,10,6,3,7,2,S Barrott
2024-02-25,2023-2024,Wolves,Sheffield United,1,0,HOME_TEAM,1,0,13,12,2,4,5,6,D Bond
2024-02-26,2023-2024,West Ham,Brentford,4,2,HOME_TEAM,2,1,17,14,6,8,1,7,S Hooper
2024-03-02,2023-2024,Brentford,Chelsea,2,2,DRAW,0,1,14,17,5,6,0,6,J Gillett
2024-03-02,2023-2024,Everton,West Ham,1,3,AWAY_TEAM,0,0,22,12,11,5,4,5,C Pawson
2024-03-02,2023-2024,Fulham,Brighton,3,0,HOME_TEAM,2,0,12,15,5,5,2,6,S Hooper
2024-03-02,2023-2024,Newcastle,Wolves,3,0,HOME_TEAM,2,0,14,12,7,3,3,5,T Robinson
2024-03-02,2023-2024,Nott'm Forest,Liverpool,0,1,AWAY_TEAM,0,0,8,22,2,2,3,12,P Tierney
2024-03-02,2023-2024,Tottenham,Crystal Palace,3,1,HOME_TEAM,0,0,14,4,6,1,11,1,J Brooks
2024-03-02,2023-2024,Luton,Aston Villa,2,3,AWAY_TEAM,0,2,13,12,5,8,8,6,M Oliver
2024-03-03,2023-2024,Burnley,Bournemouth,0,2,AWAY_TEAM,0,1,20,10,6,3,7,2,D Coote
2024-03-03,2023-2024,Man City,Man United,3,1,HOME_TEAM,0,1,27,3,8,1,15,2,A Madley
2024-03-04,2023-2024,Sheffield United,Arsenal,0,6,AWAY_TEAM,0,5,4,22,0,10,0,7,S Barrott
2024-03-09,2023-2024,Arsenal,Brentford,2,1,HOME_TEAM,1,1,17,9,6,4,10,4,R Jones
2024-03-09,2023-2024,Wolves,Fulham,2,1,HOME_TEAM,0,0,8,23,3,6,3,4,T Harrington
2024-03-09,2023-2024,Crystal Palace,Luton,1,1,DRAW,1,0,21,8,4,2,8,6,S Singh
2024-03-09,2023-2024,Bournemouth,Sheffield United,2,2,DRAW,0,1,32,13,12,9,10,3,A Taylor
2024-03-09,2023-2024,Man United,Everton,2,0,HOME_TEAM,2,0,15,23,8,6,5,8,S Hooper
2024-03-10,2023-2024,Aston Villa,Tottenham,0,4,AWAY_TEAM,0,0,10,9,1,5,6,4,C Kavanagh
2024-03-10,2023-2024,Brighton,Nott'm Forest,1,0,HOME_TEAM,1,0,10,9,3,4,6,3,M Salisbury
2024-03-10,2023-2024,West Ham,Burnley,2,2,DRAW,0,2,22,11,4,4,4,4,D England
2024-03-10,2023-2024,Liverpool,Man City,1,1,DRAW,0,1,19,10,6,6,7,4,M Oliver
2024-03-11,2023-2024,Chelsea,Newcastle,3,2,HOME_TEAM,1,1,12,11,8,3,0,4,J Brooks
2024-03-13,2023-2024,Bournemouth,Luton,4,3,HOME_TEAM,0,3,24,8,10,4,11,3,S Allison
2024-03-16,2023-2024,Burnley,Brentford,2,1,HOME_TEAM,1,0,17,9,6,5,5,4,D Bond
2024-03-16,2023-2024,Luton,Nott'm Forest,1,1,DRAW,0,1,10,16,4,6,6,7,D England
2024-03-16,2023-2024,Fulham,Tottenham,3,0,HOME_TEAM,1,0,16,14,7,5,4,5,R Jones
2024-03-17,2023-2024,West Ham,Aston Villa,1,1,DRAW,1,0,13,13,5,5,7,11,J Gillett
2024-03-30,2023-2024,Brentford,Man United,1,1,DRAW,0,0,31,11,5,5,14,4,S Hooper
2024-03-30,2023-2024,Aston Villa,Wolves,2,0,HOME_TEAM,1,0,11,13,5,3,5,4,P Tierney
2024-03-30,2023-2024,Tottenham,Luton,2,1,HOME_TEAM,0,1,17,7,4,3,3,6,J Gillett
2024-03-30,2023-2024,Sheffield United,Fulham,3,3,DRAW,0,0,8,24,4,9,2,15,T Robinson
2024-03-30,2023-2024,Newcastle,West Ham,4,3,HOME_TEAM,1,2,24,10,9,4,3,4,R Jones
2024-03-30,2023-2024,Chelsea,Burnley,2,2,DRAW,1,0,33,18,13,7,12,4,D England
2024-03-30,2023-2024,Bournemouth,Everton,2,1,HOME_TEAM,0,0,11,7,4,3,9,8,S Barrott
2024-03-30,2023-2024,Nott'm Forest,Crystal Palace,1,1,DRAW,0,1,12,10,5,3,4,6,C Kavanagh
2024-03-31,2023-2024,Liverpool,Brighton,2,1,HOME_TEAM,1,1,30,9,8,3,8,4,D Coote
2024-03-31,2023-2024,Man City,Arsenal,0,0,DRAW,0,0,12,6,1,2,7,4,A Taylor
2024-04-02,2023-2024,Newcastle,Everton,1,1,DRAW,1,0,18,10,6,3,7,3,T Harrington
2024-04-02,2023-2024,Nott'm Forest,Fulham,3,1,HOME_TEAM,3,0,16,18,4,3,3,8,M Oliver
2024-04-02,2023-2024,Bournemouth,Crystal Palace,1,0,HOME_TEAM,0,0,11,3,6,2,9,2,G Scott
2024-04-02,2023-2024,Burnley,Wolves,1,1,DRAW,1,1,13,8,6,2,7,4,T Bramall
2024-04-02,2023-2024,West Ham,Tottenham,1,1,DRAW,1,1,11,13,4,4,9,5,J Brooks
2024-04-03,2023-2024,Arsenal,Luton,2,0,HOME_TEAM,2,0,13,5,4,1,3,1,C Pawson
2024-04-03,2023-2024,Brentford,Brighton,0,0,DRAW,0,0,5,24,2,6,1,5,A Madley
2024-04-03,2023-2024,Man City,Aston Villa,4,1,HOME_TEAM,2,1,25,8,11,3,2,3,D England
2024-04-04,2023-2024,Chelsea,Man United,4,3,HOME_TEAM,2,2,28,19,10,5,12,3,J Gillett
2024-04-04,2023-2024,Liverpool,Sheffield United,3,1,HOME_TEAM,1,0,29,8,9,3,13,1,S Attwell
2024-04-06,2023-2024,Crystal Palace,Man City,2,4,AWAY_TEAM,1,1,7,18,4,8,2,9,P Tierney
2024-04-06,2023-2024,Aston Villa,Brentford,3,3,DRAW,1,0,11,8,3,3,11,3,M Salisbury
2024-04-06,2023-2024,Everton,Burnley,1,0,HOME_TEAM,1,0,12,6,3,1,3,5,M Oliver
2024-04-06,2023-2024,Fulham,Newcastle,0,1,AWAY_TEAM,0,0,14,12,4,5,14,3,S Allison
2024-04-06,2023-2024,Luton,Bournemouth,2,1,HOME_TEAM,0,0,19,8,9,1,7,2,A Madley
2024-04-06,2023-2024,Wolves,West Ham,1,2,AWAY_TEAM,1,0,14,11,7,4,4,4,T Harrington
2024-04-06,2023-2024,Brighton,Arsenal,0,3,AWAY_TEAM,0,1,10,20,2,7,8,7,J Brooks
2024-04-07,2023-2024,Man United,Liverpool,2,2,DRAW,0,1,9,28,5,7,6,11,A Taylor
2024-04-07,2023-2024,Sheffield United,Chelsea,2,2,DRAW,1,1,11,6,6,3,7,6,R Jones
2024-04-07,2023-2024,Tottenham,Nott'm Forest,3,1,HOME_TEAM,1,1,17,13,7,6,12,2,S Hooper
2024-04-13,2023-2024,Nott'm Forest,Wolves,2,2,DRAW,1,1,18,11,9,4,10,1,C Pawson
2024-04-13,2023-2024,Man City,Luton,5,1,HOME_TEAM,1,0,33,4,13,2,12,1,J Brooks
2024-04-13,2023-2024,Bournemouth,Man United,2,2,DRAW,2,1,20,8,5,2,7,2,T Harrington
2024-04-13,2023-2024,Brentford,Sheffield United,2,0,HOME_TEAM,0,0,9,8,5,2,3,6,S Barrott
2024-04-13,2023-2024,Burnley,Brighton,1,1,DRAW,0,0,11,20,3,8,4,5,S Hooper
2024-04-13,2023-2024,Newcastle,Tottenham,4,0,HOME_TEAM,2,0,18,11,5,2,16,3,T Robinson
2024-04-14,2023-2024,Liverpool,Crystal Palace,0,1,AWAY_TEAM,0,1,21,8,6,5,11,1,C Kavanagh
2024-04-14,2023-2024,West Ham,Fulham,0,2,AWAY_TEAM,0,1,15,18,4,10,8,3,S Attwell
2024-04-14,2023-2024,Arsenal,Aston Villa,0,2,AWAY_TEAM,0,0,18,11,4,2,4,6,D Coote
2024-04-15,2023-2024,Chelsea,Everton,6,0,HOME_TEAM,4,0,14,10,10,2,4,8,P Tierney
2024-04-20,2023-2024,Luton,Brentford,1,5,AWAY_TEAM,0,2,6,21,3,9,4,9,J Gillett
2024-04-20,2023-2024,Wolves,Arsenal,0,2,AWAY_TEAM,0,1,5,24,3,9,1,2,P Tierney
2024-04-20,2023-2024,Sheffield United,Burnley,1,4,AWAY_TEAM,0,2,18,16,11,9,11,2,A Madley
2024-04-21,2023-2024,Everton,Nott'm Forest,2,0,HOME_TEAM,1,0,7,8,4,3,6,4,A Taylor
2024-04-21,2023-2024,Aston Villa,Bournemouth,3,1,HOME_TEAM,1,1,14,14,4,6,8,4,T Robinson
2024-04-21,2023-2024,Crystal Palace,West Ham,5,2,HOME_TEAM,4,1,18,4,7,1,4,0,G Scott
2024-04-21,2023-2024,Fulham,Liverpool,1,3,AWAY_TEAM,1,1,12,14,5,7,1,4,C Pawson
2024-04-23,2023-2024,Arsenal,Chelsea,5,0,HOME_TEAM,1,0,27,7,10,1,4,2,S Hooper
2024-04-24,2023-2024,Man United,Sheffield United,4,2,HOME_TEAM,1,1,25,10,13,4,9,4,M Salisbury
2024-04-24,2023-2024,Everton,Liverpool,2,0,HOME_TEAM,1,0,16,23,6,7,4,13,A Madley
2024-04-24,2023-2024,Crystal Palace,Newcastle,2,0,HOME_TEAM,0,0,20,7,7,2,7,2,T Bramall
2024-04-24,2023-2024,Wolves,Bournemouth,0,1,AWAY_TEAM,0,1,15,21,4,6,8,12,S Attwell
2024-04-25,2023-2024,Brighton,Man City,0,4,AWAY_TEAM,0,3,7,14,3,6,4,4,J Gillett
2024-04-27,2023-2024,West Ham,Liverpool,2,2,DRAW,1,0,11,28,8,8,5,8,A Taylor
2024-04-27,2023-2024,Fulham,Crystal Palace,1,1,DRAW,0,0,9,14,2,4,5,9,S Attwell
2024-04-27,2023-2024,Man United,Burnley,1,1,DRAW,0,0,27,16,10,7,6,5,J Brooks
2024-04-27,2023-2024,Newcastle,Sheffield United,5,1,HOME_TEAM,1,1,20,15,7,5,4,5,T Harrington
2024-04-27,2023-2024,Wolves,Luton,2,1,HOME_TEAM,1,0,13,9,5,6,4,4,D Coote
2024-04-27,2023-2024,Everton,Brentford,1,0,HOME_TEAM,0,0,18,10,1,4,6,6,D England
2024-04-27,2023-2024,Aston Villa,Chelsea,2,2,DRAW,2,0,9,21,4,5,2,4,C Pawson
2024-04-28,2023-2024,Bournemouth,Brighton,3,0,HOME_TEAM,1,0,15,13,6,1,8,2,P Tierney
2024-04-28,2023-2024,Tottenham,Arsenal,2,3,AWAY_TEAM,0,3,14,9,2,3,8,6,M Oliver
2024-04-28,2023-2024,Nott'm Forest,Man City,0,2,AWAY_TEAM,0,1,14,11,2,5,4,5,S Hooper
2024-05-02,2023-2024,Chelsea,Tottenham,2,0,HOME_TEAM,1,0,16,19,5,3,4,9,R Jones
2024-05-03,2023-2024,Luton,Everton,1,1,DRAW,1,1,18,10,5,3,8,7,T Robinson
2024-05-04,2023-2024,Sheffield United,Nott'm Forest,1,3,AWAY_TEAM,1,1,17,15,5,4,5,3,C Kavanagh
2024-05-04,2023-2024,Burnley,Newcastle,1,4,AWAY_TEAM,0,3,17,23,5,11,4,11,A Taylor
2024-05-04,2023-2024,Man City,Wolves,5,1,HOME_TEAM,3,0,20,2,12,1,6,0,C Pawson
2024-05-04,2023-2024,Arsenal,Bournemouth,3,0,HOME_TEAM,1,0,25,7,9,2,6,1,D Coote
2024-05-04,2023-2024,Brentford,Fulham,0,0,DRAW,0,0,7,15,3,3,7,6,G Scott
2024-05-05,2023-2024,Brighton,Aston Villa,1,0,HOME_TEAM,0,0,15,2,8,1,7,3,R Jones
2024-05-05,2023-2024,Chelsea,West Ham,5,0,HOME_TEAM,3,0,25,13,14,2,8,6,A Madley
2024-05-05,2023-2024,Liverpool,Tottenham,4,2,HOME_TEAM,2,0,25,11,13,6,8,3,P Tierney
2024-05-06,2023-2024,Crystal Palace,Man United,4,0,HOME_TEAM,2,0,18,7,10,2,6,3,J Gillett 
2024-05-11,2023-2024,Fulham,Man City,0,4,AWAY_TEAM,0,1,1,16,1,9,1,7,A Taylor
2024-05-11,2023-2024,Bournemouth,Brentford,1,2,AWAY_TEAM,0,0,13,11,4,5,3,8,M Donohue
2024-05-11,2023-2024,Everton,Sheffield United,1,0,HOME_TEAM,1,0,15,13,6,1,3,6,S Attwell
2024-05-11,2023-2024,Newcastle,Brighton,1,1,DRAW,1,1,18,15,7,4,8,4,D England
2024-05-11,2023-2024,Tottenham,Burnley,2,1,HOME_TEAM,1,1,21,7,9,3,9,3,J Gillett
2024-05-11,2023-2024,West Ham,Luton,3,1,HOME_TEAM,0,1,24,4,8,1,7,6,M Oliver
2024-05-11,2023-2024,Wolves,Crystal Palace,1,3,AWAY_TEAM,0,2,13,13,7,3,8,3,T Bramall
2024-05-11,2023-2024,Nott'm Forest,Chelsea,2,3,AWAY_TEAM,1,1,20,12,4,5,5,6,T Harrington
2024-05-12,2023-2024,Man United,Arsenal,0,1,AWAY_TEAM,0,1,14,11,2,5,4,7,P Tierney
2024-05-13,2023-2024,Aston Villa,Liverpool,3,3,DRAW,1,2,19,14,5,7,5,4,S Hooper
2024-05-14,2023-2024,Tottenham,Man City,0,2,AWAY_TEAM,0,0,10,8,5,5,7,4,C Kavanagh
2024-05-15,2023-2024,Brighton,Chelsea,1,2,AWAY_TEAM,0,1,12,13,2,6,4,6,M Salisbury
2024-05-15,2023-2024,Man United,Newcastle,3,2,HOME_TEAM,1,0,17,21,8,8,9,9,R Jones
2024-05-19,2023-2024,Arsenal,Everton,2,1,HOME_TEAM,1,1,26,5,5,2,8,1,M Oliver
2024-05-19,2023-2024,Brentford,Newcastle,2,4,AWAY_TEAM,0,3,10,12,5,7,3,0,S Hooper
2024-05-19,2023-2024,Brighton,Man United,0,2,AWAY_TEAM,0,0,17,11,3,4,7,5,C Pawson
2024-05-19,2023-2024,Burnley,Nott'm Forest,1,2,AWAY_TEAM,0,2,20,12,3,6,4,3,G Scott
2024-05-19,2023-2024,Chelsea,Bournemouth,2,1,HOME_TEAM,1,0,16,22,6,5,6,5,A Taylor
2024-05-19,2023-2024,Crystal Palace,Aston Villa,5,0,HOME_TEAM,2,0,15,8,9,2,2,4,D Bond
2024-05-19,2023-2024,Liverpool,Wolves,2,0,HOME_TEAM,2,0,36,4,14,3,10,2,C Kavanagh
2024-05-19,2023-2024,Luton,Fulham,2,4,AWAY_TEAM,1,2,15,15,6,7,4,4,M Donohue
2024-05-19,2023-2024,Man City,West Ham,3,1,HOME_TEAM,2,1,28,3,12,2,11,2,J Brooks
2024-05-19,2023-2024,Sheffield United,Tottenham,0,3,AWAY_TEAM,0,1,6,18,1,9,2,6,A Madley
2024-08-16,2024-2025,Man United,Fulham,1,0,HOME_TEAM,0,0,14,10,5,2,7,8,R Jones
2024-08-17,2024-2025,West Ham,Aston Villa,1,2,AWAY_TEAM,1,1,14,15,3,3,5,3,T Harrington
2024-08-17,2024-2025,Everton,Brighton,0,3,AWAY_TEAM,0,1,9,10,1,5,1,5,S Hooper
2024-08-17,2024-2025,Nott'm Forest,Bournemouth,1,1,DRAW,1,0,14,13,8,4,2,6,M Oliver
2024-08-17,2024-2025,Newcastle,Southampton,1,0,HOME_TEAM,1,0,3,19,1,4,3,12,C Pawson
2024-08-17,2024-2025,Ipswich,Liverpool,0,2,AWAY_TEAM,0,0,7,18,2,5,2,10,T Robinson
2024-08-17,2024-2025,Arsenal,Wolves,2,0,HOME_TEAM,1,0,18,9,6,3,8,2,J Gillett
2024-08-18,2024-2025,Brentford,Crystal Palace,2,1,HOME_TEAM,1,0,9,14,5,6,4,7,S Barrott
2024-08-18,2024-2025,Chelsea,Man City,0,2,AWAY_TEAM,0,1,10,11,3,5,4,3,A Taylor
2024-08-19,2024-2025,Leicester,Tottenham,1,1,DRAW,0,1,7,15,3,7,2,13,C Kavanagh
2024-08-24,2024-2025,Aston Villa,Arsenal,0,2,AWAY_TEAM,0,0,11,9,3,4,4,1,M Oliver
2024-08-24,2024-2025,Tottenham,Everton,4,0,HOME_TEAM,2,0,13,10,7,1,12,5,A Taylor
2024-08-24,2024-2025,Southampton,Nott'm Forest,0,1,AWAY_TEAM,0,0,5,23,1,8,4,10,S Barrott
2024-08-24,2024-2025,Man City,Ipswich,4,1,HOME_TEAM,3,1,14,1,5,1,10,1,M Salisbury
2024-08-24,2024-2025,Crystal Palace,West Ham,0,2,AWAY_TEAM,0,0,14,18,2,3,3,3,R Jones
2024-08-24,2024-2025,Brighton,Man United,2,1,HOME_TEAM,1,0,14,11,5,4,4,4,C Pawson
2024-08-24,2024-2025,Fulham,Leicester,2,1,HOME_TEAM,1,1,18,10,6,4,7,5,D Bond
2024-08-25,2024-2025,Bournemouth,Newcastle,1,1,DRAW,1,0,16,14,4,5,8,9,D Coote
2024-08-25,2024-2025,Wolves,Chelsea,2,6,AWAY_TEAM,2,2,12,14,4,8,5,5,D England
2024-08-25,2024-2025,Liverpool,Brentford,2,0,HOME_TEAM,1,0,19,8,8,2,9,4,S Attwell
2024-08-31,2024-2025,West Ham,Man City,1,3,AWAY_TEAM,1,2,10,23,2,8,3,11,M Oliver
2024-08-31,2024-2025,Nott'm Forest,Wolves,1,1,DRAW,1,1,16,11,5,3,7,3,S Hooper
2024-08-31,2024-2025,Leicester,Aston Villa,1,2,AWAY_TEAM,0,1,9,10,3,5,1,4,D Coote
2024-08-31,2024-2025,Brentford,Southampton,3,1,HOME_TEAM,1,0,20,18,7,6,2,8,J Smith
2024-08-31,2024-2025,Everton,Bournemouth,2,3,AWAY_TEAM,0,0,18,17,8,7,8,4,S Attwell
2024-08-31,2024-2025,Arsenal,Brighton,1,1,DRAW,1,0,11,22,7,4,3,7,C Kavanagh
2024-08-31,2024-2025,Ipswich,Fulham,1,1,DRAW,1,1,11,9,4,4,8,6,L Smith
2024-09-01,2024-2025,Chelsea,Crystal Palace,1,1,DRAW,1,0,13,9,7,3,4,5,J Gillett
2024-09-01,2024-2025,Newcastle,Tottenham,2,1,HOME_TEAM,1,0,9,20,3,6,7,12,R Jones
2024-09-01,2024-2025,Man United,Liverpool,0,3,AWAY_TEAM,0,2,8,11,3,3,5,2,A Taylor
2024-09-14,2024-2025,Southampton,Man United,0,3,AWAY_TEAM,0,2,6,20,4,10,0,7,S Attwell
2024-09-14,2024-2025,Brighton,Ipswich,0,0,DRAW,0,0,21,6,6,1,9,2,S Barrott
2024-09-14,2024-2025,Crystal Palace,Leicester,2,2,DRAW,0,1,20,9,4,4,5,2,T Harrington
2024-09-14,2024-2025,Fulham,West Ham,1,1,DRAW,1,0,21,11,5,3,3,2,T Robinson
2024-09-14,2024-2025,Liverpool,Nott'm Forest,0,1,AWAY_TEAM,0,0,14,5,5,3,7,2,M Oliver
2024-09-14,2024-2025,Man City,Brentford,2,1,HOME_TEAM,2,1,18,8,7,5,12,3,D Bond
2024-09-14,2024-2025,Aston Villa,Everton,3,2,HOME_TEAM,1,2,17,6,8,2,6,2,C Pawson
2024-09-14,2024-2025,Bournemouth,Chelsea,0,1,AWAY_TEAM,0,0,19,10,7,3,6,3,A Taylor
2024-09-15,2024-2025,Wolves,Newcastle,1,2,AWAY_TEAM,1,0,12,14,5,6,4,7,C Kavanagh
2024-09-15,2024-2025,Tottenham,Arsenal,0,1,AWAY_TEAM,0,0,15,7,5,4,7,6,J Gillett
2024-09-21,2024-2025,West Ham,Chelsea,0,3,AWAY_TEAM,0,2,15,12,7,5,6,5,S Barrott
2024-09-21,2024-2025,Aston Villa,Wolves,3,1,HOME_TEAM,0,1,9,10,4,4,6,5,T Robinson
2024-09-21,2024-2025,Fulham,Newcastle,3,1,HOME_TEAM,2,0,22,15,11,4,6,0,P Bankes
2024-09-21,2024-2025,Leicester,Everton,1,1,DRAW,0,1,12,16,2,5,6,1,D England
2024-09-21,2024-2025,Liverpool,Bournemouth,3,0,HOME_TEAM,3,0,19,19,13,6,3,9,T Harrington
2024-09-21,2024-2025,Southampton,Ipswich,1,1,DRAW,1,0,11,13,3,6,2,10,S Allison
2024-09-21,2024-2025,Tottenham,Brentford,3,1,HOME_TEAM,2,1,23,6,10,6,9,4,J Brooks
2024-09-21,2024-2025,Crystal Palace,Man United,0,0,DRAW,0,0,9,15,4,6,4,11,D Coote
2024-09-22,2024-2025,Brighton,Nott'm Forest,2,2,DRAW,2,1,14,4,3,3,9,1,R Jones
2024-09-22,2024-2025,Man City,Arsenal,2,2,DRAW,1,2,33,5,11,3,8,2,M Oliver
2024-09-28,2024-2025,Nott'm Forest,Fulham,0,1,AWAY_TEAM,0,0,11,14,1,2,6,5,J Smith
2024-09-28,2024-2025,Everton,Crystal Palace,2,1,HOME_TEAM,0,1,8,17,2,5,5,8,A Madley
2024-09-28,2024-2025,Chelsea,Brighton,4,2,HOME_TEAM,4,2,15,15,7,5,8,2,P Bankes
2024-09-28,2024-2025,Wolves,Liverpool,1,2,AWAY_TEAM,0,1,8,10,3,6,2,10,A Taylor
2024-09-28,2024-2025,Arsenal,Leicester,4,2,HOME_TEAM,2,0,36,5,16,3,17,0,S Barrott
2024-09-28,2024-2025,Newcastle,Man City,1,1,DRAW,0,1,11,16,4,6,5,6,J Gillett
2024-09-28,2024-2025,Brentford,West Ham,1,1,DRAW,1,0,8,19,3,3,7,7,S Hooper
2024-09-29,2024-2025,Ipswich,Aston Villa,2,2,DRAW,1,2,15,7,5,3,10,0,S Attwell
2024-09-29,2024-2025,Man United,Tottenham,0,3,AWAY_TEAM,0,1,11,24,2,10,5,3,C Kavanagh
2024-09-30,2024-2025,Bournemouth,Southampton,3,1,HOME_TEAM,3,0,14,9,6,3,7,4,M Oliver
2024-10-05,2024-2025,Everton,Newcastle,0,0,DRAW,0,0,8,14,2,3,0,10,C Pawson
2024-10-05,2024-2025,West Ham,Ipswich,4,1,HOME_TEAM,2,1,23,9,13,2,5,5,A Taylor
2024-10-05,2024-2025,Man City,Fulham,3,2,HOME_TEAM,1,1,20,11,7,4,8,3,P Bankes
2024-10-05,2024-2025,Leicester,Bournemouth,1,0,HOME_TEAM,1,0,6,17,2,2,0,9,D Bond
2024-10-05,2024-2025,Arsenal,Southampton,3,1,HOME_TEAM,0,0,29,8,6,2,13,1,T Harrington
2024-10-05,2024-2025,Crystal Palace,Liverpool,0,1,AWAY_TEAM,0,1,9,16,5,4,3,8,S Hooper
2024-10-05,2024-2025,Brentford,Wolves,5,3,HOME_TEAM,4,2,19,17,12,6,10,3,A Madley
2024-10-06,2024-2025,Aston Villa,Man United,0,0,DRAW,0,0,11,10,1,4,6,3,R Jones
2024-10-06,2024-2025,Chelsea,Nott'm Forest,1,1,DRAW,0,0,22,16,8,9,11,3,C Kavanagh
2024-10-06,2024-2025,Brighton,Tottenham,3,2,HOME_TEAM,0,2,11,13,4,3,4,7,D Coote
2024-10-19,2024-2025,Southampton,Leicester,2,3,AWAY_TEAM,2,0,14,18,7,4,10,6,A Taylor
2024-10-19,2024-2025,Bournemouth,Arsenal,2,0,HOME_TEAM,0,0,13,6,4,1,7,4,R Jones
2024-10-19,2024-2025,Newcastle,Brighton,0,1,AWAY_TEAM,0,1,21,10,6,5,9,4,P Bankes
2024-10-19,2024-2025,Man United,Brentford,2,1,HOME_TEAM,0,1,23,8,11,2,9,2,S Barrott
2024-10-19,2024-2025,Ipswich,Everton,0,2,AWAY_TEAM,0,2,13,11,2,8,5,8,M Oliver
2024-10-19,2024-2025,Fulham,Aston Villa,1,3,AWAY_TEAM,1,1,10,14,4,5,6,11,D England
2024-10-19,2024-2025,Tottenham,West Ham,4,1,HOME_TEAM,1,1,22,11,7,4,13,5,A Madley
2024-10-20,2024-2025,Wolves,Man City,1,2,AWAY_TEAM,1,1,3,22,2,7,1,18,C Kavanagh
2024-10-20,2024-2025,Liverpool,Chelsea,2,1,HOME_TEAM,1,0,9,12,5,2,1,6,J Brooks
2024-10-21,2024-2025,Nott'm Forest,Crystal Palace,1,0,HOME_TEAM,0,0,20,20,6,7,6,6,T Robinson
2024-10-25,2024-2025,Leicester,Nott'm Forest,1,3,AWAY_TEAM,1,1,11,20,1,5,6,7,C Pawson
2024-10-26,2024-2025,Everton,Fulham,1,1,DRAW,0,0,10,14,5,3,4,2,J Brooks
2024-10-26,2024-2025,Man City,Southampton,1,0,HOME_TEAM,1,0,22,5,8,2,12,1,T Harrington
2024-10-26,2024-2025,Brighton,Wolves,2,2,DRAW,1,0,19,14,6,7,9,6,M Oliver
2024-10-26,2024-2025,Brentford,Ipswich,4,3,HOME_TEAM,2,2,20,11,9,5,5,5,L Smith
2024-10-26,2024-2025,Aston Villa,Bournemouth,1,1,DRAW,0,0,18,11,8,3,9,7,A Madley
2024-10-27,2024-2025,Chelsea,Newcastle,2,1,HOME_TEAM,1,1,17,11,7,3,7,4,S Hooper
2024-10-27,2024-2025,Crystal Palace,Tottenham,1,0,HOME_TEAM,1,0,14,11,6,3,8,8,D Bond
2024-10-27,2024-2025,West Ham,Man United,2,1,HOME_TEAM,0,0,12,18,3,5,6,5,D Coote
2024-10-27,2024-2025,Arsenal,Liverpool,2,2,DRAW,2,1,9,9,3,4,1,3,A Taylor
2024-11-02,2024-2025,Wolves,Crystal Palace,2,2,DRAW,0,0,11,19,6,7,3,6,A Taylor
2024-11-02,2024-2025,Southampton,Everton,1,0,HOME_TEAM,0,0,9,16,2,5,3,6,A Madley
2024-11-02,2024-2025,Nott'm Forest,West Ham,3,0,HOME_TEAM,1,0,19,4,6,2,11,6,P Bankes
2024-11-02,2024-2025,Newcastle,Arsenal,1,0,HOME_TEAM,1,0,9,10,4,1,4,6,J Brooks
2024-11-02,2024-2025,Ipswich,Leicester,1,1,DRAW,0,0,14,20,2,6,4,6,T Robinson
2024-11-02,2024-2025,Bournemouth,Man City,2,1,HOME_TEAM,1,0,12,18,6,4,3,10,M Oliver
2024-11-02,2024-2025,Liverpool,Brighton,2,1,HOME_TEAM,0,1,16,13,8,5,10,7,T Harrington
2024-11-03,2024-2025,Tottenham,Aston Villa,4,1,HOME_TEAM,0,1,16,12,6,1,6,4,C Pawson
2024-11-03,2024-2025,Man United,Chelsea,1,1,DRAW,0,0,11,12,4,3,4,8,R Jones
2024-11-04,2024-2025,Fulham,Brentford,2,1,HOME_TEAM,0,1,26,5,12,2,11,3,S Attwell
2024-11-09,2024-2025,Liverpool,Aston Villa,2,0,HOME_TEAM,1,0,14,12,5,2,2,9,D Coote
2024-11-09,2024-2025,Brentford,Bournemouth,3,2,HOME_TEAM,1,1,12,15,6,3,6,4,D Bond
2024-11-09,2024-2025,Crystal Palace,Fulham,0,2,AWAY_TEAM,0,1,13,17,5,7,1,8,M Salisbury
2024-11-09,2024-2025,West Ham,Everton,0,0,DRAW,0,0,11,18,6,4,7,6,S Attwell
2024-11-09,2024-2025,Wolves,Southampton,2,0,HOME_TEAM,1,0,8,9,4,0,1,9,T Bramall
2024-11-09,2024-2025,Brighton,Man City,2,1,HOME_TEAM,0,1,10,15,4,6,0,4,S Barrott
2024-11-10,2024-2025,Chelsea,Arsenal,1,1,DRAW,0,0,17,13,3,3,4,3,M Oliver
2024-11-10,2024-2025,Tottenham,Ipswich,1,2,AWAY_TEAM,0,2,17,8,5,3,12,2,D England
2024-11-10,2024-2025,Nott'm Forest,Newcastle,1,3,AWAY_TEAM,1,0,9,17,3,6,4,5,A Taylor
2024-11-10,2024-2025,Man United,Leicester,3,0,HOME_TEAM,2,0,13,6,3,5,1,5,P Bankes
2024-11-23,2024-2025,Leicester,Chelsea,1,2,AWAY_TEAM,0,1,4,16,1,7,2,9,A Madley
2024-11-23,2024-2025,Arsenal,Nott'm Forest,3,0,HOME_TEAM,1,0,19,7,7,0,8,1,S Hooper
2024-11-23,2024-2025,Aston Villa,Crystal Palace,2,2,DRAW,1,2,17,13,5,6,10,1,T Robinson
2024-11-23,2024-2025,Bournemouth,Brighton,1,2,AWAY_TEAM,0,1,19,6,5,4,7,0,S Attwell
2024-11-23,2024-2025,Everton,Brentford,0,0,DRAW,0,0,27,9,5,2,10,4,C Kavanagh
2024-11-23,2024-2025,Fulham,Wolves,1,4,AWAY_TEAM,1,1,10,10,3,5,7,2,R Jones
2024-11-23,2024-2025,Man City,Tottenham,0,4,AWAY_TEAM,0,2,23,9,5,7,9,3,J Brooks
2024-11-24,2024-2025,Southampton,Liverpool,2,3,AWAY_TEAM,1,1,7,27,5,11,3,10,S Barrott
2024-11-24,2024-2025,Ipswich,Man United,1,1,DRAW,1,1,11,11,6,4,4,3,A Taylor
2024-11-25,2024-2025,Newcastle,West Ham,0,2,AWAY_TEAM,0,1,18,15,2,6,8,3,C Pawson
2024-11-29,2024-2025,Brighton,Southampton,1,1,DRAW,1,0,22,10,5,2,7,6,R Jones
2024-11-30,2024-2025,West Ham,Arsenal,2,5,AWAY_TEAM,2,5,12,16,5,7,2,10,A Taylor
2024-11-30,2024-2025,Wolves,Bournemouth,2,4,AWAY_TEAM,1,3,10,12,3,8,3,4,P Bankes
2024-11-30,2024-2025,Crystal Palace,Newcastle,1,1,DRAW,0,0,16,1,4,0,8,9,D England
2024-11-30,2024-2025,Brentford,Leicester,4,1,HOME_TEAM,3,1,13,7,6,3,5,4,M Oliver
2024-11-30,2024-2025,Nott'm Forest,Ipswich,1,0,HOME_TEAM,0,0,12,7,5,3,8,7,T Harrington
2024-12-01,2024-2025,Chelsea,Aston Villa,3,0,HOME_TEAM,2,0,17,10,8,4,3,4,S Attwell
2024-12-01,2024-2025,Man United,Everton,4,0,HOME_TEAM,2,0,11,8,5,2,2,2,J Brooks
2024-12-01,2024-2025,Tottenham,Fulham,1,1,DRAW,0,0,8,14,3,6,7,11,D Bond
2024-12-01,2024-2025,Liverpool,Man City,2,0,HOME_TEAM,1,0,18,8,7,2,7,4,C Kavanagh
2024-12-03,2024-2025,Ipswich,Crystal Palace,0,1,AWAY_TEAM,0,0,9,13,2,3,4,7,C Pawson
2024-12-03,2024-2025,Leicester,West Ham,3,1,HOME_TEAM,1,0,8,31,6,10,3,9,J Smith
2024-12-04,2024-2025,Arsenal,Man United,2,0,HOME_TEAM,0,0,14,5,6,2,13,0,S Barrott
2024-12-04,2024-2025,Everton,Wolves,4,0,HOME_TEAM,2,0,13,6,4,2,3,4,M Salisbury
2024-12-04,2024-2025,Man City,Nott'm Forest,3,0,HOME_TEAM,2,0,17,12,7,3,8,2,M Oliver
2024-12-04,2024-2025,Newcastle,Liverpool,3,3,DRAW,1,0,17,16,6,5,5,6,A Madley
2024-12-04,2024-2025,Southampton,Chelsea,1,5,AWAY_TEAM,1,3,6,26,4,13,5,7,T Harrington
2024-12-04,2024-2025,Aston Villa,Brentford,3,1,HOME_TEAM,3,0,20,9,10,1,10,5,L Smith
2024-12-05,2024-2025,Bournemouth,Tottenham,1,0,HOME_TEAM,1,0,21,12,8,4,5,9,S Hooper
2024-12-05,2024-2025,Fulham,Brighton,3,1,HOME_TEAM,1,0,6,13,2,3,5,6,P Bankes
2024-12-07,2024-2025,Aston Villa,Southampton,1,0,HOME_TEAM,1,0,18,4,5,0,14,1,D Bond
2024-12-07,2024-2025,Brentford,Newcastle,4,2,HOME_TEAM,2,2,11,16,8,3,3,4,T Robinson
2024-12-07,2024-2025,Crystal Palace,Man City,2,2,DRAW,1,1,12,12,3,4,6,8,R Jones
2024-12-07,2024-2025,Man United,Nott'm Forest,2,3,AWAY_TEAM,1,1,17,11,7,3,5,3,D England
2024-12-08,2024-2025,Leicester,Brighton,2,2,DRAW,0,1,10,16,3,7,5,5,S Attwell
2024-12-08,2024-2025,Tottenham,Chelsea,3,4,AWAY_TEAM,2,1,13,17,5,8,5,10,A Taylor
2024-12-08,2024-2025,Fulham,Arsenal,1,1,DRAW,1,0,2,12,2,4,0,6,C Kavanagh
2024-12-08,2024-2025,Ipswich,Bournemouth,1,2,AWAY_TEAM,1,0,18,22,5,6,6,13,M Salisbury
2024-12-09,2024-2025,West Ham,Wolves,2,1,HOME_TEAM,0,0,19,19,4,5,11,0,J Brooks
2024-12-14,2024-2025,Arsenal,Everton,0,0,DRAW,0,0,13,2,5,0,8,2,C Pawson
2024-12-14,2024-2025,Liverpool,Fulham,2,2,DRAW,0,1,16,12,4,3,5,4,T Harrington
2024-12-14,2024-2025,Newcastle,Leicester,4,0,HOME_TEAM,1,0,27,4,11,1,5,2,T Bramall
2024-12-14,2024-2025,Wolves,Ipswich,1,2,AWAY_TEAM,0,1,16,10,6,5,7,3,S Hooper
2024-12-14,2024-2025,Nott'm Forest,Aston Villa,2,1,HOME_TEAM,0,0,17,8,6,2,4,3,S Barrott
2024-12-15,2024-2025,Chelsea,Brentford,2,1,HOME_TEAM,1,0,26,9,8,4,8,5,P Bankes
2024-12-15,2024-2025,Southampton,Tottenham,0,5,AWAY_TEAM,0,5,9,18,3,9,2,5,D England
2024-12-15,2024-2025,Man City,Man United,1,2,AWAY_TEAM,1,0,10,10,3,3,8,2,A Taylor
2024-12-15,2024-2025,Brighton,Crystal Palace,1,3,AWAY_TEAM,0,2,17,13,5,5,8,5,M Oliver
2024-12-16,2024-2025,Bournemouth,West Ham,1,1,DRAW,0,0,29,16,9,3,12,6,C Kavanagh
2024-12-21,2024-2025,Aston Villa,Man City,2,1,HOME_TEAM,1,0,11,12,6,6,5,4,P Bankes
2024-12-21,2024-2025,Brentford,Nott'm Forest,0,2,AWAY_TEAM,0,1,7,10,3,6,9,5,M Oliver
2024-12-21,2024-2025,Ipswich,Newcastle,0,4,AWAY_TEAM,0,3,10,15,2,7,2,1,S Attwell
2024-12-21,2024-2025,West Ham,Brighton,1,1,DRAW,0,0,11,12,4,6,8,4,R Jones
2024-12-21,2024-2025,Crystal Palace,Arsenal,1,5,AWAY_TEAM,1,3,15,14,6,6,3,3,S Hooper
2024-12-22,2024-2025,Man United,Bournemouth,0,3,AWAY_TEAM,0,1,23,10,7,5,13,1,C Pawson
2024-12-22,2024-2025,Everton,Chelsea,0,0,DRAW,0,0,5,12,4,5,2,5,C Kavanagh
2024-12-22,2024-2025,Fulham,Southampton,0,0,DRAW,0,0,16,5,5,1,6,5,T Robinson
2024-12-22,2024-2025,Leicester,Wolves,0,3,AWAY_TEAM,0,3,9,8,5,4,6,1,A Taylor
2024-12-22,2024-2025,Tottenham,Liverpool,3,6,AWAY_TEAM,1,3,9,24,5,12,7,5,S Barrott
2024-12-26,2024-2025,Wolves,Man United,2,0,HOME_TEAM,0,0,7,11,4,4,4,4,T Harrington
2024-12-26,2024-2025,Liverpool,Leicester,3,1,HOME_TEAM,1,1,19,4,7,1,14,1,D Bond
2024-12-26,2024-2025,Southampton,West Ham,0,1,AWAY_TEAM,0,0,18,16,5,2,2,2,L Smith
2024-12-26,2024-2025,Nott'm Forest,Tottenham,1,0,HOME_TEAM,1,0,10,13,3,4,2,7,C Pawson
2024-12-26,2024-2025,Newcastle,Aston Villa,3,0,HOME_TEAM,1,0,22,4,8,1,9,6,A Taylor
2024-12-26,2024-2025,Chelsea,Fulham,1,2,AWAY_TEAM,1,0,12,14,8,7,3,1,S Barrott
2024-12-26,2024-2025,Bournemouth,Crystal Palace,0,0,DRAW,0,0,18,10,4,4,5,2,T Bramall
2024-12-26,2024-2025,Man City,Everton,1,1,DRAW,1,1,24,8,5,3,8,5,S Hooper
2024-12-27,2024-2025,Brighton,Brentford,0,0,DRAW,0,0,24,8,7,3,5,3,A Madley
2024-12-27,2024-2025,Arsenal,Ipswich,1,0,HOME_TEAM,1,0,13,3,5,0,5,1,D England
2024-12-29,2024-2025,Leicester,Man City,0,2,AWAY_TEAM,0,1,11,14,4,5,4,4,M Oliver
2024-12-29,2024-2025,Crystal Palace,Southampton,2,1,HOME_TEAM,1,1,19,7,10,3,8,7,M Salisbury
2024-12-29,2024-2025,Everton,Nott'm Forest,0,2,AWAY_TEAM,0,1,13,11,2,7,5,4,T Harrington
2024-12-29,2024-2025,Fulham,Bournemouth,2,2,DRAW,1,0,11,16,6,9,1,7,R Jones
2024-12-29,2024-2025,Tottenham,Wolves,2,2,DRAW,2,1,13,11,3,3,5,5,C Kavanagh
2024-12-29,2024-2025,West Ham,Liverpool,0,5,AWAY_TEAM,0,3,7,22,0,13,3,6,A Taylor
2024-12-30,2024-2025,Aston Villa,Brighton,2,2,DRAW,1,1,20,13,4,4,12,3,C Pawson
2024-12-30,2024-2025,Ipswich,Chelsea,2,0,HOME_TEAM,1,0,9,20,6,5,4,7,J Brooks
2024-12-30,2024-2025,Man United,Newcastle,0,2,AWAY_TEAM,0,2,10,12,0,4,2,3,S Hooper
2025-01-01,2024-2025,Brentford,Arsenal,1,3,AWAY_TEAM,1,1,5,14,2,5,4,3,P Bankes
2025-01-04,2024-2025,Tottenham,Newcastle,1,2,AWAY_TEAM,1,2,13,14,4,4,9,10,A Madley
2025-01-04,2024-2025,Aston Villa,Leicester,2,1,HOME_TEAM,0,0,13,4,5,2,7,2,J Gillett
2025-01-04,2024-2025,Bournemouth,Everton,1,0,HOME_TEAM,0,0,19,9,8,0,9,3,J Brooks
2025-01-04,2024-2025,Crystal Palace,Chelsea,1,1,DRAW,0,1,13,15,6,1,6,6,T Robinson
2025-01-04,2024-2025,Man City,West Ham,4,1,HOME_TEAM,2,0,10,17,7,4,7,1,M Salisbury
2025-01-04,2024-2025,Southampton,Brentford,0,5,AWAY_TEAM,0,1,8,20,1,11,2,2,S Attwell
2025-01-04,2024-2025,Brighton,Arsenal,1,1,DRAW,0,1,11,9,4,3,2,5,A Taylor
2025-01-05,2024-2025,Fulham,Ipswich,2,2,DRAW,0,1,15,7,4,3,9,2,D Bond
2025-01-05,2024-2025,Liverpool,Man United,2,2,DRAW,0,0,19,13,6,4,6,9,M Oliver
2025-01-06,2024-2025,Wolves,Nott'm Forest,0,3,AWAY_TEAM,0,2,13,11,6,3,5,3,P Bankes
2025-01-14,2024-2025,Brentford,Man City,2,2,DRAW,0,0,18,21,6,8,4,5,A Taylor
2025-01-14,2024-2025,Chelsea,Bournemouth,2,2,DRAW,1,0,26,7,10,3,9,3,R Jones
2025-01-14,2024-2025,West Ham,Fulham,3,2,HOME_TEAM,2,0,4,21,3,5,0,3,C Pawson
2025-01-14,2024-2025,Nott'm Forest,Liverpool,1,1,DRAW,1,0,6,23,3,7,0,9,C Kavanagh
2025-01-15,2024-2025,Arsenal,Tottenham,2,1,HOME_TEAM,2,1,14,10,4,2,10,4,S Hooper
2025-01-15,2024-2025,Newcastle,Wolves,3,0,HOME_TEAM,1,0,17,13,5,7,4,2,D England
2025-01-15,2024-2025,Leicester,Crystal Palace,0,2,AWAY_TEAM,0,0,21,9,4,4,4,3,A Madley
2025-01-15,2024-2025,Everton,Aston Villa,0,1,AWAY_TEAM,0,0,10,11,3,3,8,5,S Barrott
2025-01-16,2024-2025,Ipswich,Brighton,0,2,AWAY_TEAM,0,0,5,11,3,5,1,9,T Harrington
2025-01-16,2024-2025,Man United,Southampton,3,1,HOME_TEAM,0,1,23,13,9,5,5,4,J Brooks
2025-01-18,2024-2025,Newcastle,Bournemouth,1,4,AWAY_TEAM,1,2,13,19,5,10,7,6,S Attwell
2025-01-18,2024-2025,Brentford,Liverpool,0,2,AWAY_TEAM,0,0,11,37,6,8,2,15,A Madley
2025-01-18,2024-2025,Leicester,Fulham,0,2,AWAY_TEAM,0,0,8,17,4,2,5,2,M Salisbury
2025-01-18,2024-2025,West Ham,Crystal Palace,0,2,AWAY_TEAM,0,0,7,12,0,7,2,4,T Bramall
2025-01-18,2024-2025,Arsenal,Aston Villa,2,2,DRAW,1,0,18,8,6,4,10,1,C Kavanagh
2025-01-19,2024-2025,Everton,Tottenham,3,2,HOME_TEAM,3,0,12,11,6,6,3,8,D England
2025-01-19,2024-2025,Man United,Brighton,1,3,AWAY_TEAM,1,1,10,6,1,3,4,2,P Bankes
2025-01-19,2024-2025,Nott'm Forest,Southampton,3,2,HOME_TEAM,3,0,14,10,5,4,2,8,A Taylor
2025-01-19,2024-2025,Ipswich,Man City,0,6,AWAY_TEAM,0,3,8,17,4,9,4,7,S Barrott
2025-01-20,2024-2025,Chelsea,Wolves,3,1,HOME_TEAM,1,1,19,9,7,4,3,6,S Hooper
2025-01-25,2024-2025,Man City,Chelsea,3,1,HOME_TEAM,1,1,15,10,6,4,2,4,J Brooks
2025-01-25,2024-2025,Wolves,Arsenal,0,1,AWAY_TEAM,0,0,9,9,4,3,1,5,M Oliver
2025-01-25,2024-2025,Southampton,Newcastle,1,3,AWAY_TEAM,1,2,12,17,5,9,3,8,S Barrott
2025-01-25,2024-2025,Brighton,Everton,0,1,AWAY_TEAM,0,1,16,3,1,1,9,1,T Robinson
2025-01-25,2024-2025,Bournemouth,Nott'm Forest,5,0,HOME_TEAM,1,0,16,18,10,4,3,9,C Pawson
2025-01-25,2024-2025,Liverpool,Ipswich,4,1,HOME_TEAM,3,0,16,3,6,3,3,4,M Salisbury
2025-01-26,2024-2025,Crystal Palace,Brentford,1,2,AWAY_TEAM,0,0,16,13,5,6,4,7,T Harrington
2025-01-26,2024-2025,Tottenham,Leicester,1,2,AWAY_TEAM,1,0,15,12,6,3,6,4,R Jones
2025-01-26,2024-2025,Aston Villa,West Ham,1,1,DRAW,1,0,14,14,4,4,4,3,P Bankes
2025-01-26,2024-2025,Fulham,Man United,0,1,AWAY_TEAM,0,0,9,4,3,1,3,0,A Taylor
2025-02-01,2024-2025,Wolves,Aston Villa,2,0,HOME_TEAM,1,0,8,10,5,3,5,8,A Madley
2025-02-01,2024-2025,Nott'm Forest,Brighton,7,0,HOME_TEAM,3,0,14,10,9,5,4,6,S Hooper
2025-02-01,2024-2025,Bournemouth,Liverpool,0,2,AWAY_TEAM,0,1,14,19,3,7,3,3,D England
2025-02-01,2024-2025,Everton,Leicester,4,0,HOME_TEAM,3,0,13,9,7,1,5,6,D Bond
2025-02-01,2024-2025,Ipswich,Southampton,1,2,AWAY_TEAM,1,1,15,9,6,4,1,2,M Oliver
2025-02-01,2024-2025,Newcastle,Fulham,1,2,AWAY_TEAM,1,0,11,15,4,4,4,7,C Kavanagh
2025-02-02,2024-2025,Man United,Crystal Palace,0,2,AWAY_TEAM,0,0,17,11,2,3,11,0,J Brooks
2025-02-02,2024-2025,Arsenal,Man City,5,1,HOME_TEAM,1,0,12,7,7,4,5,2,P Bankes
2025-02-02,2024-2025,Brentford,Tottenham,0,2,AWAY_TEAM,0,1,20,13,4,2,10,3,J Gillett
2025-02-03,2024-2025,Chelsea,West Ham,2,1,HOME_TEAM,0,1,22,14,3,5,4,3,S Attwell
2025-02-12,2024-2025,Everton,Liverpool,2,2,DRAW,1,1,10,6,3,4,2,3,M Oliver
2025-02-14,2024-2025,Brighton,Chelsea,3,0,HOME_TEAM,2,0,13,8,5,0,2,9,K Kavanagh
2025-02-15,2024-2025,Leicester,Arsenal,0,2,AWAY_TEAM,0,0,6,11,2,5,3,7,S Barrott
2025-02-15,2024-2025,Aston Villa,Ipswich,1,1,DRAW,0,0,25,4,6,3,16,1,R Jones
2025-02-15,2024-2025,Fulham,Nott'm Forest,2,1,HOME_TEAM,1,1,24,8,10,2,8,4,T Bramall
2025-02-15,2024-2025,Man City,Newcastle,4,0,HOME_TEAM,3,0,11,3,7,1,7,4,A Madley
2025-02-15,2024-2025,Southampton,Bournemouth,1,3,AWAY_TEAM,0,2,11,14,4,7,4,6,J Gillett
2025-02-15,2024-2025,West Ham,Brentford,0,1,AWAY_TEAM,0,1,13,14,3,5,9,2,D England
2025-02-15,2024-2025,Crystal Palace,Everton,1,2,AWAY_TEAM,0,1,17,11,6,6,6,2,A Taylor
2025-02-16,2024-2025,Liverpool,Wolves,2,1,HOME_TEAM,2,0,10,16,3,4,4,3,S Hooper
2025-02-16,2024-2025,Tottenham,Man United,1,0,HOME_TEAM,1,0,22,16,7,6,10,5,P Bankes
2025-02-19,2024-2025,Aston Villa,Liverpool,2,2,DRAW,2,1,9,17,4,3,6,8,C Pawson
2025-02-21,2024-2025,Leicester,Brentford,0,4,AWAY_TEAM,0,3,8,14,3,6,5,6,T Harrington
2025-02-22,2024-2025,Aston Villa,Chelsea,2,1,HOME_TEAM,0,1,12,15,6,7,2,3,M Oliver
2025-02-22,2024-2025,Southampton,Brighton,0,4,AWAY_TEAM,0,1,6,18,1,12,5,6,D Bond
2025-02-22,2024-2025,Fulham,Crystal Palace,0,2,AWAY_TEAM,0,1,10,10,0,5,7,7,R Jones
2025-02-22,2024-2025,Ipswich,Tottenham,1,4,AWAY_TEAM,1,2,17,10,5,6,4,4,T Robinson
2025-02-22,2024-2025,Arsenal,West Ham,0,1,AWAY_TEAM,0,1,20,5,2,2,2,0,C Pawson
2025-02-22,2024-2025,Everton,Man United,2,2,DRAW,2,0,9,9,8,3,7,9,A Madley
2025-02-22,2024-2025,Bournemouth,Wolves,0,1,AWAY_TEAM,0,1,8,13,3,5,6,7,M Salisbury
2025-02-23,2024-2025,Newcastle,Nott'm Forest,4,3,HOME_TEAM,4,1,13,17,5,5,7,6,J Gillett
2025-02-23,2024-2025,Man City,Liverpool,0,2,AWAY_TEAM,0,2,16,8,5,4,7,5,A Taylor
2025-02-25,2024-2025,Chelsea,Southampton,4,0,HOME_TEAM,3,0,19,7,10,2,4,2,T Bramall
2025-02-25,2024-2025,Brighton,Bournemouth,2,1,HOME_TEAM,1,0,11,19,4,5,1,9,M Oliver
2025-02-25,2024-2025,Crystal Palace,Aston Villa,4,1,HOME_TEAM,1,0,19,6,6,2,3,8,S Barrott
2025-02-25,2024-2025,Wolves,Fulham,1,2,AWAY_TEAM,1,1,18,11,5,5,7,5,P Bankes
2025-02-26,2024-2025,Brentford,Everton,1,1,DRAW,1,0,12,14,3,4,2,5,S Hooper
2025-02-26,2024-2025,Man United,Ipswich,3,2,HOME_TEAM,2,2,10,12,6,3,5,6,D England
2025-02-26,2024-2025,Nott'm Forest,Arsenal,0,0,DRAW,0,0,6,13,2,1,3,11,A Madley
2025-02-26,2024-2025,Tottenham,Man City,0,1,AWAY_TEAM,0,1,11,12,6,5,8,3,J Gillett
2025-02-26,2024-2025,Liverpool,Newcastle,2,0,HOME_TEAM,1,0,12,3,3,0,4,2,C Kavanagh
2025-02-27,2024-2025,West Ham,Leicester,2,0,HOME_TEAM,2,0,8,10,2,2,3,3,S Attwell
2025-03-08,2024-2025,Brentford,Aston Villa,0,1,AWAY_TEAM,0,0,13,12,3,4,6,5,J Gillett
2025-03-08,2024-2025,Wolves,Everton,1,1,DRAW,1,1,11,12,3,4,5,5,S Attwell
2025-03-08,2024-2025,Liverpool,Southampton,3,1,HOME_TEAM,0,1,28,6,7,4,6,4,L Smith
2025-03-08,2024-2025,Brighton,Fulham,2,1,HOME_TEAM,1,1,9,6,4,1,3,7,S Barrott
2025-03-08,2024-2025,Nott'm Forest,Man City,1,0,HOME_TEAM,0,0,9,14,4,3,3,2,C Kavanagh
2025-03-08,2024-2025,Crystal Palace,Ipswich,1,0,HOME_TEAM,0,0,19,15,4,8,5,4,S Hooper
2025-03-09,2024-2025,Chelsea,Leicester,1,0,HOME_TEAM,0,0,20,3,7,3,12,2,T Robinson
2025-03-09,2024-2025,Tottenham,Bournemouth,2,2,DRAW,0,1,12,17,4,8,3,6,J Brooks
2025-03-09,2024-2025,Man United,Arsenal,1,1,DRAW,1,0,10,17,6,6,2,9,A Taylor
2025-03-10,2024-2025,West Ham,Newcastle,0,1,AWAY_TEAM,0,0,9,9,2,3,3,4,M Salisbury
2025-03-15,2024-2025,Everton,West Ham,1,1,DRAW,0,0,13,10,5,5,6,5,D Bond
2025-03-15,2024-2025,Ipswich,Nott'm Forest,2,4,AWAY_TEAM,0,3,11,11,4,6,6,3,M Salisbury
2025-03-15,2024-2025,Man City,Brighton,2,2,DRAW,2,1,11,15,3,3,4,5,S Hooper
2025-03-15,2024-2025,Southampton,Wolves,1,2,AWAY_TEAM,0,1,10,5,3,3,5,1,R Jones
2025-03-15,2024-2025,Bournemouth,Brentford,1,2,AWAY_TEAM,1,1,17,10,5,4,4,3,C Pawson
2025-03-16,2024-2025,Arsenal,Chelsea,1,0,HOME_TEAM,1,0,12,8,4,2,5,4,C Kavanagh
2025-03-16,2024-2025,Fulham,Tottenham,2,0,HOME_TEAM,0,0,13,12,4,4,6,5,A Madley
2025-03-16,2024-2025,Leicester,Man United,0,3,AWAY_TEAM,0,1,11,18,3,5,6,4,T Bramall
2025-04-01,2024-2025,Wolves,West Ham,1,0,HOME_TEAM,1,0,9,10,2,1,1,2,T Harrington
2025-04-01,2024-2025,Nott'm Forest,Man United,1,0,HOME_TEAM,1,0,8,23,2,6,3,10,J Gillett
2025-04-01,2024-2025,Arsenal,Fulham,2,1,HOME_TEAM,1,0,17,9,4,3,5,4,J Brooks
2025-04-02,2024-2025,Bournemouth,Ipswich,1,2,AWAY_TEAM,0,1,24,10,7,2,8,3,R Jones
2025-04-02,2024-2025,Brighton,Aston Villa,0,3,AWAY_TEAM,0,0,11,8,4,5,4,0,S Attwell
2025-04-02,2024-2025,Man City,Leicester,2,0,HOME_TEAM,2,0,18,2,5,0,5,0,D England
2025-04-02,2024-2025,Newcastle,Brentford,2,1,HOME_TEAM,1,0,21,12,4,3,4,5,P Bankes
2025-04-02,2024-2025,Southampton,Crystal Palace,1,1,DRAW,1,0,8,9,2,3,2,2,A Madley
2025-04-02,2024-2025,Liverpool,Everton,1,0,HOME_TEAM,0,0,17,5,3,0,11,5,S Barrott
2025-04-03,2024-2025,Chelsea,Tottenham,1,0,HOME_TEAM,0,0,11,8,5,2,4,6,C Pawson
2025-04-05,2024-2025,Everton,Arsenal,1,1,DRAW,0,1,5,14,2,5,3,8,D England
2025-04-05,2024-2025,Crystal Palace,Brighton,2,1,HOME_TEAM,1,1,8,11,3,5,2,4,A Taylor
2025-04-05,2024-2025,Ipswich,Wolves,1,2,AWAY_TEAM,1,0,6,22,2,7,4,8,P Bankes
2025-04-05,2024-2025,West Ham,Bournemouth,2,2,DRAW,0,1,9,11,3,4,4,7,T Robinson
2025-04-05,2024-2025,Aston Villa,Nott'm Forest,2,1,HOME_TEAM,2,0,17,19,8,3,4,4,S Hooper
2025-04-06,2024-2025,Man United,Man City,0,0,DRAW,0,0,13,9,2,5,5,3,J Brooks
2025-04-06,2024-2025,Tottenham,Southampton,3,1,HOME_TEAM,2,0,13,12,8,4,4,1,M Salisbury
2025-04-06,2024-2025,Fulham,Liverpool,3,2,HOME_TEAM,3,1,12,14,6,6,4,4,C Kavanagh
2025-04-06,2024-2025,Brentford,Chelsea,0,0,DRAW,0,0,9,21,2,5,3,6,M Oliver
2025-04-07,2024-2025,Leicester,Newcastle,0,3,AWAY_TEAM,0,3,7,16,2,5,12,2,R Jones
2025-04-12,2024-2025,Man City,Crystal Palace,5,2,HOME_TEAM,2,2,21,8,9,3,1,4,J Gillett
2025-04-12,2024-2025,Brighton,Leicester,2,2,DRAW,1,1,21,15,7,6,3,6,D Bond
2025-04-12,2024-2025,Nott'm Forest,Everton,0,1,AWAY_TEAM,0,0,10,13,5,5,1,7,C Pawson
2025-04-12,2024-2025,Southampton,Aston Villa,0,3,AWAY_TEAM,0,0,7,25,2,10,2,14,T Bramall
2025-04-12,2024-2025,Arsenal,Brentford,1,1,DRAW,0,0,14,3,3,2,13,5,S Hooper
2025-04-13,2024-2025,Chelsea,Ipswich,2,2,DRAW,0,2,34,13,9,4,15,4,S Attwell
2025-04-13,2024-2025,Liverpool,West Ham,2,1,HOME_TEAM,1,0,15,11,6,4,10,3,A Madley
2025-04-13,2024-2025,Wolves,Tottenham,4,2,HOME_TEAM,2,0,13,11,5,4,1,4,A Taylor
2025-04-13,2024-2025,Newcastle,Man United,4,1,HOME_TEAM,1,1,13,9,6,5,7,2,C Kavanagh
2025-04-14,2024-2025,Bournemouth,Fulham,1,0,HOME_TEAM,1,0,12,12,3,7,6,9,O Oliver
2025-04-16,2024-2025,Newcastle,Crystal Palace,5,0,HOME_TEAM,4,0,14,11,7,4,5,4,D England
2025-04-19,2024-2025,Aston Villa,Newcastle,4,1,HOME_TEAM,1,1,23,10,9,3,7,7,J Gillett
2025-04-19,2024-2025,West Ham,Southampton,1,1,DRAW,0,0,12,15,4,4,2,5,A Kitchen
2025-04-19,2024-2025,Crystal Palace,Bournemouth,0,0,DRAW,0,0,5,15,0,4,5,4,S Barrott
2025-04-19,2024-2025,Brentford,Brighton,4,2,HOME_TEAM,1,1,16,12,8,3,4,8,T Robinson
2025-04-19,2024-2025,Everton,Man City,0,2,AWAY_TEAM,0,0,8,12,3,7,2,5,S Hooper
2025-04-20,2024-2025,Fulham,Chelsea,1,2,AWAY_TEAM,1,0,6,13,1,8,6,4,A Taylor
2025-04-20,2024-2025,Ipswich,Arsenal,0,4,AWAY_TEAM,0,2,4,24,0,7,0,12,C Kavanagh
2025-04-20,2024-2025,Man United,Wolves,0,1,AWAY_TEAM,0,0,12,4,2,2,9,2,R Jones
2025-04-20,2024-2025,Leicester,Liverpool,0,1,AWAY_TEAM,0,0,5,28,0,10,1,13,S Attwell
2025-04-21,2024-2025,Tottenham,Nott'm Forest,1,2,AWAY_TEAM,0,2,22,4,6,3,7,1,P Bankes
2025-04-22,2024-2025,Man City,Aston Villa,2,1,HOME_TEAM,1,1,14,7,6,3,10,2,C Pawson
2025-04-23,2024-2025,Arsenal,Crystal Palace,2,2,DRAW,2,1,12,15,6,4,3,6,M Salisbury
2025-04-26,2024-2025,Southampton,Fulham,1,2,AWAY_TEAM,1,0,7,26,3,5,0,13,T Harrington
2025-04-26,2024-2025,Chelsea,Everton,1,0,HOME_TEAM,1,0,10,6,7,3,10,2,C Kavanagh
2025-04-26,2024-2025,Brighton,West Ham,3,2,HOME_TEAM,1,0,16,12,9,4,8,1,D England
2025-04-26,2024-2025,Newcastle,Ipswich,3,0,HOME_TEAM,1,0,25,4,5,0,11,2,M Salisbury
2025-04-26,2024-2025,Wolves,Leicester,3,0,HOME_TEAM,1,0,20,8,6,2,4,2,S Barrott
2025-04-27,2024-2025,Liverpool,Tottenham,5,1,HOME_TEAM,3,1,25,8,8,3,8,2,T Bramall
2025-04-27,2024-2025,Bournemouth,Man United,1,1,DRAW,1,0,8,25,1,6,5,10,P Bankes
2025-05-01,2024-2025,Nott'm Forest,Brentford,0,2,AWAY_TEAM,0,1,14,11,5,3,4,5,D England
2025-05-02,2024-2025,Man City,Wolves,1,0,HOME_TEAM,1,0,9,6,2,1,4,5,P Bankes
2025-05-03,2024-2025,Aston Villa,Fulham,1,0,HOME_TEAM,1,0,10,11,3,3,5,3,R Jones
2025-05-03,2024-2025,Everton,Ipswich,2,2,DRAW,2,1,8,12,3,5,3,3,L Smith
2025-05-03,2024-2025,Leicester,Southampton,2,0,HOME_TEAM,2,0,14,8,4,2,7,7,D Webb
2025-05-03,2024-2025,Arsenal,Bournemouth,1,2,AWAY_TEAM,1,0,13,9,4,2,2,3,J Gillett
2025-05-04,2024-2025,Brentford,Man United,4,3,HOME_TEAM,2,1,12,14,6,5,7,4,A Taylor
2025-05-04,2024-2025,Brighton,Newcastle,1,1,DRAW,1,0,5,13,2,5,1,4,C Pawson
2025-05-04,2024-2025,West Ham,Tottenham,1,1,DRAW,1,1,11,7,2,2,1,3,M Oliver
2025-05-04,2024-2025,Chelsea,Liverpool,3,1,HOME_TEAM,1,0,17,11,7,2,3,6,S Hooper
2025-05-05,2024-2025,Crystal Palace,Nott'm Forest,1,1,DRAW,0,0,20,12,3,4,7,4,A Madley
2025-05-10,2024-2025,Bournemouth,Aston Villa,0,1,AWAY_TEAM,0,1,10,6,4,3,10,0,S Attwell
2025-05-10,2024-2025,Wolves,Brighton,0,2,AWAY_TEAM,0,1,10,7,3,2,7,4,M Oliver
2025-05-10,2024-2025,Southampton,Man City,0,0,DRAW,0,0,2,26,0,5,1,15,T Robinson
2025-05-10,2024-2025,Ipswich,Brentford,0,1,AWAY_TEAM,0,1,11,15,4,5,5,6,S Barrott
2025-05-10,2024-2025,Fulham,Everton,1,3,AWAY_TEAM,1,1,18,11,6,7,5,5,M Salisbury
2025-05-11,2024-2025,Newcastle,Chelsea,2,0,HOME_TEAM,1,0,15,10,6,3,2,8,J Brooks
2025-05-11,2024-2025,Man United,West Ham,0,2,AWAY_TEAM,0,1,20,9,5,4,8,5,J Gillett
2025-05-11,2024-2025,Nott'm Forest,Leicester,2,2,DRAW,1,1,15,10,4,6,4,4,T Harrington
2025-05-11,2024-2025,Tottenham,Crystal Palace,0,2,AWAY_TEAM,0,1,8,23,1,10,4,8,C Kavanagh
2025-05-11,2024-2025,Liverpool,Arsenal,2,2,DRAW,2,0,14,15,5,7,3,1,A Taylor
2025-05-16,2024-2025,Aston Villa,Tottenham,2,0,HOME_TEAM,0,0,18,3,7,1,9,1,P Bankes
2025-05-16,2024-2025,Chelsea,Man United,1,0,HOME_TEAM,0,0,11,4,3,1,7,2,C Kavanagh
2025-05-18,2024-2025,Everton,Southampton,2,0,HOME_TEAM,2,0,13,6,5,2,4,5,M Oliver
2025-05-18,2024-2025,West Ham,Nott'm Forest,1,2,AWAY_TEAM,0,1,16,10,5,5,8,7,S Barrott
2025-05-18,2024-2025,Brentford,Fulham,2,3,AWAY_TEAM,2,1,11,16,6,7,5,3,J Gillett
2025-05-18,2024-2025,Leicester,Ipswich,2,0,HOME_TEAM,1,0,9,20,3,2,2,2,A Kitchen
2025-05-18,2024-2025,Arsenal,Newcastle,1,0,HOME_TEAM,0,0,12,14,4,5,10,7,S Hooper
2025-05-19,2024-2025,Brighton,Liverpool,3,2,HOME_TEAM,1,2,25,18,12,5,3,3,J Brooks
2025-05-20,2024-2025,Man City,Bournemouth,3,1,HOME_TEAM,2,0,12,8,5,2,3,1,T Bramall
2025-05-20,2024-2025,Crystal Palace,Wolves,4,2,HOME_TEAM,2,1,14,12,10,3,0,10,D Webb
2025-05-25,2024-2025,Tottenham,Brighton,1,4,AWAY_TEAM,1,0,4,23,2,8,2,11,R Jones
2025-05-25,2024-2025,Wolves,Brentford,1,1,DRAW,0,1,18,13,6,7,8,3,C Pawson
2025-05-25,2024-2025,Nott'm Forest,Chelsea,0,1,AWAY_TEAM,0,0,10,6,2,2,7,4,A Taylor
2025-05-25,2024-2025,Newcastle,Everton,0,1,AWAY_TEAM,0,0,17,14,6,6,12,3,T Harrington
2025-05-25,2024-2025,Southampton,Arsenal,1,2,AWAY_TEAM,0,1,7,23,2,8,5,8,D Bond
2025-05-25,2024-2025,Liverpool,Crystal Palace,1,1,DRAW,0,1,14,8,3,5,11,0,D England
2025-05-25,2024-2025,Bournemouth,Leicester,2,0,HOME_TEAM,0,0,20,3,7,0,6,1,L Smith
2025-05-25,2024-2025,Fulham,Man City,0,2,AWAY_TEAM,0,1,13,20,3,5,1,6,A Madley
2025-05-25,2024-2025,Man United,Aston Villa,2,0,HOME_TEAM,0,0,25,6,10,1,4,3,T Bramall
2025-05-25,2024-2025,Ipswich,West Ham,1,3,AWAY_TEAM,0,1,14,10,4,6,4,0,T Robinson
2025-08-15,2025-2026,Liverpool,Bournemouth,4,2,HOME_TEAM,1,0,19,10,10,3,6,7,A Taylor
2025-08-16,2025-2026,Aston Villa,Newcastle,0,0,DRAW,0,0,3,16,3,3,3,6,C Pawson
2025-08-16,2025-2026,Brighton,Fulham,1,1,DRAW,0,0,10,7,4,2,4,3,S Barrott
2025-08-16,2025-2026,Sunderland,West Ham,3,0,HOME_TEAM,0,0,10,12,5,4,5,7,R Jones
2025-08-16,2025-2026,Tottenham,Burnley,3,0,HOME_TEAM,1,0,16,14,6,4,6,5,M Oliver
2025-08-16,2025-2026,Wolves,Man City,0,4,AWAY_TEAM,0,2,9,15,3,4,4,6,J Gillett
2025-08-17,2025-2026,Man United,Arsenal,0,1,AWAY_TEAM,0,1,22,9,7,3,3,4,S Hooper
2025-08-17,2025-2026,Nott'm Forest,Brentford,3,1,HOME_TEAM,3,0,11,10,5,3,5,5,P Bankes
2025-08-17,2025-2026,Chelsea,Crystal Palace,0,0,DRAW,0,0,19,12,3,4,11,2,D England
2025-08-18,2025-2026,Leeds,Everton,1,0,HOME_TEAM,0,0,21,7,3,1,7,2,C Kavanagh
2025-08-22,2025-2026,West Ham,Chelsea,1,5,AWAY_TEAM,1,3,12,12,4,7,7,5,M Oliver
2025-08-23,2025-2026,Man City,Tottenham,0,2,AWAY_TEAM,0,2,10,12,4,5,7,2,P Bankes
2025-08-23,2025-2026,Bournemouth,Wolves,1,0,HOME_TEAM,1,0,14,6,4,1,8,3,T Bramall
2025-08-23,2025-2026,Brentford,Aston Villa,1,0,HOME_TEAM,1,0,9,17,2,2,2,9,T Harrington
2025-08-23,2025-2026,Burnley,Sunderland,2,0,HOME_TEAM,0,0,7,9,2,1,4,3,M Salisbury
2025-08-23,2025-2026,Arsenal,Leeds,5,0,HOME_TEAM,2,0,18,3,5,1,2,2,J Gillett
2025-08-24,2025-2026,Fulham,Man United,1,1,DRAW,0,0,13,10,4,3,9,6,C Kavanagh
2025-08-24,2025-2026,Crystal Palace,Nott'm Forest,1,1,DRAW,1,0,8,9,4,1,1,3,A Taylor
2025-08-24,2025-2026,Everton,Brighton,2,0,HOME_TEAM,1,0,11,13,3,4,2,2,S Attwell
2025-08-25,2025-2026,Newcastle,Liverpool,2,3,AWAY_TEAM,0,1,10,5,3,4,7,1,S Hooper
2025-08-30,2025-2026,Chelsea,Fulham,2,0,HOME_TEAM,1,0,13,11,6,3,6,4,R Jones
2025-08-30,2025-2026,Man United,Burnley,3,2,HOME_TEAM,1,0,26,6,6,3,7,1,S Barrott
2025-08-30,2025-2026,Sunderland,Brentford,2,1,HOME_TEAM,0,0,12,7,3,4,3,4,A Taylor
2025-08-30,2025-2026,Tottenham,Bournemouth,0,1,AWAY_TEAM,0,1,5,20,1,6,0,8,S Hooper
2025-08-30,2025-2026,Wolves,Everton,2,3,AWAY_TEAM,1,2,12,10,4,4,2,2,M Oliver
2025-08-30,2025-2026,Leeds,Newcastle,0,0,DRAW,0,0,10,8,1,2,5,5,P Bankes
2025-08-31,2025-2026,Brighton,Man City,2,1,HOME_TEAM,0,1,12,12,7,3,3,2,D England
2025-08-31,2025-2026,Nott'm Forest,West Ham,0,3,AWAY_TEAM,0,0,11,12,3,8,9,7,C Pawson
2025-08-31,2025-2026,Liverpool,Arsenal,1,0,HOME_TEAM,0,0,9,11,3,1,3,8,C Kavanagh
2025-08-31,2025-2026,Aston Villa,Crystal Palace,0,3,AWAY_TEAM,0,1,13,6,4,4,10,1,S Attwell
2025-09-13,2025-2026,Newcastle,Wolves,1,0,HOME_TEAM,1,0,16,8,4,3,10,4,C Kavanagh
2025-09-13,2025-2026,Brentford,Chelsea,2,2,DRAW,1,0,7,16,4,6,5,6,S Attwell
2025-09-13,2025-2026,West Ham,Tottenham,0,3,AWAY_TEAM,0,0,7,14,4,5,2,13,J Gillett
2025-09-13,2025-2026,Fulham,Leeds,1,0,HOME_TEAM,0,0,5,10,3,3,3,3,C Pawson
2025-09-13,2025-2026,Arsenal,Nott'm Forest,3,0,HOME_TEAM,1,0,16,5,5,1,8,4,D England
2025-09-13,2025-2026,Crystal Palace,Sunderland,0,0,DRAW,0,0,14,6,6,0,5,3,T Bramall
2025-09-13,2025-2026,Bournemouth,Brighton,2,1,HOME_TEAM,1,0,13,6,5,2,4,4,P Bankes
2025-09-13,2025-2026,Everton,Aston Villa,0,0,DRAW,0,0,20,7,2,1,10,3,S Hooper
2025-09-14,2025-2026,Burnley,Liverpool,0,1,AWAY_TEAM,0,0,3,27,0,4,1,13,M Oliver
2025-09-14,2025-2026,Man City,Man United,3,0,HOME_TEAM,1,0,13,12,6,2,2,4,A Taylor
2025-09-20,2025-2026,Liverpool,Everton,2,1,HOME_TEAM,2,0,11,9,3,2,5,4,D England
2025-09-20,2025-2026,Brighton,Tottenham,2,2,DRAW,2,1,12,11,4,3,2,10,C Kavanagh
2025-09-20,2025-2026,Burnley,Nott'm Forest,1,1,DRAW,1,1,12,17,5,8,4,5,T Bramall
2025-09-20,2025-2026,West Ham,Crystal Palace,1,2,AWAY_TEAM,0,1,8,18,3,3,8,8,T Harrington
2025-09-20,2025-2026,Wolves,Leeds,1,3,AWAY_TEAM,1,3,16,6,6,4,4,0,A Taylor
2025-09-20,2025-2026,Man United,Chelsea,2,1,HOME_TEAM,2,0,11,5,4,1,5,5,P Bankes
2025-09-20,2025-2026,Fulham,Brentford,3,1,HOME_TEAM,2,1,14,8,3,3,2,10,M Oliver
2025-09-21,2025-2026,Arsenal,Man City,1,1,DRAW,0,1,12,5,3,3,11,2,S Attwell
2025-09-21,2025-2026,Sunderland,Aston Villa,1,1,DRAW,0,0,14,12,4,2,6,5,S Barrott
2025-09-21,2025-2026,Bournemouth,Newcastle,0,0,DRAW,0,0,11,4,2,1,5,2,R Jones
2025-09-27,2025-2026,Brentford,Man United,3,1,HOME_TEAM,2,1,10,14,8,6,4,2,C Pawson
2025-09-27,2025-2026,Chelsea,Brighton,1,3,AWAY_TEAM,1,0,13,12,3,3,5,7,S Hooper
2025-09-27,2025-2026,Crystal Palace,Liverpool,2,1,HOME_TEAM,1,0,16,20,7,4,2,6,C Kavanagh
2025-09-27,2025-2026,Leeds,Bournemouth,2,2,DRAW,1,1,19,12,8,5,7,4,M Oliver
2025-09-27,2025-2026,Man City,Burnley,5,1,HOME_TEAM,1,1,21,9,8,2,10,2,R Jones
2025-09-27,2025-2026,Nott'm Forest,Sunderland,0,1,AWAY_TEAM,0,1,22,11,6,3,7,4,T Harrington
2025-09-27,2025-2026,Tottenham,Wolves,1,1,DRAW,0,0,10,9,3,3,10,9,M Salisbury
2025-09-28,2025-2026,Aston Villa,Fulham,3,1,HOME_TEAM,1,1,9,11,4,4,2,8,A Madley
2025-09-28,2025-2026,Newcastle,Arsenal,1,2,AWAY_TEAM,1,0,8,20,3,7,7,12,J Gillett
2025-09-29,2025-2026,Everton,West Ham,1,1,DRAW,1,0,12,14,6,3,3,5,S Barrott
2025-10-03,2025-2026,Bournemouth,Fulham,3,1,HOME_TEAM,0,0,11,12,6,4,4,3,S Hooper
2025-10-04,2025-2026,Man United,Sunderland,2,0,HOME_TEAM,2,0,15,8,6,3,2,3,S Attwell
2025-10-04,2025-2026,Chelsea,Liverpool,2,1,HOME_TEAM,1,0,12,12,6,2,7,2,A Taylor
2025-10-04,2025-2026,Leeds,Tottenham,1,2,AWAY_TEAM,1,1,16,9,4,3,4,1,T Bramall
2025-10-04,2025-2026,Arsenal,West Ham,2,0,HOME_TEAM,1,0,21,4,5,0,8,3,J Brooks
2025-10-05,2025-2026,Aston Villa,Burnley,2,1,HOME_TEAM,1,0,15,5,7,2,6,4,A Kitchen
2025-10-05,2025-2026,Everton,Crystal Palace,2,1,HOME_TEAM,0,1,14,15,7,8,2,4,M Salisbury
2025-10-05,2025-2026,Newcastle,Nott'm Forest,2,0,HOME_TEAM,0,0,18,5,9,4,8,1,P Bankes
2025-10-05,2025-2026,Wolves,Brighton,1,1,DRAW,1,0,6,17,3,6,2,8,J Gillett
2025-10-05,2025-2026,Brentford,Man City,0,1,AWAY_TEAM,0,1,6,10,1,4,3,2,D England
2025-10-18,2025-2026,Nott'm Forest,Chelsea,0,3,AWAY_TEAM,0,0,12,17,2,6,5,2,C Kavanagh
2025-10-18,2025-2026,Brighton,Newcastle,2,1,HOME_TEAM,1,0,13,16,5,3,8,4,C Pawson
2025-10-18,2025-2026,Burnley,Leeds,2,0,HOME_TEAM,1,0,4,19,3,4,1,5,T Robinson
2025-10-18,2025-2026,Crystal Palace,Bournemouth,3,3,DRAW,0,2,20,8,7,5,6,5,J Gillett
2025-10-18,2025-2026,Man City,Everton,2,0,HOME_TEAM,0,0,19,5,7,1,11,3,T Harrington
2025-10-18,2025-2026,Sunderland,Wolves,2,0,HOME_TEAM,1,0,8,16,2,3,3,2,R Jones
2025-10-18,2025-2026,Fulham,Arsenal,0,1,AWAY_TEAM,0,0,9,16,0,5,6,10,A Taylor
2025-10-19,2025-2026,Liverpool,Man United,1,2,AWAY_TEAM,0,1,19,12,6,4,9,4,M Oliver
2025-10-19,2025-2026,Tottenham,Aston Villa,1,2,AWAY_TEAM,1,1,9,8,3,2,6,6,S Hooper
2025-10-20,2025-2026,West Ham,Brentford,0,2,AWAY_TEAM,0,1,7,22,1,7,6,10,A Madley
2025-10-24,2025-2026,Leeds,West Ham,2,1,HOME_TEAM,2,0,13,9,5,3,3,4,S Attwell
2025-10-25,2025-2026,Chelsea,Sunderland,1,2,AWAY_TEAM,1,1,16,10,7,4,9,1,A Madley
2025-10-25,2025-2026,Newcastle,Fulham,2,1,HOME_TEAM,1,0,18,12,7,5,4,3,P Bankes
2025-10-25,2025-2026,Man United,Brighton,4,2,HOME_TEAM,2,0,13,17,9,5,1,6,A Taylor
2025-10-25,2025-2026,Brentford,Liverpool,3,2,HOME_TEAM,2,1,17,18,8,5,5,4,S Hooper
2025-10-26,2025-2026,Arsenal,Crystal Palace,1,0,HOME_TEAM,1,0,10,7,3,1,4,3,T Bramall
2025-10-26,2025-2026,Aston Villa,Man City,1,0,HOME_TEAM,1,0,9,18,3,4,5,6,M Oliver
2025-10-26,2025-2026,Bournemouth,Nott'm Forest,2,0,HOME_TEAM,2,0,13,8,5,4,6,4,S Barrott
2025-10-26,2025-2026,Wolves,Burnley,2,3,AWAY_TEAM,2,2,15,11,7,7,5,3,T Harrington
2025-10-26,2025-2026,Everton,Tottenham,0,3,AWAY_TEAM,0,2,12,7,2,4,9,8,C Pawson
2025-11-01,2025-2026,Nott'm Forest,Man United,2,2,DRAW,0,1,17,18,3,7,8,5,D England
2025-11-01,2025-2026,Tottenham,Chelsea,0,1,AWAY_TEAM,0,1,3,15,1,9,6,5,J Gillett
2025-11-01,2025-2026,Fulham,Wolves,3,0,HOME_TEAM,1,0,19,5,6,2,10,1,J Brooks
2025-11-01,2025-2026,Liverpool,Aston Villa,2,0,HOME_TEAM,1,0,16,10,4,3,1,4,S Attwell
2025-11-01,2025-2026,Burnley,Arsenal,0,2,AWAY_TEAM,0,2,3,12,0,8,1,6,C Kavanagh
2025-11-01,2025-2026,Brighton,Leeds,3,0,HOME_TEAM,1,0,14,5,7,2,4,7,M Oliver
2025-11-01,2025-2026,Crystal Palace,Brentford,2,0,HOME_TEAM,1,0,9,6,2,2,6,5,P Bankes
2025-11-02,2025-2026,Man City,Bournemouth,3,1,HOME_TEAM,2,1,15,8,8,5,10,4,A Taylor
2025-11-02,2025-2026,West Ham,Newcastle,3,1,HOME_TEAM,2,1,15,12,9,4,7,6,R Jones
2025-11-03,2025-2026,Sunderland,Everton,1,1,DRAW,0,1,17,8,3,2,4,1,T Bramall
2025-11-08,2025-2026,Tottenham,Man United,2,2,DRAW,0,1,10,5,4,2,5,3,S Barrott
2025-11-08,2025-2026,Everton,Fulham,2,0,HOME_TEAM,1,0,14,8,5,4,7,5,A Madley
2025-11-08,2025-2026,West Ham,Burnley,3,2,HOME_TEAM,1,1,15,16,6,7,7,4,M Salisbury
2025-11-08,2025-2026,Sunderland,Arsenal,2,2,DRAW,1,0,6,17,2,7,2,2,C Pawson
2025-11-08,2025-2026,Chelsea,Wolves,3,0,HOME_TEAM,0,0,20,3,8,0,10,1,A Kitchen
2025-11-09,2025-2026,Aston Villa,Bournemouth,4,0,HOME_TEAM,2,0,16,13,8,4,6,9,J Brooks
2025-11-09,2025-2026,Brentford,Newcastle,3,1,HOME_TEAM,0,1,15,5,7,1,6,2,S Attwell
2025-11-09,2025-2026,Crystal Palace,Brighton,0,0,DRAW,0,0,10,7,2,3,4,8,T Robinson
2025-11-09,2025-2026,Nott'm Forest,Leeds,3,1,HOME_TEAM,1,1,14,10,6,3,6,4,J Gillett
2025-11-09,2025-2026,Man City,Liverpool,3,0,HOME_TEAM,2,0,14,7,6,1,7,7,C Kavanagh
2025-11-22,2025-2026,Newcastle,Man City,2,1,HOME_TEAM,0,0,9,17,5,4,5,9,S Barrott
2025-11-22,2025-2026,Wolves,Crystal Palace,0,2,AWAY_TEAM,0,0,8,10,1,4,1,4,A Taylor
2025-11-22,2025-2026,Fulham,Sunderland,1,0,HOME_TEAM,0,0,24,4,6,2,7,4,D England
2025-11-22,2025-2026,Liverpool,Nott'm Forest,0,3,AWAY_TEAM,0,1,21,15,4,7,8,6,A Madley
2025-11-22,2025-2026,Brighton,Brentford,2,1,HOME_TEAM,0,1,14,10,5,4,7,4,C Kavanagh
2025-11-22,2025-2026,Bournemouth,West Ham,2,2,DRAW,0,2,28,5,10,2,9,2,T Bramall
2025-11-22,2025-2026,Burnley,Chelsea,0,2,AWAY_TEAM,0,1,8,15,2,5,1,9,P Bankes
2025-11-23,2025-2026,Leeds,Aston Villa,1,2,AWAY_TEAM,1,0,14,14,5,3,3,3,R Jones
2025-11-23,2025-2026,Arsenal,Tottenham,4,1,HOME_TEAM,2,0,17,3,8,2,4,1,M Oliver
2025-11-24,2025-2026,Man United,Everton,0,1,AWAY_TEAM,0,1,25,3,6,1,9,1,T Harrington
2025-11-29,2025-2026,Tottenham,Fulham,1,2,AWAY_TEAM,0,2,14,7,2,3,8,2,S Attwell
2025-11-29,2025-2026,Everton,Newcastle,1,4,AWAY_TEAM,0,3,10,13,2,8,8,7,C Pawson
2025-11-29,2025-2026,Sunderland,Bournemouth,3,2,HOME_TEAM,1,2,12,18,6,6,6,3,T Robinson
2025-11-29,2025-2026,Man City,Leeds,3,2,HOME_TEAM,2,0,18,9,9,4,8,1,P Bankes
2025-11-29,2025-2026,Brentford,Burnley,3,1,HOME_TEAM,0,0,14,6,4,2,5,6,S Barrott
2025-11-30,2025-2026,Crystal Palace,Man United,1,2,AWAY_TEAM,1,0,14,14,3,6,4,4,R Jones
2025-11-30,2025-2026,Aston Villa,Wolves,1,0,HOME_TEAM,0,0,16,9,6,4,7,3,C Kavanagh
2025-11-30,2025-2026,Nott'm Forest,Brighton,0,2,AWAY_TEAM,0,1,19,17,3,6,9,2,M Oliver
2025-11-30,2025-2026,West Ham,Liverpool,0,2,AWAY_TEAM,0,0,7,9,0,5,7,2,D England
2025-11-30,2025-2026,Chelsea,Arsenal,1,1,DRAW,0,0,11,8,4,4,3,3,A Taylor
2025-12-02,2025-2026,Newcastle,Tottenham,2,2,DRAW,0,0,19,8,7,2,11,8,T Bramall
2025-12-02,2025-2026,Bournemouth,Everton,0,1,AWAY_TEAM,0,0,5,13,2,3,1,6,M Salisbury
2025-12-02,2025-2026,Fulham,Man City,4,5,AWAY_TEAM,1,3,12,11,6,4,7,2,C Pawson
2025-12-03,2025-2026,Arsenal,Brentford,2,0,HOME_TEAM,1,0,15,6,7,1,4,8,T Harrington
2025-12-03,2025-2026,Brighton,Aston Villa,3,4,AWAY_TEAM,2,2,16,14,7,10,5,6,A Madley
2025-12-03,2025-2026,Burnley,Crystal Palace,0,1,AWAY_TEAM,0,1,11,3,4,3,3,4,T Kirk
2025-12-03,2025-2026,Wolves,Nott'm Forest,0,1,AWAY_TEAM,0,0,5,10,1,3,3,9,T Robinson
2025-12-03,2025-2026,Leeds,Chelsea,3,1,HOME_TEAM,2,0,17,14,5,2,4,2,D England
2025-12-03,2025-2026,Liverpool,Sunderland,1,1,DRAW,0,0,23,9,4,6,7,3,S Attwell
2025-12-04,2025-2026,Man United,West Ham,1,1,DRAW,0,0,17,11,4,3,6,6,A Kitchen
2025-12-06,2025-2026,Aston Villa,Arsenal,2,1,HOME_TEAM,1,0,15,15,6,9,3,3,P Bankes
2025-12-06,2025-2026,Bournemouth,Chelsea,0,0,DRAW,0,0,13,11,5,4,5,0,M Oliver
2025-12-06,2025-2026,Everton,Nott'm Forest,3,0,HOME_TEAM,2,0,11,7,5,3,6,3,C Kavanagh
2025-12-06,2025-2026,Man City,Sunderland,3,0,HOME_TEAM,2,0,18,8,6,1,6,5,A Madley
2025-12-06,2025-2026,Newcastle,Burnley,2,1,HOME_TEAM,2,0,17,9,7,3,9,9,S Attwell
2025-12-06,2025-2026,Tottenham,Brentford,2,0,HOME_TEAM,2,0,15,4,7,1,7,6,R Jones
2025-12-06,2025-2026,Leeds,Liverpool,3,3,DRAW,0,0,12,16,5,7,5,4,A Taylor
2025-12-07,2025-2026,Fulham,Crystal Palace,1,2,AWAY_TEAM,1,1,12,11,4,5,6,4,S Barrott
2025-12-07,2025-2026,Brighton,West Ham,1,1,DRAW,0,0,22,14,4,5,10,6,S Hooper
2025-12-08,2025-2026,Wolves,Man United,1,4,AWAY_TEAM,1,1,8,27,2,10,1,9,M Salisbury
2025-12-13,2025-2026,Chelsea,Everton,2,0,HOME_TEAM,2,0,17,11,5,2,4,7,T Bramall
2025-12-13,2025-2026,Liverpool,Brighton,2,0,HOME_TEAM,1,0,18,14,4,1,2,2,C Pawson
2025-12-13,2025-2026,Burnley,Fulham,2,3,AWAY_TEAM,1,2,16,6,8,4,10,4,M Oliver
2025-12-13,2025-2026,Arsenal,Wolves,2,1,HOME_TEAM,0,0,16,3,2,2,8,0,R Jones
2025-12-14,2025-2026,Crystal Palace,Man City,0,3,AWAY_TEAM,0,1,16,7,4,6,2,2,D England
2025-12-14,2025-2026,Nott'm Forest,Tottenham,3,0,HOME_TEAM,1,0,15,6,6,1,3,3,S Barrott
2025-12-14,2025-2026,Sunderland,Newcastle,1,0,HOME_TEAM,0,0,5,6,1,2,3,6,P Bankes
2025-12-14,2025-2026,West Ham,Aston Villa,2,3,AWAY_TEAM,2,1,10,7,3,4,5,3,A Taylor
2025-12-14,2025-2026,Brentford,Leeds,1,1,DRAW,0,0,7,18,2,4,0,3,J Brooks
2025-12-15,2025-2026,Man United,Bournemouth,4,4,DRAW,2,1,25,14,9,9,5,4,S Hooper
2025-12-20,2025-2026,Leeds,Crystal Palace,4,1,HOME_TEAM,2,0,20,9,8,3,9,5,T Bramall
2025-12-20,2025-2026,Everton,Arsenal,0,1,AWAY_TEAM,0,1,5,13,1,2,2,3,S Barrott
2025-12-20,2025-2026,Tottenham,Liverpool,1,2,AWAY_TEAM,0,0,15,8,4,4,2,6,J Brooks
2025-12-20,2025-2026,Man City,West Ham,3,0,HOME_TEAM,2,0,17,7,8,3,6,0,P Tierney
2025-12-20,2025-2026,Brighton,Sunderland,0,0,DRAW,0,0,16,14,4,6,3,4,D England
2025-12-20,2025-2026,Bournemouth,Burnley,1,1,DRAW,0,0,16,4,1,1,5,3,C Kavanagh
2025-12-20,2025-2026,Newcastle,Chelsea,2,2,DRAW,2,0,11,13,5,4,6,4,A Madley
2025-12-20,2025-2026,Wolves,Brentford,0,2,AWAY_TEAM,0,0,9,7,2,6,3,4,M Donohue
2025-12-21,2025-2026,Aston Villa,Man United,2,1,HOME_TEAM,1,1,12,15,4,6,5,5,M Oliver
2025-12-22,2025-2026,Fulham,Nott'm Forest,1,0,HOME_TEAM,1,0,11,12,1,2,1,5,A Taylor
2025-12-26,2025-2026,Man United,Newcastle,1,0,HOME_TEAM,1,0,10,16,4,3,2,11,A Taylor
2025-12-27,2025-2026,Chelsea,Aston Villa,1,2,AWAY_TEAM,1,0,14,11,3,8,6,7,S Attwell
2025-12-27,2025-2026,Nott'm Forest,Man City,1,2,AWAY_TEAM,0,0,7,16,2,5,5,5,R Jones
2025-12-27,2025-2026,Arsenal,Brighton,2,1,HOME_TEAM,1,0,24,8,6,3,7,2,J Brooks
2025-12-27,2025-2026,Brentford,Bournemouth,4,1,HOME_TEAM,2,0,15,20,7,10,2,15,P Bankes
2025-12-27,2025-2026,Burnley,Everton,0,0,DRAW,0,0,16,15,0,6,6,5,C Pawson
2025-12-27,2025-2026,Liverpool,Wolves,2,1,HOME_TEAM,2,0,14,9,4,4,6,4,S Hooper
2025-12-27,2025-2026,West Ham,Fulham,0,1,AWAY_TEAM,0,0,11,15,2,4,5,4,C Kavanagh
2025-12-28,2025-2026,Crystal Palace,Tottenham,0,1,AWAY_TEAM,0,1,15,8,2,4,3,2,J Gillett
2025-12-28,2025-2026,Sunderland,Leeds,1,1,DRAW,1,0,8,17,3,6,3,9,T Harrington
2025-12-30,2025-2026,Burnley,Newcastle,1,3,AWAY_TEAM,1,2,15,20,4,9,3,4,R Jones
2025-12-30,2025-2026,Chelsea,Bournemouth,2,2,DRAW,2,2,17,17,3,6,12,3,S Barrott
2025-12-30,2025-2026,Nott'm Forest,Everton,0,2,AWAY_TEAM,0,1,21,11,6,3,9,2,M Oliver
2025-12-30,2025-2026,West Ham,Brighton,2,2,DRAW,2,1,10,16,4,6,5,5,M Salisbury
2025-12-30,2025-2026,Arsenal,Aston Villa,4,1,HOME_TEAM,0,0,22,11,7,3,3,3,D England
2025-12-30,2025-2026,Man United,Wolves,1,1,DRAW,1,1,15,11,6,4,8,4,T Bramall
2026-01-01,2025-2026,Sunderland,Man City,0,0,DRAW,0,0,10,14,4,4,3,5,J Gillett
2026-01-01,2025-2026,Crystal Palace,Fulham,1,1,DRAW,1,0,11,17,2,5,6,3,T Harrington
2026-01-01,2025-2026,Liverpool,Leeds,0,0,DRAW,0,0,19,4,4,2,8,3,C Kavanagh
2026-01-01,2025-2026,Brentford,Tottenham,0,0,DRAW,0,0,7,9,2,3,3,1,A Madley
2026-01-03,2025-2026,Brighton,Burnley,2,0,HOME_TEAM,1,0,15,5,4,3,4,4,T Robinson
2026-01-03,2025-2026,Wolves,West Ham,3,0,HOME_TEAM,3,0,11,6,8,0,6,7,P Bankes
2026-01-03,2025-2026,Aston Villa,Nott'm Forest,3,1,HOME_TEAM,1,0,11,10,4,5,4,4,S Hooper
2026-01-03,2025-2026,Bournemouth,Arsenal,2,3,AWAY_TEAM,1,1,15,12,3,5,7,5,C Kavanagh
2026-01-04,2025-2026,Man City,Chelsea,1,1,DRAW,1,0,14,8,3,3,8,2,M Oliver
2026-01-04,2025-2026,Fulham,Liverpool,2,2,DRAW,1,0,8,10,2,2,3,8,C Pawson
2026-01-04,2025-2026,Tottenham,Sunderland,1,1,DRAW,1,0,13,10,5,3,3,5,S Attwell
2026-01-04,2025-2026,Newcastle,Crystal Palace,2,0,HOME_TEAM,0,0,12,11,7,1,8,6,J Brooks
2026-01-04,2025-2026,Everton,Brentford,2,4,AWAY_TEAM,0,1,14,11,6,7,4,5,A Taylor
2026-01-04,2025-2026,Leeds,Man United,1,1,DRAW,0,0,11,15,3,2,6,4,J Gillett
2026-01-06,2025-2026,West Ham,Nott'm Forest,1,2,AWAY_TEAM,1,0,14,13,3,5,6,5,T Harrington
2026-01-07,2025-2026,Bournemouth,Tottenham,3,2,HOME_TEAM,2,1,11,16,3,4,3,7,D England
2026-01-07,2025-2026,Brentford,Sunderland,3,0,HOME_TEAM,1,0,18,11,6,3,7,4,M Donohue
2026-01-07,2025-2026,Crystal Palace,Aston Villa,0,0,DRAW,0,0,11,15,5,3,3,5,A Madley
2026-01-07,2025-2026,Everton,Wolves,1,1,DRAW,1,0,13,13,2,4,2,7,T Kirk
2026-01-07,2025-2026,Fulham,Chelsea,2,1,HOME_TEAM,0,0,16,14,5,6,2,11,P Bankes
2026-01-07,2025-2026,Man City,Brighton,1,1,DRAW,1,0,22,6,6,3,6,2,T Bramall
2026-01-07,2025-2026,Burnley,Man United,2,2,DRAW,1,0,7,30,1,10,2,6,S Attwell
2026-01-07,2025-2026,Newcastle,Leeds,4,3,HOME_TEAM,1,2,18,14,8,6,8,4,M Salisbury
2026-01-08,2025-2026,Arsenal,Liverpool,0,0,DRAW,0,0,9,8,4,0,3,0,A Taylor
2026-01-17,2025-2026,Nott'm Forest,Arsenal,0,0,DRAW,0,0,6,15,0,3,4,9,M Oliver
2026-01-17,2025-2026,Tottenham,West Ham,1,2,AWAY_TEAM,0,1,21,17,6,4,11,5,J Gillett
2026-01-17,2025-2026,Sunderland,Crystal Palace,2,1,HOME_TEAM,1,1,13,6,7,2,3,4,R Jones
2026-01-17,2025-2026,Leeds,Fulham,1,0,HOME_TEAM,0,0,14,8,5,1,7,3,C Kavanagh
2026-01-17,2025-2026,Chelsea,Brentford,2,0,HOME_TEAM,1,0,6,15,2,5,3,9,J Brooks
2026-01-17,2025-2026,Man United,Man City,2,0,HOME_TEAM,0,0,11,7,7,1,1,6,A Taylor
2026-01-17,2025-2026,Liverpool,Burnley,1,1,DRAW,1,0,32,7,11,1,9,1,A Madley
2026-01-18,2025-2026,Wolves,Newcastle,0,0,DRAW,0,0,6,12,2,2,4,7,S Barrott
2026-01-18,2025-2026,Aston Villa,Everton,0,1,AWAY_TEAM,0,0,18,9,5,3,6,4,T Harrington
2026-01-19,2025-2026,Brighton,Bournemouth,1,1,DRAW,0,1,17,11,5,2,11,6,P Tierney
2026-01-24,2025-2026,West Ham,Sunderland,3,1,HOME_TEAM,3,0,13,7,5,2,3,3,T Bramall
2026-01-24,2025-2026,Burnley,Tottenham,2,2,DRAW,1,1,9,18,4,11,1,3,P Bankes
2026-01-24,2025-2026,Fulham,Brighton,2,1,HOME_TEAM,0,1,12,13,4,5,6,6,M Oliver
2026-01-24,2025-2026,Man City,Wolves,2,0,HOME_TEAM,2,0,11,11,4,1,4,6,F Hallam
2026-01-24,2025-2026,Bournemouth,Liverpool,3,2,HOME_TEAM,2,1,12,14,5,4,3,11,M Salisbury
2026-01-25,2025-2026,Newcastle,Aston Villa,0,2,AWAY_TEAM,0,1,15,14,4,8,6,5,J Gillett
2026-01-25,2025-2026,Brentford,Nott'm Forest,0,2,AWAY_TEAM,0,1,10,7,1,2,6,5,S Barrott
2026-01-25,2025-2026,Crystal Palace,Chelsea,1,3,AWAY_TEAM,0,1,13,10,7,6,4,5,D England
2026-01-25,2025-2026,Arsenal,Man United,2,3,AWAY_TEAM,1,1,15,10,4,3,9,2,C Pawson
2026-01-26,2025-2026,Everton,Leeds,1,1,DRAW,0,1,10,14,3,4,4,4,S Hooper
2026-01-31,2025-2026,Brighton,Everton,1,1,DRAW,0,0,11,7,2,4,5,2,C Kavanagh
2026-01-31,2025-2026,Leeds,Arsenal,0,4,AWAY_TEAM,0,2,3,14,1,8,4,12,S Attwell
2026-01-31,2025-2026,Wolves,Bournemouth,0,2,AWAY_TEAM,0,1,17,9,7,4,5,6,M Oliver
2026-01-31,2025-2026,Chelsea,West Ham,3,2,HOME_TEAM,0,2,14,11,6,6,9,3,A Taylor
2026-01-31,2025-2026,Liverpool,Newcastle,4,1,HOME_TEAM,2,1,17,8,7,2,7,11,S Hooper
2026-02-01,2025-2026,Aston Villa,Brentford,0,1,AWAY_TEAM,0,1,27,6,5,2,12,1,T Robinson
2026-02-01,2025-2026,Man United,Fulham,3,2,HOME_TEAM,1,0,13,14,6,6,3,7,J Brooks
2026-02-01,2025-2026,Nott'm Forest,Crystal Palace,1,1,DRAW,1,1,9,14,1,3,5,7,M Salisbury
2026-02-01,2025-2026,Tottenham,Man City,2,2,DRAW,0,2,12,15,6,3,3,4,R Jones
2026-02-02,2025-2026,Sunderland,Burnley,3,0,HOME_TEAM,2,0,14,5,5,0,1,2,P Tierney
2026-02-06,2025-2026,Leeds,Nott'm Forest,3,1,HOME_TEAM,2,0,14,16,5,6,5,10,P Bankes
2026-02-07,2025-2026,Newcastle,Brentford,2,3,AWAY_TEAM,1,2,16,11,4,5,9,3,A Madley
2026-02-07,2025-2026,Wolves,Chelsea,1,3,AWAY_TEAM,0,3,11,15,3,6,3,4,J Gillett
2026-02-07,2025-2026,Burnley,West Ham,0,2,AWAY_TEAM,0,2,18,6,5,4,5,2,D England
2026-02-07,2025-2026,Fulham,Everton,1,2,AWAY_TEAM,1,0,13,16,3,3,6,6,S Attwell
2026-02-07,2025-2026,Arsenal,Sunderland,3,0,HOME_TEAM,1,0,16,5,5,3,5,2,S Barrott
2026-02-07,2025-2026,Man United,Tottenham,2,0,HOME_TEAM,1,0,23,7,10,1,7,0,M Oliver
2026-02-07,2025-2026,Bournemouth,Aston Villa,1,1,DRAW,0,1,20,7,9,4,11,4,A Taylor
2026-02-08,2025-2026,Brighton,Crystal Palace,0,1,AWAY_TEAM,0,0,7,7,2,4,3,4,T Bramall
2026-02-08,2025-2026,Liverpool,Man City,1,2,AWAY_TEAM,0,0,15,17,4,7,5,4,C Pawson
2026-02-10,2025-2026,Chelsea,Leeds,2,2,DRAW,1,0,19,4,4,2,4,1,R Jones
2026-02-10,2025-2026,Everton,Bournemouth,1,2,AWAY_TEAM,1,0,16,11,6,4,7,2,A Madley
2026-02-10,2025-2026,Tottenham,Newcastle,1,2,AWAY_TEAM,0,1,16,21,2,5,2,12,A Taylor
2026-02-10,2025-2026,West Ham,Man United,1,1,DRAW,0,0,7,9,3,3,5,3,S Hooper
2026-02-11,2025-2026,Aston Villa,Brighton,1,0,HOME_TEAM,0,0,15,9,1,3,7,5,P Bankes
2026-02-11,2025-2026,Crystal Palace,Burnley,2,3,AWAY_TEAM,2,3,21,8,3,3,8,2,F Hallam
2026-02-11,2025-2026,Man City,Fulham,3,0,HOME_TEAM,3,0,13,14,5,3,4,4,P Tierney
2026-02-11,2025-2026,Nott'm Forest,Wolves,0,0,DRAW,0,0,35,7,10,3,8,2,T Robinson
2026-02-11,2025-2026,Sunderland,Liverpool,0,1,AWAY_TEAM,0,0,11,23,2,3,3,11,C Kavanagh
2026-02-12,2025-2026,Brentford,Arsenal,1,1,DRAW,0,0,12,7,3,2,6,4,J Brooks
2026-02-18,2025-2026,Wolves,Arsenal,2,2,DRAW,0,1,5,10,2,4,1,3,P Tierney
2026-02-21,2025-2026,West Ham,Bournemouth,0,0,DRAW,0,0,20,10,3,5,9,5,S Barrott
2026-02-21,2025-2026,Chelsea,Burnley,1,1,DRAW,1,0,12,12,2,4,9,5,L Smith
2026-02-21,2025-2026,Man City,Newcastle,2,1,HOME_TEAM,2,1,15,13,7,7,5,5,T Bramall
2026-02-21,2025-2026,Aston Villa,Leeds,1,1,DRAW,0,1,16,14,4,4,7,2,M Oliver
2026-02-21,2025-2026,Brentford,Brighton,0,2,AWAY_TEAM,0,2,13,11,3,7,6,4,J Gillett
2026-02-22,2025-2026,Sunderland,Fulham,1,3,AWAY_TEAM,0,0,12,12,2,4,6,4,C Pawson
2026-02-22,2025-2026,Tottenham,Arsenal,1,4,AWAY_TEAM,1,1,6,20,5,7,2,5,P Bankes
2026-02-22,2025-2026,Crystal Palace,Wolves,1,0,HOME_TEAM,0,0,14,12,3,7,7,3,T Kirk
2026-02-22,2025-2026,Nott'm Forest,Liverpool,0,1,AWAY_TEAM,0,0,18,10,2,4,7,2,A Taylor
2026-02-23,2025-2026,Everton,Man United,0,1,AWAY_TEAM,0,0,12,11,4,3,10,1,D England
